product_id;sku;model;product_name;price;quantity;status;date_available;date_modified;exported_at
1465746480;00001-131;00001-131;Комплект Speidel Braumeister PLUS 20 л — автоматична пивоварня з аксесуарами;139150.0000;999;1;2026-05-08;2026-06-30 23:01:06;2026-07-01 10:47:59
1465746481;00001-181;00001-181;Комплект Speidel Braumeister PLUS 50 л — автоматична пивоварня з аксесуарами;167475.0000;999;1;2026-05-08;2026-05-08 13:15:56;2026-07-01 10:47:59
1465746484;00001-230;00001-230;Комплект автоматичної пивоварні Speidel Braumeister 200 л;962500.0000;999;1;2026-05-08;2026-06-30 23:01:06;2026-07-01 10:47:59
1465746489;00001-91;00001-91;Набір Speidel Braumeister PLUS 10 л — автоматична пивоварня з аксесуарами;125510.0000;999;1;2026-05-08;2026-06-30 23:01:06;2026-07-01 10:47:59
668;00002-10;00002-10;Подрібнювач яблук і груш для соку і Гідропрес з нержавіючої сталі 40л;87550.0000;999;1;0000-00-00;2026-06-30 23:00:14;2026-07-01 10:47:59
839;00100;00100;колона VM;9200.0000;999;1;0000-00-00;2026-06-30 23:00:17;2026-07-01 10:47:59
840;00101;00101;"колона LM 2&quot;";7030.0000;0;1;0000-00-00;2026-06-30 23:00:18;2026-07-01 10:47:59
841;00102;00102;"колона LM &quot;клюшка&quot;";7030.0000;0;1;0000-00-00;2026-06-30 23:00:18;2026-07-01 10:47:59
177;01.03.07.01.02.02;01.03.07.01.02.02;Пивні дріжджі Safale US-05 - 11,5 гр;170.0000;0;1;0000-00-00;2026-06-30 23:01:10;2026-07-01 10:47:59
508;01.03.07.01.03.05;01.03.07.01.03.05;Пивні дріжджі Safale Т-58 11.5гр;110.0000;0;1;0000-00-00;2026-06-30 23:01:14;2026-07-01 10:47:59
385;04.03.27;04.03.27;Хмель  Citra® (USA) 50 гр., α-12.5%;240.0000;0;1;0000-00-00;2026-06-30 23:01:13;2026-07-01 10:47:59
679;06.03.03;06.03.03;Хміль Mosaic® (USA) 50 g;249.0000;0;1;0000-00-00;2026-06-30 23:01:15;2026-07-01 10:47:59
940;06.05.02;06.05.02;Хміль Chinook ® (USA) 50 g, α-11,4%;208.0000;0;1;0000-00-00;2026-06-30 23:01:22;2026-07-01 10:47:59
396;060938030100;060938030100;Ручка для міні КЕГ 5л;25.0000;985;1;0000-00-00;2026-06-30 23:00:09;2026-07-01 10:47:59
704;07046;07046;Органічний солод Organic Pilsen;100.0000;0;1;0000-00-00;2026-06-30 23:00:14;2026-07-01 10:47:59
707;07077;07077;Солод органічний Organic Maris Otter PA Malt;100.0000;0;1;0000-00-00;2026-06-30 23:00:14;2026-07-01 10:47:59
708;07084;07084;Солод органічний Organic Roast Barley;160.0000;0;1;0000-00-00;2026-06-30 23:00:14;2026-07-01 10:47:59
1465746063;100000012;100000012;Циліндр вимірювальний скляний з носиком 50 мл.;68.0000;0;1;2025-03-07;2026-06-30 23:01:40;2026-07-01 10:47:59
1465746062;100000017;100000017;Циліндр вимірювальний пластиковий з носиком 50 мл.;35.0000;2;1;2025-03-07;2026-06-30 23:01:40;2026-07-01 10:47:59
1465746060;100000019;100000019;Стакан вимірювальний пластиковий 1000 мл.;99.0000;0;1;2025-03-07;2026-06-30 23:01:40;2026-07-01 10:47:59
1465746072;100000036;100000036;Нагрівач скляний з терморегулятором Xilong XL-999 100W для акваріума 100 л;253.0000;0;1;2025-03-07;2026-06-30 23:01:40;2026-07-01 10:47:59
1465746106;100000037;100000037;Нагрівач металевий з терморегулятором Xilong XL-999 100W для акваріума 100 л;360.0000;0;1;2025-03-07;2026-06-30 23:01:42;2026-07-01 10:47:59
1465746074;100000038;100000038;Регулятор напруги 4 кВт (пікове) з активним охолодженням | Робоче навантаження 2-2,5 кВт!;390.0000;0;1;2025-03-07;2026-06-30 23:01:41;2026-07-01 10:47:59
1465746045;100000039;100000039;Регулятор напруги 10 кВт (пікове) з кнопками і дисплеєм | Робоче навантаження- 5-6 кВт!;1425.0000;1;1;2025-03-05;2026-06-30 23:01:41;2026-07-01 10:47:59
1465746054;100000048;100000048;Кран голчастий латунь 8мм;105.0000;5;1;2025-03-07;2026-06-30 23:01:40;2026-07-01 10:47:59
1465746056;100000049;100000049;Кран голчастий латунь 10 мм;120.0000;5;1;2025-03-07;2026-06-30 23:01:40;2026-07-01 10:47:59
1465746064;100000069;100000069;Фітинг латунний для Пневмошланг МАМА, 10 мм, різьба 1,2;30.0000;6;1;2025-03-07;2026-06-30 23:01:40;2026-07-01 10:47:59
1465746065;100000070;100000070;Фітинг латунний для Пневмошланг МАМА, 12мм, різьблення 1,2;30.0000;10;1;2025-03-07;2026-06-30 23:01:40;2026-07-01 10:47:59
1465746066;100000077;100000077;Фітинг латунний для Пневмошланг ТАТО, 10 мм, різьба 1/2;23.0000;6;1;2025-03-07;2026-06-30 23:01:40;2026-07-01 10:47:59
1465746067;100000078;100000078;Фітинг латунний для Пневмошланг ТАТО, 12 мм, різьба 1/2;30.0000;7;1;2025-03-07;2026-06-30 23:01:40;2026-07-01 10:47:59
1465746053;100000081;100000081;Гумовий перехідник на кран без різьби;29.0000;0;1;2025-03-07;2026-06-30 23:01:40;2026-07-01 10:47:59
1465746085;100000096;100000096;Перехідник з клампа DN1.5 на DN2;255.0000;5;1;2025-03-07;2026-06-30 23:01:41;2026-07-01 10:47:59
1465746089;100000112;100000112;Перегінний куб 17л з купольною кришкою 2 дюйми;4017.0000;0;1;2025-03-07;2026-06-30 23:01:41;2026-07-01 10:47:59
1465746090;100000113;100000113;Перегінний куб 25л з купольною кришкою під кламп;6150.0000;0;1;2025-03-07;2026-06-30 23:01:41;2026-07-01 10:47:59
1465746091;100000114;100000114;Перегінний куб 36л з купольною кришкою під кламп;7050.0000;0;1;2025-03-07;2026-06-30 23:01:41;2026-07-01 10:47:59
1236;100000121;100000121;"Силіконова прокладка з сіткою для КЛАМП 2&quot;, 2мм";63.0000;0;1;0000-00-00;2026-06-30 23:01:25;2026-07-01 10:47:59
1465746055;100000128;100000128;Кран голчастий сталевий 8 мм;285.0000;6;1;2025-03-07;2026-06-30 23:01:40;2026-07-01 10:47:59
1465746057;100000129;100000129;Кран голчастий сталевий 10мм;300.0000;6;1;2025-03-07;2026-06-30 23:01:40;2026-07-01 10:47:59
1465746051;100000131;100000131;Дробарка (млин) для солоду двовальцева-роликова;4499.0000;4;1;2025-03-07;2026-06-30 23:01:40;2026-07-01 10:47:59
1311;10000013115;10000013115;Винні дріжджі UVAFERM® CEG 0,5kg;1260.0000;5;1;0000-00-00;2026-06-30 23:01:26;2026-07-01 10:47:59
1314;10000013146;10000013146;ПЕТ Кег 30л з фітингом A;265.0000;0;1;0000-00-00;2026-06-30 23:00:24;2026-07-01 10:47:59
1465746070;100000135;100000135;Ніпель для монтажу цифрового термометра щупа-голчастого від 3 мм до 6 мм;30.0000;0;1;2025-03-07;2026-06-30 23:01:40;2026-07-01 10:47:59
1465746059;100000144;100000144;Кран шароовий повітряний латунь 10-10 мм;42.0000;0;1;2025-03-07;2026-06-30 23:01:40;2026-07-01 10:47:59
1465746058;100000147;100000147;Кран металевий зливний 16 мм;282.0000;9;1;2025-03-07;2026-06-30 23:01:40;2026-07-01 10:47:59
1465746069;100000155;100000155;Фільтр Базука 30 см;192.0000;0;1;2025-03-07;2026-06-30 23:01:40;2026-07-01 10:47:59
1465746080;100000157;100000157;Регулятор напруги 4кВт (пікове) з проводом та дисплеєм| Робоче навантаження 2-2,5 кВт!;1035.0000;0;1;2025-03-07;2026-06-30 23:01:41;2026-07-01 10:47:59
1465746068;100000158;100000158;Мішок для затирання хмелю і солоду 10х15 МС200;27.0000;5;1;2025-03-07;2026-06-30 23:01:40;2026-07-01 10:47:59
1465746086;100000163;100000163;Силіконова прокладка (ущільнювач) П-образна для кубів 17л. (D 28см);263.0000;0;1;2025-03-07;2026-06-30 23:01:41;2026-07-01 10:47:59
1465746087;100000164;100000164;Силіконова прокладка (ущільнювач) П-подібна для кубів 25л. (D 31см);296.0000;0;1;2025-03-07;2026-06-30 23:01:41;2026-07-01 10:47:59
1465746088;100000166;100000166;Силіконова прокладка (ущільнювач) П-подібна для кубів 50л. D 39см);417.0000;2;1;2025-03-07;2026-06-30 23:01:41;2026-07-01 10:47:59
1465746075;100000173;100000173;"Перехідник з DN 1.5&quot; на трубку 10мм";135.0000;5;1;2025-03-07;2026-06-30 23:01:41;2026-07-01 10:47:59
1465746076;100000174;100000174;Перехідник з DN 2 на трубку 10мм;179.0000;7;1;2025-03-07;2026-06-30 23:01:41;2026-07-01 10:47:59
1465746052;100000190;100000190;Вугільна колона для фільтрації з нержавіючої сталі;975.0000;0;1;2025-03-07;2026-06-30 23:01:40;2026-07-01 10:47:59
1465746081;100000197;100000197;Перехідник латунний для шланга 8мм;29.0000;0;1;2025-03-07;2026-06-30 23:01:41;2026-07-01 10:47:59
1465746083;100000198;100000198;Перехідник латунний для шланга 12мм;29.0000;0;1;2025-03-07;2026-06-30 23:01:41;2026-07-01 10:47:59
1465746082;100000199;100000199;Перехідник латунний для шланга 10мм;23.0000;0;1;2025-03-07;2026-06-30 23:01:41;2026-07-01 10:47:59
1465746084;100000209;100000209;Врізка в кришку куба під Кламп 1.5;299.0000;0;1;2025-03-07;2026-06-30 23:01:41;2026-07-01 10:47:59
1465746061;100000211;100000211;Стакан вимірювальний пластиковий 500 мл.;44.0000;0;1;2025-03-07;2026-06-30 23:01:40;2026-07-01 10:47:59
1465746079;100000233;100000233;Шланг високого тиску|10х6.5 мм|синій, поліуретановий;33.0000;0;1;2025-03-07;2026-06-30 23:01:41;2026-07-01 10:47:59
1465746078;100000312;100000312;Шланг високого тиску|10х6.5 мм|червоний, поліуретановий;33.0000;0;1;2025-03-07;2026-06-30 23:01:41;2026-07-01 10:47:59
1465746077;100000313;100000313;Шланг високого тиску|10х6.5 мм|прозорий, поліуретановий;39.0000;7;1;2025-03-07;2026-06-30 23:01:41;2026-07-01 10:47:59
1465746194;100000359;100000359;Дріжджі Турбо Alcotec Classic 24;179.0000;0;1;2025-03-07;2026-06-30 23:01:45;2026-07-01 10:47:59
1465746092;100000384;100000384;Набір кришок для вакуумного зберігання продуктів з насосом 9 шт.;203.0000;0;1;2025-03-07;2026-06-30 23:01:41;2026-07-01 10:47:59
1465746105;100000389;100000389;Сухі турбо дріжджі Double Snake C24, 175г.;180.0000;0;1;2025-03-07;2026-06-30 23:01:42;2026-07-01 10:47:59
1465746144;100000390;100000390;Турбо дріжджі Alcotec vodka star, 66г;161.0000;0;1;2025-03-07;2026-06-30 23:01:43;2026-07-01 10:47:59
1465746145;100000398;100000398;Сухі турбо дріжджі PuriFerm UK-24, 175г.;164.0000;0;1;2025-03-07;2026-06-30 23:01:43;2026-07-01 10:47:59
1465746093;100000400;100000400;Сухі турбо дріжджі Turbo Batch 200, 86 г;149.0000;1;1;2025-03-07;2026-06-30 23:01:41;2026-07-01 10:47:59
1465746094;100000401;100000401;Ковпачок гумовий для бутлів 40 мм;59.0000;2;1;2025-03-07;2026-06-30 23:01:41;2026-07-01 10:47:59
1465746270;100000402;100000402;Ковпачок гумовий для бутлів 50 мм;73.0000;1;1;2025-03-07;2026-06-30 23:01:47;2026-07-01 10:47:59
1465746269;100000403;100000403;Ковпачок гумовий для бутлів 60 мм.;80.0000;0;1;2025-03-07;2026-06-30 23:01:47;2026-07-01 10:47:59
1465746494;10000040401;10000040401;"Перехідник з клампа 2&quot; на 3&quot; DN51–DN76 AISI 304";578.0000;0;1;2026-05-22;2026-06-30 23:01:50;2026-07-01 10:47:59
1465746495;10000040418;10000040418;"Перехід фланець 165 мм на 3&quot; кламп";1380.0000;0;1;2026-05-25;2026-06-30 23:01:50;2026-07-01 10:47:59
1465746107;100000405;100000405;Регулятор напруги 10кВт (пікове) | Робоче навантаження- 5-6 кВт!;585.0000;0;1;2025-03-07;2026-06-30 23:01:42;2026-07-01 10:47:59
1465746097;100000412;100000412;Тримач спн конусний 2 дюйми (концентратор флегми);119.0000;5;1;2025-03-07;2026-06-30 23:01:41;2026-07-01 10:47:59
1465746096;100000420;100000420;Кришка пляшки 10 л;44.0000;0;1;2025-03-07;2026-06-30 23:01:41;2026-07-01 10:47:59
1465746095;100000421;100000421;Освітлювач ALcoCleaner, 10мл;224.0000;0;1;2025-03-07;2026-06-30 23:01:41;2026-07-01 10:47:59
1465746099;100000443;100000443;Кламповий штуцер-перехідник 2 дюйма на DN15 (внутрішня різьба 1/2);195.0000;5;1;2025-03-07;2026-06-30 23:01:41;2026-07-01 10:47:59
1465746100;100000444;100000444;Кламповий штуцер-перехідник 2 дюйма на DN15 (зовнішня різьба 1/2);298.0000;5;1;2025-03-07;2026-06-30 23:01:41;2026-07-01 10:47:59
1465746101;100000445;100000445;Кламповий штуцер-перехідник 2 дюйма на DN20 (зовнішня різьба 3/4);235.0000;5;1;2025-03-07;2026-06-30 23:01:42;2026-07-01 10:47:59
1465746102;100000447;100000447;Кламповий штуцер-перехідник 2 дюйма на DN40 (внутріщня різьба 1 1/2);260.0000;5;1;2025-03-07;2026-06-30 23:01:42;2026-07-01 10:47:59
1465746098;100000462;100000462;Кріплення одинарне для вугільного картриджу 51мм;9.0000;9;1;2025-03-07;2026-06-30 23:01:41;2026-07-01 10:47:59
1465746414;100000463;100000463;Фруктові турбо дріжджі Puriferm Fruit;125.0000;1;1;2025-09-05;2026-06-30 23:01:48;2026-07-01 10:47:59
1465746158;100000469;100000469;Дріжджі Турбо Alcotec CARBON 48;244.0000;2;1;2025-03-07;2026-06-30 23:01:43;2026-07-01 10:47:59
1465746157;100000492;100000492;Дріжджі Турбо Alcotec Single Strain (для віскі);138.0000;0;1;2025-03-07;2026-06-30 23:01:43;2026-07-01 10:47:59
1465746103;100000501;100000501;Дріжджі Puriferm Carbon Turbo;104.0000;0;1;2025-03-07;2026-06-30 23:01:42;2026-07-01 10:47:59
1465746104;100000522;100000522;Силіконова прокладка (ущільнювач) П-образна для кубів 70л.;449.0000;1;1;2025-03-07;2026-06-30 23:01:42;2026-07-01 10:47:59
1465746114;100000540;100000540;Ковпачок (кришка, пробка) гуала, срібний;12.0000;0;1;2025-03-07;2026-06-30 23:01:42;2026-07-01 10:47:59
1465746267;100000584;100000584;Сушка для 50 пляшок жовта | Італія;735.0000;0;1;2025-03-07;2026-06-30 23:01:47;2026-07-01 10:47:59
1465746110;100000594;100000594;Перехідник швидкоз'ємний. З'єднання: ФІТИНГ/ФІТИНГ, 10 і 12 мм;15.0000;0;1;2025-03-07;2026-06-30 23:01:42;2026-07-01 10:47:59
1465746113;100000595;100000595;Перехідник швидкоз'ємний. З'єднання: ФІТИНГ/ФІТИНГ, 10 мм;15.0000;0;1;2025-03-07;2026-06-30 23:01:42;2026-07-01 10:47:59
1465746108;100000596;100000596;"Трійник швидкоз'ємний: &quot;Т-подібний&quot;, 10 мм";15.0000;5;1;2025-03-07;2026-06-30 23:01:42;2026-07-01 10:47:59
1465746111;100000597;100000597;Трійник швидкоз'ємний: Т-подібний, 12 мм;15.0000;5;1;2025-03-07;2026-06-30 23:01:42;2026-07-01 10:47:59
1465746109;100000598;100000598;Хрестовина швидкоз'ємна х-подібна, 10 мм;29.0000;0;1;2025-03-07;2026-06-30 23:01:42;2026-07-01 10:47:59
1465746112;100000599;100000599;Хрестовина швидкоз'ємна х-подібна, 12 мм;29.0000;0;1;2025-03-07;2026-06-30 23:01:42;2026-07-01 10:47:59
1465746130;100000606;100000606;Сито-бункер для хмелю 7*18;398.0000;0;1;2025-03-07;2026-06-30 23:01:42;2026-07-01 10:47:59
1465746131;100000607;100000607;Сито-бункер для хмелю 7*30;447.0000;0;1;2025-03-07;2026-06-30 23:01:42;2026-07-01 10:47:59
1465746133;100000612;100000612;Шланг харчовий силіконовий 6х2 мм;98.0000;0;1;2025-03-07;2026-06-30 23:01:43;2026-07-01 10:47:59
1465746134;100000613;100000613;Шланг харчовий силіконовий 8х2 мм;102.0000;0;1;2025-03-07;2026-06-30 23:01:43;2026-07-01 10:47:59
1465746135;100000615;100000615;Шланг харчовий силіконовий 10х2 мм;105.0000;0;1;2025-03-07;2026-06-30 23:01:43;2026-07-01 10:47:59
1465746128;100000631;100000631;Сургуч паличка. Золото.;27.0000;0;1;2025-03-07;2026-06-30 23:01:42;2026-07-01 10:47:59
1465746129;100000632;100000632;Сургуч паличка. Срібло.;27.0000;4;1;2025-03-07;2026-06-30 23:01:42;2026-07-01 10:47:59
1465746127;100000633;100000633;Сургуч паличка. Бордо.;27.0000;4;1;2025-03-07;2026-06-30 23:01:42;2026-07-01 10:47:59
1465746146;100000634;100000634;Сургуч під пістолет. Бордо;30.0000;0;1;2025-03-07;2026-06-30 23:01:43;2026-07-01 10:47:59
1465746137;100000636;100000636;Термоковпачок зі смужкою, червоний;3.0000;30;1;2025-03-07;2026-06-30 23:01:43;2026-07-01 10:47:59
1465746136;100000637;100000637;Термоковпачок зі смужкою, чорний;3.0000;30;1;2025-03-07;2026-06-30 23:01:43;2026-07-01 10:47:59
1465746138;100000638;100000638;Термоковпачок зі смужкою, золотий;3.0000;20;1;2025-03-07;2026-06-30 23:01:43;2026-07-01 10:47:59
1465746139;100000648;100000648;Боросилікатне скло для диоптра 2 дюйма (довжина 100 мм);225.0000;5;1;2025-03-07;2026-06-30 23:01:43;2026-07-01 10:47:59
1465746140;100000649;100000649;Боросилікатне скло для диоптра 2 дюйма (довжина 200 мм);285.0000;5;1;2025-03-07;2026-06-30 23:01:43;2026-07-01 10:47:59
1465746141;100000650;100000650;Боросилікатне скло для диоптра 2 дюйма (довжина 300 мм);375.0000;5;1;2025-03-07;2026-06-30 23:01:43;2026-07-01 10:47:59
1465746142;100000651;100000651;Боросилікатне скло для диоптра 2 дюйма (довжина 500 мм);495.0000;5;1;2025-03-07;2026-06-30 23:01:43;2026-07-01 10:47:59
1465746126;100000659;100000659;Кільца Рашига, 1кг, мідні. Марка міді М0;1785.0000;5;1;2025-03-07;2026-06-30 23:01:42;2026-07-01 10:47:59
1465746121;100000671;100000671;Корок корковий, коньячна 19,5 Т-Корок;9.0000;0;1;2025-03-07;2026-06-30 23:01:42;2026-07-01 10:47:59
1465746122;100000672;100000672;Ковпачок алюмінієвий (Білий з різьбою 28х18 мм);6.0000;0;1;2025-03-07;2026-06-30 23:01:42;2026-07-01 10:47:59
1465746124;100000673;100000673;Ковпачок алюмінієвий (Золотий з різьбою 28х18 мм);6.0000;0;1;2025-03-07;2026-06-30 23:01:42;2026-07-01 10:47:59
1465746125;100000674;100000674;Ковпачок алюмінієвий (Срібло з різьбою 28х18 мм);6.0000;0;1;2025-03-07;2026-06-30 23:01:42;2026-07-01 10:47:59
1465746196;100000675;100000675;Ковпачок алюмінієвий (Червоний з різьбою 28х18 мм);6.0000;0;1;2025-03-07;2026-06-30 23:01:45;2026-07-01 10:47:59
1465746115;100000676;100000676;Ковпак 28 (НВР 28х40 чорний);11.0000;0;1;2025-03-07;2026-06-30 23:01:42;2026-07-01 10:47:59
1465746119;100000677;100000677;Ковпак 28 (НВР 28х40 бордовий);11.0000;0;1;2025-03-07;2026-06-30 23:01:42;2026-07-01 10:47:59
1465746116;100000678;100000678;Ковпак 28 (НВР 28х40 білий);11.0000;0;1;2025-03-07;2026-06-30 23:01:42;2026-07-01 10:47:59
1465746120;100000679;100000679;Ковпак 28 (НВР 28х40 зелений);11.0000;0;1;2025-03-07;2026-06-30 23:01:42;2026-07-01 10:47:59
1465746117;100000680;100000680;Ковпак 28 (НВР 28х40 синій);11.0000;0;1;2025-03-07;2026-06-30 23:01:42;2026-07-01 10:47:59
1465746118;100000681;100000681;Ковпак 28 (НВР 28х40 жовтий);11.0000;0;1;2025-03-07;2026-06-30 23:01:42;2026-07-01 10:47:59
1465746132;100000690;100000690;Насос 24V, 19Wt, 800л/г. відцентровий;495.0000;0;1;2025-03-07;2026-06-30 23:01:43;2026-07-01 10:47:59
1465746143;100000699;100000699;Боніфікатор (пом'якшення та очистка) 100 г.;108.0000;0;1;2025-03-07;2026-06-30 23:01:43;2026-07-01 10:47:59
1465746150;100000713;100000713;Термометр короткий поворотний цифровий зі звуковим сигналом, ТА-288s-к ПАКЕТ;200.0000;1;1;2025-03-07;2026-06-30 23:01:43;2026-07-01 10:47:59
1465746149;100000714;100000714;Термометр поворотний 14 см, цифровий зі звуковим сигналом ТА-288s (пакет);200.0000;0;1;2025-03-07;2026-06-30 23:01:43;2026-07-01 10:47:59
1465746123;100000750;100000750;Ковпачок алюмінієвий (Чорний з різьбою 28х18 мм);6.0000;0;1;2025-03-07;2026-06-30 23:01:42;2026-07-01 10:47:59
1465746147;100000753;100000753;Ніпель для монтажу термометра від 3 мм до 6 мм (силікон);45.0000;7;1;2025-03-07;2026-06-30 23:01:43;2026-07-01 10:47:59
1465746148;100000758;100000758;Боніфікатор 250 г;203.0000;0;1;2025-03-07;2026-06-30 23:01:43;2026-07-01 10:47:59
1465746241;100000799;100000799;Мотор JGY370 12В 30об;300.0000;1;1;2025-03-07;2026-06-30 23:01:46;2026-07-01 10:47:59
1465746180;100000800;100000800;Мотор 5840-31ZY з блоком 12В 27об;975.0000;0;1;2025-03-07;2026-06-30 23:01:44;2026-07-01 10:47:59
1465746152;100000818;100000818;"Холодильник Дімрота 2&quot; МІДЬ -350";3585.0000;5;1;2025-03-07;2026-06-30 23:01:43;2026-07-01 10:47:59
1465746151;100000820;100000820;"Холодильник Дімрота 2&quot; МІДЬ -180";2325.0000;5;1;2025-03-07;2026-06-30 23:01:43;2026-07-01 10:47:59
1465746153;100000832;100000832;Сушка для 80 пляшок | Італія;1185.0000;0;1;2025-03-07;2026-06-30 23:01:43;2026-07-01 10:47:59
1465746156;100000834;100000834;Корокова пробка 21*33 агломерована;7.0000;10;1;2025-03-07;2026-06-30 23:01:43;2026-07-01 10:47:59
1465746154;100000835;100000835;Мюзле дротик для шампанського;4.0000;0;1;2025-03-07;2026-06-30 23:01:43;2026-07-01 10:47:59
1465746155;100000836;100000836;Пробка для шампанського пластикова;3.0000;0;1;2025-03-07;2026-06-30 23:01:43;2026-07-01 10:47:59
1465746162;100000903;100000903;Екстрактор Сокслета кламп 2;3450.0000;5;1;2025-03-07;2026-06-30 23:01:44;2026-07-01 10:47:59
1465746159;100000904;100000904;Дріжджі Турбо Alcotec Restart;128.0000;0;1;2025-03-07;2026-06-30 23:01:43;2026-07-01 10:47:59
1465746160;100000905;100000905;Дріжджі Турбо Alcotec Express 24;210.0000;0;1;2025-03-07;2026-06-30 23:01:43;2026-07-01 10:47:59
1465746163;100000908;100000908;Силікон листовий 1000*1000*3 мм;1830.0000;0;1;2025-03-07;2026-06-30 23:01:44;2026-07-01 10:47:59
1465746161;100000910;100000910;Екстрактор Сокслета кламп 1,5;2550.0000;5;1;2025-03-07;2026-06-30 23:01:43;2026-07-01 10:47:59
1465746182;100000912;100000912;Папір для фільтрації 520х520мм, 74 г / м2;15.0000;0;1;2025-03-07;2026-06-30 23:01:44;2026-07-01 10:47:59
1465746165;100000939;100000939;Дріжджі Spirit ferm Cider;79.0000;0;1;2025-03-07;2026-06-30 23:01:44;2026-07-01 10:47:59
1465746174;100000944;100000944;Насос MP-15RM сталь вихід папа 1/2;2700.0000;0;1;2025-03-07;2026-06-30 23:01:44;2026-07-01 10:47:59
1465746175;100000945;100000945;Насос MP-20RM сталь вихід папа 3/4;3735.0000;0;1;2025-03-07;2026-06-30 23:01:44;2026-07-01 10:47:59
1465746176;100000946;100000946;Насос MP-40RM сталь вихід папа 3/4;4950.0000;0;1;2025-03-07;2026-06-30 23:01:44;2026-07-01 10:47:59
1465746178;100000947;100000947;Корокова пробка для бутля, агломерована 43х50х40;30.0000;0;1;2025-03-07;2026-06-30 23:01:44;2026-07-01 10:47:59
1465746463;100000948;100000948;Коркова пробка винна 23х33 мм ;7.0000;5;1;2026-04-14;2026-06-30 23:01:49;2026-07-01 10:47:59
1465746170;100000963;100000963;Сургуч під пістолет. Зелений;30.0000;0;1;2025-03-07;2026-06-30 23:01:44;2026-07-01 10:47:59
1465746169;100000964;100000964;Сургуч паличка. Рожевий;27.0000;0;1;2025-03-07;2026-06-30 23:01:44;2026-07-01 10:47:59
1465746167;100000965;100000965;Сургуч паличка. Коричневий;27.0000;4;1;2025-03-07;2026-06-30 23:01:44;2026-07-01 10:47:59
1465746166;100000966;100000966;Сургуч паличка. Чорний;27.0000;0;1;2025-03-07;2026-06-30 23:01:44;2026-07-01 10:47:59
1465746168;100000967;100000967;Сургуч паличка. Зелений;27.0000;4;1;2025-03-07;2026-06-30 23:01:44;2026-07-01 10:47:59
1465746179;100000968;100000968;Сталевий стакан для ароматизації (Кламп 3 );200.0000;5;1;2025-03-07;2026-06-30 23:01:44;2026-07-01 10:47:59
1465746468;100000969;100000969;Голчастий пластиковий кран 8 мм для точного регулювання ;99.0000;1;1;2026-04-14;2026-06-30 23:01:49;2026-07-01 10:47:59
1465746181;100000983;100000983;Ущільнювач для гідрозатвора (маленький) з ковпачком;18.0000;4;1;2025-03-07;2026-06-30 23:01:44;2026-07-01 10:47:59
1465746183;100001000;100001000;Сіль нітритна 1 кг;59.0000;0;1;2025-03-07;2026-06-30 23:01:44;2026-07-01 10:47:59
1465746171;100001005;100001005;Винні дріжджі Турбо Alcotec BULLDOG WINE YEAST NUTR;66.0000;0;1;2025-03-07;2026-06-30 23:01:44;2026-07-01 10:47:59
1465746173;100001006;100001006;Дріжджі IFERMENT Classic 48 /аналог Alcotec CLASSIC 48/;152.0000;2;1;2025-03-07;2026-06-30 23:01:44;2026-07-01 10:47:59
1465746172;100001007;100001007;Дріжджі IFERMENT MEGA PACK /аналог Alcotec MEGA Pack 100l /;304.0000;0;1;2025-03-07;2026-06-30 23:01:44;2026-07-01 10:47:59
1465746177;100001008;100001008;Мийка-стерилізатор для пляшок червона, 18х18х18 см| Китай;570.0000;0;1;2025-03-07;2026-06-30 23:01:44;2026-07-01 10:47:59
1465746189;100001015;100001015;Шланг харчовий силіконовий 4х1.5 мм;45.0000;0;1;2025-03-07;2026-06-30 23:01:44;2026-07-01 10:47:59
1465746190;100001016;100001016;Шланг харчовий силіконовий 14х2 мм;128.0000;0;1;2025-03-07;2026-06-30 23:01:44;2026-07-01 10:47:59
1465746191;100001017;100001017;Шланг харчовий силіконовий 16х2 мм;143.0000;0;1;2025-03-07;2026-06-30 23:01:44;2026-07-01 10:47:59
1465746192;100001018;100001018;Шланг харчовий силіконовий 18х2 мм;158.0000;0;1;2025-03-07;2026-06-30 23:01:44;2026-07-01 10:47:59
1465746193;100001019;100001019;Шланг харчовий силіконовий 20х2 мм;180.0000;0;1;2025-03-07;2026-06-30 23:01:44;2026-07-01 10:47:59
1465746195;100001053;100001053;Екстрактор Сокслета кламп 3;4950.0000;5;1;2025-03-07;2026-06-30 23:01:45;2026-07-01 10:47:59
1465746188;100001056;100001056;Боросилікатне скло для диоптра 44х5х100 мм (довжина 100 мм);149.0000;5;1;2025-03-07;2026-06-30 23:01:44;2026-07-01 10:47:59
1465746185;100001061;100001061;Мюзлеватель Lux ручний для загвинчування дротяних кошиків;1199.0000;5;1;2025-03-07;2026-06-30 23:01:44;2026-07-01 10:47:59
1465746184;100001062;100001062;Мюзлеватель ручний для загвинчування дротяних кошиків;269.0000;5;1;2025-03-07;2026-06-30 23:01:44;2026-07-01 10:47:59
1465746187;100001073;100001073;Дріжджі TOP Ferm BIG PACK;342.0000;0;1;2025-03-07;2026-06-30 23:01:44;2026-07-01 10:47:59
1465746186;100001074;100001074;Дріжджі TOP Ferm 21,5%;161.0000;0;1;2025-03-07;2026-06-30 23:01:44;2026-07-01 10:47:59
1465746197;100001147;100001147;Дріжджі Турбо Alcotec WHISKY Turbo 73 г;175.0000;0;1;2025-03-07;2026-06-30 23:01:45;2026-07-01 10:47:59
1465746199;100001148;100001148;Дріжджі Турбо DoubleSnake C-Star;113.0000;0;1;2025-03-07;2026-06-30 23:01:45;2026-07-01 10:47:59
1465746198;100001149;100001149;Дріжджі Турбо Alcotec MEGA PACK, 1,8 kg;1688.0000;0;1;2025-03-07;2026-06-30 23:01:45;2026-07-01 10:47:59
1465746200;100001151;100001151;Дріжджі COOBRA Cider;84.0000;0;1;2025-03-07;2026-06-30 23:01:45;2026-07-01 10:47:59
1465746071;100001154;100001154;Нагрівач для браги (металевий) 100W 25см євровилка;449.0000;0;1;2025-03-07;2026-06-30 23:01:40;2026-07-01 10:47:59
1465746220;100001156;100001156;Есенція Strands COCOS RUM 250 мл;795.0000;0;1;2025-03-07;2026-06-30 23:01:45;2026-07-01 10:47:59
1465746221;100001157;100001157;Есенція Strands GRUSZKA WILLIAMS 250 мл;645.0000;0;1;2025-03-07;2026-06-30 23:01:45;2026-07-01 10:47:59
1465746404;100001158;100001158;Есенція Baltmore Long Blended Whisky style 250 мл;830.0000;1;1;2025-06-11;2026-06-30 23:01:45;2026-07-01 10:47:59
1465746229;100001159;100001159;Есенція Strands CHERRY VODKA/LIKIER 250 мл;555.0000;0;1;2025-03-07;2026-06-30 23:01:46;2026-07-01 10:47:59
1465746223;100001160;100001160;Есенція Strands CYTRYNÓWKA 250 мл;675.0000;0;1;2025-03-07;2026-06-30 23:01:45;2026-07-01 10:47:59
1465746224;100001161;100001161;Есенція Strands TENNESSEE WHISKY 250 мл;730.0000;2;1;2025-03-07;2026-06-30 23:01:45;2026-07-01 10:47:59
1465746230;100001162;100001162;Есенція Strands BALTMORE LONG BLENDED 250 мл;698.0000;0;1;2025-03-07;2026-06-30 23:01:46;2026-07-01 10:47:59
1465746225;100001163;100001163;Есенція Strands BOURBON 250 мл;638.0000;0;1;2025-03-07;2026-06-30 23:01:46;2026-07-01 10:47:59
1465746228;100001164;100001164;Есенція Strands APPLE BRANDY 250 мл;593.0000;0;1;2025-03-07;2026-06-30 23:01:46;2026-07-01 10:47:59
1465746226;100001165;100001165;Есенція Strands HONEY WHISKY 250 мл;653.0000;0;1;2025-03-07;2026-06-30 23:01:46;2026-07-01 10:47:59
1465746227;100001166;100001166;Есенція Strands I CREAM 250 мл;865.0000;1;1;2025-03-07;2026-06-30 23:01:46;2026-07-01 10:47:59
1465746202;100001167;100001167;Есенція Strands HONEY WHISKY 25 мл;139.0000;1;1;2025-03-07;2026-06-30 23:01:45;2026-07-01 10:47:59
1465746203;100001168;100001168;Есенція Strands TENNESSEE WHISKY 25 мл;139.0000;0;1;2025-03-07;2026-06-30 23:01:45;2026-07-01 10:47:59
1465746219;100001169;100001169;Есенція Strands  Apple brandy style flavour, 25 мл;139.0000;1;1;2025-03-07;2026-06-30 23:01:45;2026-07-01 10:47:59
1465746204;100001170;100001170;Есенція Strands BOURBON 25 мл;139.0000;0;1;2025-03-07;2026-06-30 23:01:45;2026-07-01 10:47:59
1465746205;100001171;100001171;Есенція Strands LONG BLEND WHISKY 25 мл;139.0000;1;1;2025-03-07;2026-06-30 23:01:45;2026-07-01 10:47:59
1465746206;100001172;100001172;Есенція Strands CASCADE LAKES WHISKY 25 мл;139.0000;4;1;2025-03-07;2026-06-30 23:01:45;2026-07-01 10:47:59
1465746207;100001173;100001173;Есенція Strands BALTMORE LONG BLENDED WHISKY 25 мл;139.0000;2;1;2025-03-07;2026-06-30 23:01:45;2026-07-01 10:47:59
1465746208;100001174;100001174;Есенція Blend Whiskey Style Flavour Strands (Ірландський віскі) , 25 мл;139.0000;0;1;2025-03-07;2026-06-30 23:01:45;2026-07-01 10:47:59
1465746210;100001175;100001175;Есенція Strands CHERRY BRANDY 25 мл;139.0000;4;1;2025-03-07;2026-06-30 23:01:45;2026-07-01 10:47:59
1465746211;100001176;100001176;Есенція Strands APPLE (JABŁKO) VODKA 25 мл;135.0000;0;1;2025-03-07;2026-06-30 23:01:45;2026-07-01 10:47:59
1465746212;100001177;100001177;Есенція Strands LIME VODKA 25 мл;135.0000;0;1;2025-03-07;2026-06-30 23:01:45;2026-07-01 10:47:59
1465746213;100001178;100001178;Есенція Strands TEQULLA 25 мл;139.0000;0;1;2025-03-07;2026-06-30 23:01:45;2026-07-01 10:47:59
1465746214;100001179;100001179;Есенція Strands TEQULLA GOLD 25 мл;139.0000;1;1;2025-03-07;2026-06-30 23:01:45;2026-07-01 10:47:59
1465746215;100001180;100001180;Есенція Strands LONDON GIN 25 мл;139.0000;3;1;2025-03-07;2026-06-30 23:01:45;2026-07-01 10:47:59
1465746216;100001181;100001181;Есенція Strands ABSINTHE 25 мл;139.0000;0;1;2025-03-07;2026-06-30 23:01:45;2026-07-01 10:47:59
1465746217;100001182;100001182;Есенція Strands GRAPPA 25 мл;135.0000;0;1;2025-03-07;2026-06-30 23:01:45;2026-07-01 10:47:59
1465746218;100001183;100001183;Есенція Strands BOURBON CHERRY 25 мл;139.0000;1;1;2025-03-07;2026-06-30 23:01:45;2026-07-01 10:47:59
1465746201;100001184;100001184;Дріжджі COOBRA BASIC VODKA;119.0000;0;1;2025-03-07;2026-06-30 23:01:45;2026-07-01 10:47:59
1465746232;100001186;100001186;Дріжджі COOBRA RUM YEAST;150.0000;0;1;2025-03-07;2026-06-30 23:01:46;2026-07-01 10:47:59
1465746233;100001187;100001187;Дріжджі COOBRA WHISKY YEAST 72 г;219.0000;0;1;2025-03-07;2026-06-30 23:01:46;2026-07-01 10:47:59
1465746234;100001188;100001188;Дріжджі COOBRA PURE;171.0000;0;1;2025-03-07;2026-06-30 23:01:46;2026-07-01 10:47:59
1465746235;100001189;100001189;Дріжджі Spirit ferm Turbo 24;167.0000;0;1;2025-03-07;2026-06-30 23:01:46;2026-07-01 10:47:59
1465746268;100001190;100001190;Додаткова ступінь для сушки на 50 пляшок жовта;135.0000;0;1;2025-03-07;2026-06-30 23:01:47;2026-07-01 10:47:59
1465746209;100001192;100001192;Есенція Strands SMOKED WHISKY 25 мл;139.0000;0;1;2025-03-07;2026-06-30 23:01:45;2026-07-01 10:47:59
1465746263;100001193;100001193;Сушка для пляшок стійка 25/16 з піддоном;1155.0000;0;1;2025-03-07;2026-06-30 23:01:47;2026-07-01 10:47:59
1465746264;100001194;100001194;Сушка для пляшок стійка 50/32 з піддоном;1620.0000;0;1;2025-03-07;2026-06-30 23:01:47;2026-07-01 10:47:59
1465746236;100001218;100001218;Дріжджі IFERMENT Pure 48, 135 г;183.0000;5;1;2025-03-07;2026-06-30 23:01:46;2026-07-01 10:47:59
1465746237;100001313;100001313;Дріжджі COOBRA Mjоd;123.0000;0;1;2025-03-07;2026-06-30 23:01:46;2026-07-01 10:47:59
1465746238;100001314;100001314;Дріжджі Spirit ferm XXL (75G), 6kg;120.0000;0;1;2025-03-07;2026-06-30 23:01:46;2026-07-01 10:47:59
1465746239;100001315;100001315;Дріжджі Spirit ferm WHISKY YEAST, 48g;93.0000;0;1;2025-03-07;2026-06-30 23:01:46;2026-07-01 10:47:59
1465746240;100001316;100001316;Дріжджі COOPERS Australia;126.0000;0;1;2025-03-07;2026-06-30 23:01:46;2026-07-01 10:47:59
1465746242;100001336;100001336;Дріжджі Турбо Alcotec Turbo 3;119.0000;0;1;2025-03-07;2026-06-30 23:01:46;2026-07-01 10:47:59
1465746243;100001337;100001337;Дріжджі Турбо BLACK BULL;128.0000;0;1;2025-03-07;2026-06-30 23:01:46;2026-07-01 10:47:59
1465746244;100001338;100001338;Дріжджі Турбо Double Snake C3;128.0000;0;1;2025-03-07;2026-06-30 23:01:46;2026-07-01 10:47:59
1465746260;100001358;100001358;"Холодильник Дімрота мідний однорядний 2&quot; кламп під діоптр 365 мм";3885.0000;5;1;2025-03-07;2026-06-30 23:01:47;2026-07-01 10:47:59
1465746257;100001385;100001385;Дріжджі ALCOPRO T48;156.0000;0;1;2025-03-07;2026-06-30 23:01:47;2026-07-01 10:47:59
1465746258;100001386;100001386;Дріжджі ALCOPRO T48 MEGAPACK;330.0000;0;1;2025-03-07;2026-06-30 23:01:47;2026-07-01 10:47:59
1465746245;100001387;100001387;Дріжджі COOBRA 24H;233.0000;0;1;2025-03-07;2026-06-30 23:01:46;2026-07-01 10:47:59
1465746248;100001390;100001390;Дріжджі COOBRA 7;171.0000;0;1;2025-03-07;2026-06-30 23:01:46;2026-07-01 10:47:59
1465746246;100001391;100001391;Дріжджі COOBRA 8;189.0000;0;1;2025-03-07;2026-06-30 23:01:46;2026-07-01 10:47:59
1465746255;100001392;100001392;Дріжджі COOBRA 6 MAGNUM;144.0000;1;1;2025-03-07;2026-06-30 23:01:46;2026-07-01 10:47:59
1465746247;100001393;100001393;Дріжджі COOBRA Винні VITVIN WINA BIALE 10 г;95.0000;0;1;2025-03-07;2026-06-30 23:01:46;2026-07-01 10:47:59
1465746254;100001394;100001394;Дріжджі COOBRA Винні BERGURION 10 г;95.0000;0;1;2025-03-07;2026-06-30 23:01:46;2026-07-01 10:47:59
1465746249;100001395;100001395;Дріжджі COOBRA Винні PORTERO 10 г;95.0000;0;1;2025-03-07;2026-06-30 23:01:46;2026-07-01 10:47:59
1465746259;100001396;100001396;Дріжджі COOBRA Винні JERRY 10 г;95.0000;0;1;2025-03-07;2026-06-30 23:01:47;2026-07-01 10:47:59
1465746256;100001397;100001397;Дріжджі Spirit ferm TC6 BLACK MAGIC 120G;139.0000;2;1;2025-03-07;2026-06-30 23:01:47;2026-07-01 10:47:59
1465746253;100001398;100001398;Дріжджі Spirit ferm KOJI MIX;107.0000;0;1;2025-03-07;2026-06-30 23:01:46;2026-07-01 10:47:59
1465746251;100001399;100001399;Засіб для освітлення Spirit Ferm SuperKlar 24h;85.0000;0;1;2025-03-07;2026-06-30 23:01:46;2026-07-01 10:47:59
1465746252;100001401;100001401;Дріжджі Spirit ferm MIODOWE HY-15 15G;86.0000;0;1;2025-03-07;2026-06-30 23:01:46;2026-07-01 10:47:59
1465746250;100001402;100001402;Дріжджі Spirit ferm BAYANUS G995 10G винні;56.0000;0;1;2025-03-07;2026-06-30 23:01:46;2026-07-01 10:47:59
1465746470;100001416;100001416;Шланг високого тиску|8х5 мм|прозорий, поліуретановий;30.0000;0;1;2025-03-07;2026-06-30 23:01:49;2026-07-01 10:47:59
1465746471;100001640;100001640;"Силіконова прокладка з сіткою для КЛАМП 2&quot;, 0,5 мм";63.0000;2;1;0000-00-00;2026-06-30 23:01:50;2026-07-01 10:47:59
1465746261;100001644;100001644;Мюзлеватель, прямокутна ручка;375.0000;5;1;2025-03-07;2026-06-30 23:01:47;2026-07-01 10:47:59
1465746265;100001645;100001645;Сушка для пляшок стійка 50/32;1230.0000;0;1;2025-03-07;2026-06-30 23:01:47;2026-07-01 10:47:59
1465746266;100001646;100001646;Сушка для пляшок стійка 25/16;720.0000;0;1;2025-03-07;2026-06-30 23:01:47;2026-07-01 10:47:59
1465746262;100001647;100001647;Піддон для сушилок;495.0000;0;1;2025-03-07;2026-06-30 23:01:47;2026-07-01 10:47:59
1465746415;100001891;100001891;Термоковпачок зі смужкою, прозорий;3.0000;30;1;2025-03-07;2026-06-30 23:01:48;2026-07-01 10:47:59
1465746465;100001900;100001900;Коркова пробка для бутля з агломерату 35×25×40 мм;36.0000;3;1;2026-04-14;2026-06-30 23:01:49;2026-07-01 10:47:59
1465746466;100001901;100001901;Коркова пробка для бутля з агломерату 45×35×40 мм;36.0000;1;1;2026-04-14;2026-06-30 23:01:49;2026-07-01 10:47:59
1465746464;100001907;100001907;Коркова пробка для бутля з агломерату 19×14×38 мм;25.0000;3;1;2026-04-14;2026-06-30 23:01:49;2026-07-01 10:47:59
1465746467;100001910;100001910;Коркова пробка для бутля з агломерату 42×38×32 мм;36.0000;3;1;2026-04-14;2026-06-30 23:01:49;2026-07-01 10:47:59
1465746472;100001933;100001933;Голковий кран (нержавійка) 1/4 МАМА кутовий;300.0000;1;1;2026-04-17;2026-06-30 23:01:50;2026-07-01 10:47:59
1465746469;100002020;100002020;Латунний фітинг для пневмошланга МАМА, 8 мм, різьба 1/2;38.0000;0;1;2026-04-14;2026-06-30 23:01:49;2026-07-01 10:47:59
877;100836;100836;Ареометр для цукру АС-3 (0-25%), Україна;240.0000;1;1;0000-00-00;2026-06-30 23:01:21;2026-07-01 10:47:59
152;100906;100906;Ареометр для спирту 70-100%, Україна;159.0000;9;1;0000-00-00;2026-06-30 23:01:10;2026-07-01 10:47:59
153;100914;100914;Ареометр для цукру з термометром 0-10% АСТ-2;140.0000;0;1;0000-00-00;2026-06-30 23:01:10;2026-07-01 10:47:59
154;100918;100918;Ареометр для цукру з термометром 10-20% АСТ-2;140.0000;0;1;0000-00-00;2026-06-30 23:01:10;2026-07-01 10:47:59
1018;1018;1018;Дріжджі спиртові Pinnacle M, 500g;1950.0000;0;1;0000-00-00;2026-06-30 23:01:23;2026-07-01 10:47:59
1019;1019;1019;Дріжджі Pinnacle MG+ для віскі та бурбону, 500g;4400.0000;0;1;0000-00-00;2026-06-30 23:01:23;2026-07-01 10:47:59
1020;1020;1020;Кришка ПЕТ пляшки 28мм, червона;1.0000;642;1;0000-00-00;2026-06-30 23:00:20;2026-07-01 10:47:59
1021;1021;1021;Кришка ПЕТ пляшки 28мм, біла;1.0000;924;1;0000-00-00;2026-06-30 23:00:20;2026-07-01 10:47:59
1022;1022;1022;Кришка ПЕТ пляшки 28мм, золотиста;1.0000;423;1;0000-00-00;2026-06-30 23:00:20;2026-07-01 10:47:59
1033;1033;1033;Лужний хлорвмісний миючий засіб, 22кг;1990.0000;0;1;0000-00-00;2026-06-30 23:01:23;2026-07-01 10:47:59
150;103719;103719;Ареометр для спирту 0-40%, Україна;146.0000;7;1;0000-00-00;2026-06-30 23:01:09;2026-07-01 10:47:59
149;103745;103745;Ареометр АЗП-2 1000-1080 ГОСТ 18481-81;197.0000;0;1;0000-00-00;2026-06-30 23:01:09;2026-07-01 10:47:59
151;105062;105062;Ареометр для спирту 40-70%, Україна;159.0000;10;1;0000-00-00;2026-06-30 23:01:10;2026-07-01 10:47:59
1063;1063;1063;Солодовий екстракт ячмінний світлий, 5кг;599.0000;0;1;0000-00-00;2026-06-30 23:01:24;2026-07-01 10:47:59
1065;1065;1065;Солодовий екстракт пшеничний світлий 5кг;620.0000;1;1;0000-00-00;2026-06-30 23:01:24;2026-07-01 10:47:59
1066;1066;1066;Солодовий екстракт пшеничний світлий 14кг;1647.0000;0;1;0000-00-00;2026-06-30 23:01:24;2026-07-01 10:47:59
1067;1067;1067;Солодовий екстракт ячмінний світлий 14кг;1588.0000;5;1;0000-00-00;2026-06-30 23:01:24;2026-07-01 10:47:59
1465746271;1067-2;1067-2;Солодовий екстракт ячмінний карамельний 14кг;1670.0000;5;1;0000-00-00;2026-06-30 23:01:47;2026-07-01 10:47:59
1068;1068;1068;Солодовий екстракт пшеничний охмілений 5кг;539.0000;0;1;0000-00-00;2026-06-30 23:01:24;2026-07-01 10:47:59
1075;1075;1075;Стакан вимірювальний 400мл;99.0000;1;1;0000-00-00;2026-06-30 23:01:24;2026-07-01 10:47:59
1076;1076;1076;Кронен кришка чорна 26мм, 50шт.;30.0000;923;1;0000-00-00;2026-06-30 23:00:22;2026-07-01 10:47:59
269;10812791277711V;10812791277711V;Пивні дріжджі Nottingham Ale (Ноттингем), 11 гр;247.0000;25;1;0000-00-00;2026-06-30 23:01:11;2026-07-01 10:47:59
1227;1227;1227;Хміль Simcoe® (USA) 50 g;200.0000;0;1;0000-00-00;2026-06-30 23:01:25;2026-07-01 10:47:59
1229;1229;1229;Таблетки Whirlfloc T 10 шт - засіб для освітлення гарячого сусла;110.0000;87;1;0000-00-00;2026-06-30 23:01:25;2026-07-01 10:47:59
1230;1230;1230;Ірландський мох 100 г - засіб для освітлення гарячого сусла;161.0000;0;1;0000-00-00;2026-06-30 23:01:25;2026-07-01 10:47:59
1245;1245;1245;Дріжджі для КВАСУ VI-A-DRY PDM, 500g;1181.0000;12;1;0000-00-00;2026-06-30 23:01:25;2026-07-01 10:47:59
1246;1246;1246;Дріжджі для КВАСУ VI-A-DRY PDM, 25гр;94.0000;15;1;0000-00-00;2026-06-30 23:01:25;2026-07-01 10:47:59
1247;1247;1247;"Відвід нержавіючий 90 КЛАМП 3&quot; дюйми DN76 AISI304";720.0000;5;1;0000-00-00;2026-06-30 23:01:25;2026-07-01 10:47:59
1248;1248;1248;"Перехід короткий 2&quot;";480.0000;5;1;0000-00-00;2026-06-30 23:01:25;2026-07-01 10:47:59
1249;1249;1249;Хомут із шарніром на перегінний куб 37л;680.0000;999;1;0000-00-00;2026-06-30 23:00:23;2026-07-01 10:47:59
1967;1258;1258;Мідний чайник з порцеляновою ручкою;3500.0000;3;1;0000-00-00;2026-06-30 23:00:45;2026-07-01 10:47:59
1962;1258M;1258M;Мідний кований чайник з порцеляновою ручкою;2655.0000;0;1;0000-00-00;2026-06-30 23:00:45;2026-07-01 10:47:59
1264;1264;1264;Таблетки Whirlfloc T 1 кг - засіб для освітлення гарячого сусла;3741.0000;5;1;0000-00-00;2026-06-30 23:01:25;2026-07-01 10:47:59
1465745968;12699466;12699466;Мідна тарілка (для скляних ковпачкових колон) 4 дюйма ;360.0000;999;1;2025-02-17;2026-06-30 23:00:51;2026-07-01 10:47:59
1273;1273;1273;Хміль Amarillo® Brand (50гр) α-7,7%;205.0000;0;1;0000-00-00;2026-06-30 23:01:26;2026-07-01 10:47:59
1277;1277;1277;Дріжджі для сидру SafCider™ AC-4, 500g;2956.0000;5;1;0000-00-00;2026-06-30 23:01:26;2026-07-01 10:47:59
1280;1280;1280;"Колона для подовження 4&quot;";3820.0000;5;1;0000-00-00;2026-06-30 23:01:26;2026-07-01 10:47:59
1281;1281;1281;Надоцтова кислота 1кг;315.0000;0;1;0000-00-00;2026-06-30 23:01:26;2026-07-01 10:47:59
1293;1293;1293;Миючий дезинфікуючий засіб Бланідас-Ц Стар 1 кг;210.0000;6;1;0000-00-00;2026-06-30 23:01:26;2026-07-01 10:47:59
1294;1294;1294;Дріжджі для квасу SafKvas™ C-73, 0.5kg;2956.0000;5;1;0000-00-00;2026-06-30 23:01:26;2026-07-01 10:47:59
1297;1297;1297;Метабісульфіт (піросульфіт) калію 100 гр;60.0000;10;1;0000-00-00;2026-06-30 23:01:26;2026-07-01 10:47:59
1298;1298;1298;Метабісульфіт (піросульфіт) калію 10 гр;30.0000;9;1;0000-00-00;2026-06-30 23:01:26;2026-07-01 10:47:59
1299;1299;1299;Метабісульфіт (піросульфіт) калію 1 кг;424.0000;22;1;0000-00-00;2026-06-30 23:01:26;2026-07-01 10:47:59
1465746023;13009;13009;Метабісульфіт (піросульфіт) калію 25 кг;382.0000;0;1;0000-00-00;2026-06-30 23:01:26;2026-07-01 10:47:59
1305;1305;1305;Мікроелементне живлення Go-Ferm Protect 1кг;2400.0000;2;1;0000-00-00;2026-06-30 23:01:26;2026-07-01 10:47:59
1306;1306;1306;Концентрат квасного сусла (ККС), 1,3 кг;204.0000;1;1;0000-00-00;2026-06-30 23:01:26;2026-07-01 10:47:59
1307;1307;1307;Дріжджі для квасу SafKvas™ C-73, 25гр;189.0000;0;1;0000-00-00;2026-06-30 23:01:26;2026-07-01 10:47:59
1308;1308;1308;Мікроелементне живлення Go-Ferm Protect 25g;94.0000;29;1;0000-00-00;2026-06-30 23:01:26;2026-07-01 10:47:59
1465745947;130MF;130MF;Самогонний апарат Магнум Фермер Ковпачкова колона 130л/4 дюйма ;48570.0000;999;1;2025-02-17;2026-06-30 23:00:50;2026-07-01 10:47:59
1316;1316;1316;Винні дріжджі UVAFERM CEG 25g;95.0000;11;1;0000-00-00;2026-06-30 23:01:26;2026-07-01 10:47:59
1317;1317;1317;Дріжджі для сидру SafCider™ AC-4, 25g;165.0000;9;1;0000-00-00;2026-06-30 23:01:26;2026-07-01 10:47:59
1326;1326;1326;Набір для пива Англійський Портер Porter English Style 20л;680.0000;998;1;0000-00-00;2026-06-30 23:00:25;2026-07-01 10:47:59
1379;1379;1379;Дубова бочка 20л;3200.0000;0;1;0000-00-00;2026-06-30 23:00:26;2026-07-01 10:47:59
1394;1394;1394;Вакуумний наповнювач для пляшок Enolmatic;16500.0000;0;1;0000-00-00;2026-06-30 23:01:27;2026-07-01 10:47:59
1447;1447;1447;Солодовий екстракт кукурудзяний 5 кг;829.0000;0;1;0000-00-00;2026-06-30 23:01:27;2026-07-01 10:47:59
1086;1462676575;1462676575;Набір спецій для настійки Зубрівка (3л.);53.0000;999;1;0000-00-00;2026-05-04 23:00:26;2026-07-01 10:47:59
1101;1462676650;1462676650;Набір спецій Моно «Зубрівка» (50г.);75.0000;0;1;0000-00-00;2026-05-04 23:00:26;2026-07-01 10:47:59
1465745923;1465745923-011;1465745923-011;Царга нержавійка 70см  2 дюйма;1060.0000;5;1;0000-00-00;2026-06-30 23:01:38;2026-07-01 10:47:59
1465746301;1465746301;1465746301;Утеплювач для царги 2 дюйми 50см;236.0000;6;1;2025-04-03;2026-06-30 23:01:47;2026-07-01 10:47:59
1465746373;1465746373-gv;1465746373-gv;Дріжджі для бурбонів Distilamax GW 500гр;1850.0000;6;1;2025-05-23;2026-06-30 23:01:47;2026-07-01 10:47:59
1465746401;1465746401;1465746401;Солод вівсяний Viking Oat Malt;113.2000;99;1;2025-05-29;2026-06-30 23:01:53;2026-07-01 10:47:59
1465746403;1465746402;1465746402;Дріжджі Pinnacle MG+ для віскі та бурбонів, 25g;240.0000;21;1;2025-06-04;2026-06-30 23:01:48;2026-07-01 10:47:59
1465746222;1465746404;1465746404;Есенція Strands OLD BALTIMORE 250 мл;830.0000;0;1;2025-03-07;2026-06-30 23:01:48;2026-07-01 10:47:59
1465746406;1465746406;1465746406;Винні дріжджі Coobra RESTART (21 г);116.0000;0;1;2025-07-17;2026-06-30 23:01:48;2026-07-01 10:47:59
1465746408;1465746408;1465746408;Вузол відбору по пару кламп 2 дюйми;1090.0000;0;1;2025-08-04;2026-06-30 23:01:48;2026-07-01 10:47:59
1465746409;1465746409;1465746409;Барботер кламп 2 дюйми;774.0000;1;1;2025-08-04;2026-06-30 23:01:48;2026-07-01 10:47:59
1465746411;1465746411;1465746411;Самогонний апарат 85 л з дефлегматором 2 дюйми;19500.0000;999;1;2025-09-03;2026-06-30 23:01:03;2026-07-01 10:47:59
1465746421;1465746421;1465746421;Подарунковий сертифікат на 500 грн;500.0000;999;1;2025-09-25;2025-09-25 13:20:52;2026-07-01 10:47:59
1465746422;1465746422;1465746422;Подарунковий сертифікат на 1000 грн;1000.0000;999;1;2025-09-25;2025-09-25 13:24:28;2026-07-01 10:47:59
1465746423;1465746423;1465746423;Подарунковий сертифікат на 2000 грн;2000.0000;999;1;2025-09-25;2025-09-25 13:32:18;2026-07-01 10:47:59
1465746424;1465746424;1465746424;Ємність для бродіння з гідрозатвором, краном та шкалою 33л;587.0000;2;1;2025-10-24;2026-06-30 23:01:04;2026-07-01 10:47:59
1465746425;1465746425;1465746425;Заглушка для клампа DN12,7 діаметр 25,4мм;170.0000;0;1;2025-11-20;2026-06-30 23:01:48;2026-07-01 10:47:59
1465746426;1465746426;1465746426;Пивні дріжджі Lallemand LalBrew Voss™ Kveik, 11грам;220.0000;0;1;2025-11-21;2026-06-30 23:01:48;2026-07-01 10:47:59
1465746428;1465746428;1465746428;Мензурка 100мл;279.0000;1;1;2025-12-05;2026-06-30 23:01:49;2026-07-01 10:47:59
1465746429;1465746429;1465746429;Мензурка 50мл;229.0000;1;1;2025-12-05;2026-06-30 23:01:49;2026-07-01 10:47:59
1465746430;1465746430;1465746430;Мензурка 250мл;389.0000;1;1;2025-12-05;2026-06-30 23:01:49;2026-07-01 10:47:59
1465746435;1465746435;1465746435;Бочка з-під бурбона 225 л;24000.0000;10;1;2025-12-22;2026-06-30 23:01:04;2026-07-01 10:47:59
1465746454;1465746454;1465746454;"Вузол відбору по пару з ніпелем під термометр 2&quot;";1630.0000;1;1;2026-03-26;2026-06-30 23:01:49;2026-07-01 10:47:59
1465746455;1465746455;1465746455;"Перехідник з клампа 1.5&quot; на 3&quot;";650.0000;1;1;2026-03-31;2026-06-30 23:01:49;2026-07-01 10:47:59
1465746456;1465746456;1465746456;"Міні дефлегматор 1,5&quot; 120мм";1400.0000;1;1;2026-03-31;2026-06-30 23:01:49;2026-07-01 10:47:59
1465746457;1465746457;1465746457;Солодовий екстракт ячмінний темний, 5кг;589.0000;5;1;2026-03-31;2026-06-30 23:01:49;2026-07-01 10:47:59
1465746461;1465746461;1465746461;Конектор для шланга зелений, внутрішня різьба 1/2;39.0000;10;1;2026-04-06;2026-06-30 23:01:49;2026-07-01 10:47:59
1465746462;1465746462;1465746462;Конектор для шланга помаранчевий, внутрішня різьба 1/2;39.0000;10;1;2026-04-06;2026-06-30 23:01:49;2026-07-01 10:47:59
1465746473;1465746473;1465746473;Перегінний куб на 85 літрів, 2 дюйми, з фальшдном та теном— б/в;12200.0000;1;1;2026-05-07;2026-06-30 23:01:05;2026-07-01 10:47:59
1465746474;1465746474;1465746474;Вживана пластикова ємність для бродіння Speidel 120 л з гідрозатвором та краном;5160.0000;2;1;2026-05-07;2026-06-30 23:01:05;2026-07-01 10:47:59
1465746475;1465746475;1465746475;"Вузол дистиляції для отримання спирту-сирцю 2&quot; б/в";2780.0000;1;1;2026-05-07;2026-06-30 23:01:06;2026-07-01 10:47:59
1465746476;1465746476;1465746476;Папуга металевий для самогону з нержавіючої сталі б/в;670.0000;1;1;2026-05-07;2026-06-30 23:01:06;2026-07-01 10:47:59
1465746477;1465746477;1465746477;Б/в ємність ферментаційна SPEIDEL Fermentegg 250 л;27950.0000;2;1;2026-05-07;2026-06-30 23:01:05;2026-07-01 10:47:59
1465746478;1465746478;1465746478;Б/в домашня пивоварня SPEIDEL Braumeister 50 L Plus, з Wi-Fi модулем;82000.0000;1;1;2026-05-07;2026-06-30 23:01:06;2026-07-01 10:47:59
1465746490;1465746490;1465746490;Хміль Ekuanot® / Екванот, α-13%, 50гр;98.0000;104;1;2026-05-13;2026-06-30 23:01:50;2026-07-01 10:47:59
1465746491;1465746491;1465746491;Малий шаровий кран DN8;100.0000;1;1;2026-05-13;2026-06-30 23:01:50;2026-07-01 10:47:59
1465746492;1465746492;1465746492;"Додатковий рівень 3&quot; до тарільчастої колони з діоптра";2929.0000;0;1;2026-05-19;2026-06-30 23:01:50;2026-07-01 10:47:59
1465746493;1465746493;1465746493;"Додатковий рівень 2&quot; до тарільчастої колони з діоптра";2149.0000;0;1;2026-05-19;2026-06-30 23:01:50;2026-07-01 10:47:59
1465746533;1465746533;1465746533;Солод копчений BESTMALZ BEST Smoked Malt;189.0000;999;1;2026-06-17;2026-06-30 23:01:06;2026-07-01 10:47:59
1465746534;1465746534;1465746534;Торф’яний солод BESTMALZ BEST Peated;199.0000;999;1;2026-06-17;2026-06-30 23:01:06;2026-07-01 10:47:59
309;1500514;1500514;Дріжджі SafSpirit FD-3, 500g;2956.0000;5;1;0000-00-00;2026-06-30 23:01:12;2026-07-01 10:47:59
1465746420;1576;1576;Мідний казанок луджений на 5 л.;9360.0000;1;1;2025-02-12;2026-06-30 23:01:04;2026-07-01 10:47:59
1465745944;15880882-1;15880882-1;Ковпачкова колона 3 дюйма Cristal Spirit (без куба);18645.0000;999;1;2025-02-17;2026-06-30 23:05:40;2026-07-01 10:47:59
1465745945;15880882-2;15880882-2;Ковпачкова колона 3 дюйма/4 рів. Cristal Spirit (без куба);20240.0000;999;1;2025-02-17;2026-06-30 23:05:40;2026-07-01 10:47:59
1465745946;15880882-3;15880882-3;Ковпачкова колона 3 дюйма/5 рів. Cristal Spirit (без куба);21835.0000;999;1;2025-02-17;2026-06-30 23:05:41;2026-07-01 10:47:59
176;1600214;1600214;Пивні дріжджі Safale S-04, 500 гр;2940.0000;0;1;0000-00-00;2026-06-30 23:01:10;2026-07-01 10:47:59
310;1700098;1700098;Дріжджі SafSpirit M-1 (Whisky), 500g;2956.0000;5;1;0000-00-00;2026-06-30 23:01:12;2026-07-01 10:47:59
182;1700383;1700383;Пивні дріжджі Saflager W-34/70, 500гр;5625.0000;0;1;0000-00-00;2026-06-30 23:01:10;2026-07-01 10:47:59
1742;1742;1742;Солодовий екстракт кукурудзяний 14 кг;1838.0000;0;1;0000-00-00;2026-06-30 23:01:34;2026-07-01 10:47:59
1465745950;17490465;17490465;"Багатотрубна мультиплівкова царга 2&quot; подовжена";3245.0000;999;1;2025-02-17;2026-06-30 23:06:35;2026-07-01 10:47:59
1897;1897;1897;Апарат для виготовлення ефірних олій 12л 4 дюйма Базовий;15769.0000;0;1;0000-00-00;2026-06-30 23:00:43;2026-07-01 10:47:59
1903;1903;1903;Апарат для виготовлення ефірних олій 2л 3 дюйма Преміум;13705.0000;0;1;0000-00-00;2026-06-30 23:00:43;2026-07-01 10:47:59
1904;1904;1904;Апарат для виготовлення ефірних олій 2л 3 дюйма Преміум + подовжувач;16750.0000;0;1;0000-00-00;2026-06-30 23:00:43;2026-07-01 10:47:59
1905;1905;1905;Апарат для виготовлення ефірних олій 2л 4 дюйма Базовий;14258.0000;0;1;0000-00-00;2026-06-30 23:00:43;2026-07-01 10:47:59
1907;1907;1907;Апарат для виготовлення ефірних олій 5л 4 дюйма Преміум;19535.0000;0;1;0000-00-00;2026-06-30 23:00:43;2026-07-01 10:47:59
1908;1908;1908;Апарат для виготовлення ефірних олій 5л 4 дюйма Преміум + подовжувач;23567.0000;0;1;0000-00-00;2026-06-30 23:00:43;2026-07-01 10:47:59
1909;1909;1909;Дистилятор для гідролатів 12л 4 дюйма;16590.0000;0;1;0000-00-00;2026-06-30 23:00:43;2026-07-01 10:47:59
1910;1910;1910;Дистилятор для ефірних олій 20л 6 дюймів, Преміум, тен 110в;41045.0000;0;1;0000-00-00;2026-06-30 23:00:43;2026-07-01 10:47:59
1911;1911;1911;Дистилятор для ефірних олій 20л 6 дюймів, Преміум, тен 220в;41045.0000;0;1;0000-00-00;2026-06-30 23:00:43;2026-07-01 10:47:59
1912;1912;1912;Дистилятор для ефірних олій 25л 8 дюймів, Преміум, тен 110в;46315.0000;0;1;0000-00-00;2026-06-30 23:00:43;2026-07-01 10:47:59
1913;1913;1913;Дистилятор для ефірних олій 25л 8 дюймів, Преміум, тен 220в;46315.0000;0;1;0000-00-00;2026-06-30 23:00:43;2026-07-01 10:47:59
1914;1914;1914;Конус для шолома для віскі;7915.0000;999;1;0000-00-00;2026-06-30 23:00:44;2026-07-01 10:47:59
1917;1917;1917;Мідний самогонний апарат 2,4л 2 дюйма;12035.0000;998;1;0000-00-00;2026-06-30 23:00:44;2026-07-01 10:47:59
1921;1921;1921;Мідний самогонний апарат 5л 3 дюйма;16728.0000;999;1;0000-00-00;2026-06-30 23:00:44;2026-07-01 10:47:59
1922;1922;1922;Мідний самогонний апарат 8л 3 дюйма;18538.0000;998;1;0000-00-00;2026-06-30 23:00:44;2026-07-01 10:47:59
1923;1923;1923;Мідний самогонний апарат з дефлегматором 12л 4 дюйма;30406.0000;999;1;0000-00-00;2026-06-30 23:00:44;2026-07-01 10:47:59
1924;1924;1924;Мідний самогонний апарат з дефлегматором 18л 4 дюйма;32953.0000;999;1;0000-00-00;2026-06-30 23:00:44;2026-07-01 10:47:59
1925;1925;1925;Мідний самогонний апарат з дефлегматором 24л 4 дюйма;34797.0000;999;1;0000-00-00;2026-06-30 23:00:44;2026-07-01 10:47:59
1926;1926;1926;Мідний самогонний апарат з дефлегматором 42л 6 дюймів;35600.0000;0;1;0000-00-00;2026-06-30 23:00:44;2026-07-01 10:47:59
1927;1927;1927;Набір для самогонного апарату (шолом та конус);25376.0000;999;1;0000-00-00;2026-06-30 23:00:44;2026-07-01 10:47:59
1928;1928;1928;Насос акваріумний;1480.0000;5;1;0000-00-00;2026-06-30 23:01:34;2026-07-01 10:47:59
1929;1929;1929;Настільний розділювач ефірних олій;2000.0000;0;1;0000-00-00;2026-06-30 23:01:35;2026-07-01 10:47:59
1933;1933;1933;Перехідник/редуктор 4 дюйми – 2 дюйми;2750.0000;0;1;0000-00-00;2026-06-30 23:01:35;2026-07-01 10:47:59
1934;1934;1934;Підвісний розділювач ефірних олій;2800.0000;0;1;0000-00-00;2026-06-30 23:01:35;2026-07-01 10:47:59
1509;19348072;19348072;"Вварка діоптра 3&quot; з підсвіткою в кришку перегінного куба";3245.0000;999;1;0000-00-00;2026-06-30 23:06:46;2026-07-01 10:47:59
1465745977;19348072-1;19348072-1;"Вварка діоптра 4&quot; з підсвіткою в кришку перегінного куба";3630.0000;999;1;2025-02-17;2026-06-30 23:05:51;2026-07-01 10:47:59
1941;1941;1941;Скло для розділювача ефір.олій 3 шт.;670.0000;0;1;0000-00-00;2026-06-30 23:01:35;2026-07-01 10:47:59
1942;1942;1942;Шолом для віскі;17500.0000;999;1;0000-00-00;2026-06-30 23:00:44;2026-07-01 10:47:59
1945;1945;1945;Газова конфорка 20 см.;1620.0000;0;1;0000-00-00;2026-06-30 23:00:45;2026-07-01 10:47:59
1946;1946;1946;Газова конфорка 30 см.;1890.0000;1;1;0000-00-00;2026-06-30 23:00:45;2026-07-01 10:47:59
1948;1948;1948;Дистиллятор для ефірної олії 150 л. Об`єм для сировини 115 л.;113900.0000;0;1;0000-00-00;2026-06-30 23:00:45;2026-07-01 10:47:59
1949;1949;1949;Дистиллятор для ефірної олії 280 л.  Об’єм для сировини 220 л.;178000.0000;999;1;0000-00-00;2026-06-30 23:00:45;2026-07-01 10:47:59
1952;1952;1952;Мідна сковорідка з двома ручками 20 см. (сріблястими);2465.0000;0;1;0000-00-00;2026-06-30 23:00:45;2026-07-01 10:47:59
1953;1953;1953;Мідна сковорідка з латунними ручками 22 см.;2580.0000;0;1;0000-00-00;2026-06-30 23:00:45;2026-07-01 10:47:59
1956;1956;1956;Мідна сковорідка з фігурною ручкою 22 см.;2580.0000;0;1;0000-00-00;2026-06-30 23:00:45;2026-07-01 10:47:59
1957;1957;1957;Мідна фондюшниця;4794.0000;1;1;0000-00-00;2026-06-30 23:00:45;2026-07-01 10:47:59
1960;1960;1960;Мідна чашка 80 мл.;436.0000;0;1;0000-00-00;2026-06-30 23:00:45;2026-07-01 10:47:59
1961;1961;1961;Мідний глечик 1,9 л.;4140.0000;0;1;0000-00-00;2026-06-30 23:00:45;2026-07-01 10:47:59
1969;1969;1969;Ректифікаційна тарілка 4 дюйми;8800.0000;999;1;0000-00-00;2026-06-30 23:00:45;2026-07-01 10:47:59
1970;1970;1970;Ректифікаційна тарілка 6 дюймів;7650.0000;0;1;0000-00-00;2026-06-30 23:01:35;2026-07-01 10:47:59
1971;1971;1971;Сковорода з боковими фігурними ручками 14 см.;1865.0000;3;1;0000-00-00;2026-06-30 23:00:45;2026-07-01 10:47:59
404;20009;20009;Кран зливний SPEIDEL (пластик) diam. 15;493.0000;11;1;0000-00-00;2026-06-30 23:01:13;2026-07-01 10:47:59
289;200510;200510;Циліндр для ареометра - 3 39/335 ГОСТ 18481-81;80.0000;0;1;0000-00-00;2026-06-30 23:01:12;2026-07-01 10:47:59
290;200512;200512;Циліндр для ареометра АНТ-1;115.0000;0;1;0000-00-00;2026-06-30 23:01:12;2026-07-01 10:47:59
257;200516;200516;Солод Pilsen (Україна);51.8000;99;1;0000-00-00;2026-06-30 23:01:51;2026-07-01 10:47:59
258;200517;200517;Солод Шато Віденський (Chateau Vienna);96.0000;97;1;0000-00-00;2026-06-30 23:00:06;2026-07-01 10:47:59
284;200528;200528;Хміль САПФІР (SAPHIR) – 50 гр. α-4,3%;55.0000;0;1;0000-00-00;2026-06-30 23:01:12;2026-07-01 10:47:59
287;200528-1;200528-1;Хміль ХЕРСБРУКЕР (Hersbrucker) – 50 гр. α-3,8%;80.0000;0;1;0000-00-00;2026-06-30 23:01:12;2026-07-01 10:47:59
175;200529;200529;Пивні дріжджі Safale S-04, 11.5 гр;160.0000;0;1;0000-00-00;2026-06-30 23:01:10;2026-07-01 10:47:59
220;200538;200538;"Міні-дефлегматор &quot;міджет&quot;";1200.0000;0;1;0000-00-00;2026-06-30 23:01:11;2026-07-01 10:47:59
146;200554;200554;Солод BEST Heidelberg;84.0000;99;1;0000-00-00;2026-06-30 23:01:51;2026-07-01 10:47:59
256;200560;200560;Солод BEST Red X ®;93.0000;99;1;0000-00-00;2026-06-30 23:01:51;2026-07-01 10:47:59
261;200565;200565;Солод Шато Пільсен (Chateau Pilsen);51.0000;0;1;0000-00-00;2026-06-30 23:00:06;2026-07-01 10:47:59
260;200566;200566;Солод Шато Мюнік 25 EBC;47.0000;0;1;0000-00-00;2026-06-30 23:00:06;2026-07-01 10:47:59
219;200911;200911;Мірний циліндр 3-250-2 ГОСТ 1770-74;190.0000;5;1;0000-00-00;2026-06-30 23:01:11;2026-07-01 10:47:59
185;200914;200914;Дріжджі Safspirit M-1 Whisky, 25g;185.0000;7;1;0000-00-00;2026-06-30 23:01:10;2026-07-01 10:47:59
253;200915;200915;Солод карамельний BEST Caramel Munich II, 0.5 кг;48.8000;99;1;0000-00-00;2026-06-30 23:01:51;2026-07-01 10:47:59
254;200916;200916;Солод BEST Chocolate 0.25 кг;32.7000;99;1;0000-00-00;2026-06-30 23:01:51;2026-07-01 10:47:59
288;200917;200917;Хміль ЕЛЛА (Ella™), α-14%;175.0000;0;1;0000-00-00;2026-06-30 23:01:12;2026-07-01 10:47:59
147;200918;200918;Солод BEST Pilsen;79.5000;99;1;0000-00-00;2026-06-30 23:01:51;2026-07-01 10:47:59
178;200919;200919;Пивні дріжджі Safale US-05, 500 гр;3010.0000;0;1;0000-00-00;2026-06-30 23:01:10;2026-07-01 10:47:59
259;200921;200921;Солод Шато Віскі (CHATEAU WHISKY) 1кг;199.0000;99;1;0000-00-00;2026-06-30 23:01:53;2026-07-01 10:47:59
181;200926;200926;Пивні дріжджі Saflager W-34/70 - 11,5 гр;280.0000;3;1;0000-00-00;2026-06-30 23:01:10;2026-07-01 10:47:59
389;200933;200933;Солод карамельний BEST Caramel® Aromatic;90.3000;99;1;0000-00-00;2026-06-30 23:01:52;2026-07-01 10:47:59
332;200936;200936;Склянка вимірювання спиртуозності 2017;2700.0000;1;1;0000-00-00;2026-06-30 23:01:12;2026-07-01 10:47:59
323;200938;200938;Солод BEST Special X® 0.5 кг;56.3000;99;1;0000-00-00;2026-06-30 23:01:52;2026-07-01 10:47:59
179;200947;200947;Пивні дріжджі Saflager S-23 - 11,5 гр;106.0000;0;1;0000-00-00;2026-06-30 23:01:10;2026-07-01 10:47:59
191;200951;200951;Жатецький хміль (Saaz) гранули - 50 гр., α-2.7%;164.0000;25;1;0000-00-00;2026-06-30 23:01:10;2026-07-01 10:47:59
255;200957;200957;Солод BEST Pale Ale;79.5000;99;1;0000-00-00;2026-06-30 23:01:51;2026-07-01 10:47:59
282;200958;200958;ХМІЛЬ МАГНУМ (MAGNUM) - 50 гр, α-12,5%;50.0000;0;1;0000-00-00;2026-06-30 23:01:11;2026-07-01 10:47:59
281;200959;200959;Хмель Centennial (USA) 50 гр, α-9,3%;203.0000;0;1;0000-00-00;2026-06-30 23:01:11;2026-07-01 10:47:59
173;200966;200966;Пивні дріжджі SAFALE K-97, 10 гр;129.0000;0;1;0000-00-00;2026-06-30 23:01:10;2026-07-01 10:47:59
286;201001;201001;Хміль ХАЛЛЕРТАУ ТРАДИШИН (TRADITION) - 50 гр. α-6.4%;75.0000;0;1;0000-00-00;2026-06-30 23:01:12;2026-07-01 10:47:59
318;201200;201200;Хміль Cascade USA (Каскад) 50 г, α-6.5%;212.0000;0;1;0000-00-00;2026-06-30 23:01:12;2026-07-01 10:47:59
2023;2023;2023;Дріжджі спиртові Pinnacle M, 25g;125.0000;0;1;0000-00-00;2026-06-30 23:01:36;2026-07-01 10:47:59
2024;2024;2024;Спірально-призматична насадка (СПН) нержавіюча 3.5х3.5х0.36, 100 гр;105.0000;10;1;0000-00-00;2026-06-30 23:01:36;2026-07-01 10:47:59
497;202422;202422;Ареометр для спирту АСП-3 20-80;205.0000;1;1;0000-00-00;2026-06-30 23:01:14;2026-07-01 10:47:59
2025;2025;2025;Спірально-призматична насадка (СПН) мідна 3.5х3.5х0.35, 100 гр;139.0000;0;1;0000-00-00;2026-06-30 23:01:36;2026-07-01 10:47:59
1282;202569;202569;"Стакан вимірювання спиртуозності &quot;Папуга&quot; 100 мл.";230.0000;1;1;0000-00-00;2026-06-30 23:01:26;2026-07-01 10:47:59
1283;202570;202570;"Стакан вимірювання спиртуозності &quot;Папуга&quot; 250мл";250.0000;1;1;0000-00-00;2026-06-30 23:01:26;2026-07-01 10:47:59
1284;202586;202586;Колона для вуглювання скло;195.0000;0;1;0000-00-00;2026-06-30 23:01:26;2026-07-01 10:47:59
1074;202604;202604;Стакан вимірювальний високий 250мл;82.0000;0;1;0000-00-00;2026-06-30 23:01:24;2026-07-01 10:47:59
2036;2036;2036;Жарена пшениця BEST Roasted Wheat Light;0.0000;0;1;0000-00-00;2025-03-18 15:49:19;2026-07-01 10:47:59
2043;2043;2043;Концентрат квасного сусла (ККС) 5 кг;639.0000;7;1;0000-00-00;2026-06-30 23:01:36;2026-07-01 10:47:59
1465746405;2043-14;2043-14;Концентрат квасного сусла (ККС) 14 кг;1440.0000;4;1;0000-00-00;2026-06-30 23:01:48;2026-07-01 10:47:59
923;20591896;20591896;ДУБОВА ТРІСКА АМЕРИКАНСЬКИЙ ДУБ СЕРЕДНЯ ФРАКЦІЯ СЕРЕДНІЙ ВИПАЛ (100 Г);100.0000;0;1;0000-00-00;2026-06-30 23:01:22;2026-07-01 10:47:59
1465745857;20601;20601;Фітинг латунь ПАПА, 8 мм, різьба 1/4;40.0000;7;1;2024-11-13;2026-06-30 23:01:36;2026-07-01 10:47:59
1465745863;2062;2062;"Тройник нержавеющий под кламповое соединение 2&quot; дюйма DN51 AISI304";486.0000;5;1;2024-11-13;2026-06-30 23:01:36;2026-07-01 10:47:59
1465745996;20815894/MAG1063;20815894/MAG1063;Пневмокран (нержавійка);539.0000;999;1;2025-02-17;2026-06-30 23:06:00;2026-07-01 10:47:59
1465745859;2091;2091;Силіконовий лист 500х500х3мм;400.0000;0;1;2024-11-13;2026-06-30 23:01:36;2026-07-01 10:47:59
659;21001;21001;Пластикова овальна ємність для бродіння Speidel 60 л;3735.0000;998;1;0000-00-00;2026-06-30 23:00:14;2026-07-01 10:47:59
660;21002;21002;Пластикова ємність для бродіння Speidel 100 л овальна ;4715.0000;999;1;0000-00-00;2026-06-30 23:00:14;2026-07-01 10:47:59
661;21004;21004;Пластикова овальна ємність для бродіння Speidel 200 л;9675.0000;999;1;0000-00-00;2026-06-30 23:00:14;2026-07-01 10:47:59
662;21005;21005;Пластикова овальна ємність для бродіння Speidel 300 л;11700.0000;999;1;0000-00-00;2026-06-30 23:00:14;2026-07-01 10:47:59
247;21006;21006;Пластикова ємність для бродіння Speidel 30 л;2255.0000;988;1;0000-00-00;2026-06-30 23:00:06;2026-07-01 10:47:59
248;21007;21007;Пластикова ємність для бродіння 60 л Speidel ;5815.0000;999;1;0000-00-00;2026-06-30 23:00:06;2026-07-01 10:47:59
245;21008;21008;Пластикова ємність для бродіння Speidel 120 л;5985.0000;999;1;0000-00-00;2026-06-30 23:00:06;2026-07-01 10:47:59
155;21010;21010;Гідрозатвор, шпунт-апарат;493.0000;8;1;0000-00-00;2026-06-30 23:01:10;2026-07-01 10:47:59
464;21015;21015;Заглушка різьбова з прокладкою;140.0000;0;1;0000-00-00;2026-06-30 23:01:14;2026-07-01 10:47:59
361;21019;21019;Хомут пластикової кришки;270.0000;0;1;0000-00-00;2026-06-30 23:01:13;2026-07-01 10:47:59
463;21021;21021;Кришка для круглих бочок 60-120 л;1575.0000;5;1;0000-00-00;2026-06-30 23:01:14;2026-07-01 10:47:59
360;21025;21025;Прокладка кришки для бочок 60-120л;465.0000;5;1;0000-00-00;2026-06-30 23:01:13;2026-07-01 10:47:59
536;21031;21031;Ущільнювач кришки на ємність 20/30 л;135.0000;4;1;0000-00-00;2026-06-30 23:01:14;2026-07-01 10:47:59
663;21042;21042;Пластикова овальна ємність для бродіння Speidel 500 л;20090.0000;999;1;0000-00-00;2026-06-30 23:00:14;2026-07-01 10:47:59
215;21043;21043;Кран зливний SPEIDEL (пластик) diam. 10;305.0000;8;1;0000-00-00;2026-06-30 23:01:11;2026-07-01 10:47:59
244;21047;21047;Пластикова ємність для бродіння Speidel 12л;1870.0000;999;1;0000-00-00;2026-06-30 23:00:06;2026-07-01 10:47:59
246;21052;21052;Пластикова ємність для бродіння Speidel 20 л;2310.0000;999;1;0000-00-00;2026-06-30 23:00:06;2026-07-01 10:47:59
1465746006;21053740;21053740;Турбо дефлегматор 6 дюйма ;9900.0000;5;1;2025-02-17;2026-06-30 23:01:39;2026-07-01 10:47:59
189;21070;21070;Ємність ферментаційна Fermentegg 250 л;42540.0000;999;1;0000-00-00;2026-06-30 23:00:04;2026-07-01 10:47:59
190;21080;21080;Ємність ферментаційна Fermentegg 600 л;74370.0000;999;1;0000-00-00;2026-06-30 23:00:04;2026-07-01 10:47:59
304;21090;21090;Ємність ферментаційна Fermentegg 60 л;25150.0000;998;1;0000-00-00;2026-06-30 23:00:07;2026-07-01 10:47:59
1465745839;21233;21233;"Прокладка силіконова для кламп 8&quot; дюйми DN219";99.0000;7;1;2024-11-13;2026-06-30 23:01:36;2026-07-01 10:47:59
1465745840;21240;21240;"Прокладка силіконова для кламп 6&quot; дюйм DN159";75.0000;6;1;2024-11-13;2026-06-30 23:01:36;2026-07-01 10:47:59
1465745849;21257;21257;Клапан дисковий н/ж AISI 304 DN50 S-S;1454.0000;0;1;2024-11-13;2026-06-30 23:01:37;2026-07-01 10:47:59
1465745850;21264;21264;Клапан дисковий н/ж AISI 304 DN100 S-S;3770.0000;0;1;2024-11-13;2026-06-30 23:01:37;2026-07-01 10:47:59
1465745862;21271;21271;Ущільнення для клапана диск. VMQ DN50;170.0000;0;1;2024-11-13;2026-06-30 23:01:37;2026-07-01 10:47:59
1465745861;21288;21288;Ущільнення для клапана диск. VMQ DN100;360.0000;0;1;2024-11-13;2026-06-30 23:01:37;2026-07-01 10:47:59
1465745842;21295;21295;Відвід нж AISI 304 104x2,0;560.0000;5;1;2024-11-13;2026-06-30 23:01:37;2026-07-01 10:47:59
1465745837;21325;21325;Різьбове з'єднання у зборі DIN AISI 304 DN 50 (52x1,5);590.0000;10;1;2024-11-13;2026-06-30 23:01:37;2026-07-01 10:47:59
1465745880;21332;21332;Концентрат квасу трипільського;88.0000;16;1;2024-11-13;2026-06-30 23:01:37;2026-07-01 10:47:59
1465745948;21718695/COPS-00;21718695/COPS-00;2 дюйма Copper Spirit (без куба);10550.0000;999;1;2025-02-17;2026-06-30 23:00:50;2026-07-01 10:47:59
408;22200;22200;Подрібнювач яблук та груш для соку;57735.0000;999;1;0000-00-00;2026-06-30 23:00:10;2026-07-01 10:47:59
1368;22384;22384;Індикаторний папір PH 0-14;60.0000;1;1;0000-00-00;2026-06-30 23:01:27;2026-07-01 10:47:59
225;225;225;Мініспиртзавод 100 л з трирівневою колоною «арома»;783000.0000;999;1;0000-00-00;2026-06-30 23:00:05;2026-07-01 10:47:59
226;226;226;Мініспирт-завод 100 л зі спрощеною конструкцією колони «арома»;570000.0000;999;1;0000-00-00;2026-06-30 23:00:05;2026-07-01 10:47:59
445;22600-01;22600-01;Гідравлічний прес із нержавіючої сталі 40 л;51114.0000;999;1;0000-00-00;2026-06-30 23:00:10;2026-07-01 10:47:59
448;22618;22618;Гідравлічний прес 180 л;143600.0000;999;1;0000-00-00;2026-06-30 23:00:10;2026-07-01 10:47:59
444;22620-01;22620-01;Гідравлічний прес з нержавіючої сталі 20 л;42970.0000;999;1;0000-00-00;2026-06-30 23:00:10;2026-07-01 10:47:59
447;22690;22690;Прес для соку гідравлічний 90 л;60500.0000;0;1;0000-00-00;2026-06-30 23:00:10;2026-07-01 10:47:59
869;22690-01;22690-01;Гідравлічний прес із нержавіючої сталі 90 л;96380.0000;999;1;0000-00-00;2026-06-30 23:00:18;2026-07-01 10:47:59
899;22691;22691;Мішок для гідропресу 90л підвищеної щільності;2870.0000;999;1;0000-00-00;2026-06-30 23:00:19;2026-07-01 10:47:59
227;227;227;Мініспиртзавод 150 л з трирівневою колоною «арома»;844000.0000;999;1;0000-00-00;2026-06-30 23:00:05;2026-07-01 10:47:59
228;228;228;Мініспирт-завод 150 л зі спрощеною конструкцією колони «арома»;610500.0000;999;1;0000-00-00;2026-06-30 23:00:05;2026-07-01 10:47:59
229;229;229;Мініспирт-завод 250 л;1275000.0000;999;1;0000-00-00;2026-06-30 23:00:05;2026-07-01 10:47:59
1510;23175927-1-1;23175927-1-1;Неопреновий утеплювач для царги;190.0000;0;1;0000-00-00;2026-06-30 23:01:27;2026-07-01 10:47:59
1511;23175927-1-2;23175927-1-2;Неопреновий утеплювач для царги 3 дюйма;290.0000;0;1;0000-00-00;2026-06-30 23:01:27;2026-07-01 10:47:59
1512;23175927-1-3;23175927-1-3;Неопреновий утеплювач для царги Для рукави 4''50 см ?102 мм;390.0000;0;1;0000-00-00;2026-06-30 23:01:28;2026-07-01 10:47:59
1465746018;23175927/32306748;23175927/32306748;Царга 4 дюйма/50см  нержавійка (з ніпелем);2145.0000;999;1;2025-02-17;2026-06-30 23:06:12;2026-07-01 10:47:59
1465746020;23175927/59876557;23175927/59876557;Царга 4 дюйма/50см  нержавійка;1870.0000;999;1;2025-02-17;2026-06-30 23:06:13;2026-07-01 10:47:59
1465745952;23500052;23500052;Царга 4 дюйма Багатотрубна мультиплівкова ;3950.0000;5;1;2025-02-17;2026-06-30 23:01:38;2026-07-01 10:47:59
251;2516;2516;Солод пшеничний BEST Wheat Malt;76.8000;99;1;0000-00-00;2026-06-30 23:01:51;2026-07-01 10:47:59
1465746531;252elect;252elect;Електропакет для самогонного апарата 2,5 кВт з регулятором потужності та врізкою клампа 2″;3300.0000;10;1;2026-06-15;2026-06-30 23:01:06;2026-07-01 10:47:59
1465746550;25л;25л;"Кришка нержавіюча 25 л під кламп 2&quot; для перегінного куба";1705.0000;999;1;2026-06-19;2026-06-30 23:06:50;2026-07-01 10:47:59
922;27532446;27532446;ДУБОВА ТРІСКА АМЕРИКАНСЬКИЙ ДУБ ВЕЛИКА ФРАКЦІЯ СЕРЕДНІЙ ВИПАЛ (100 Г);100.0000;0;1;0000-00-00;2026-06-30 23:01:22;2026-07-01 10:47:59
308;2767;2767;Дріжджі SafSpirit FD-3 25 g;185.0000;0;1;0000-00-00;2026-06-30 23:01:12;2026-07-01 10:47:59
1465745964;28355651;28355651;Царга діоптр 2 дюйма/35см;1250.0000;5;1;2025-02-17;2026-06-30 23:01:39;2026-07-01 10:47:59
283;2837;2837;Хміль Норзерн Бревер (Northern Brewer) 50g, α - 10%;60.0000;59;1;0000-00-00;2026-06-30 23:01:12;2026-07-01 10:47:59
285;285;285;Хміль ХАЛЕРТАУ ТРАДІШИН (TRADITION) - 25 гр. α-6,5%;35.0000;0;1;0000-00-00;2026-06-30 23:01:12;2026-07-01 10:47:59
1465745966;28761528;28761528;Царга діоптр 2 дюйма/25см ;1150.0000;5;1;2025-02-17;2026-06-30 23:01:39;2026-07-01 10:47:59
1363;2894614;2894614;Самогонний апарат з ректифікаційною колоною 2″ та кубом 25 л;13950.0000;999;1;0000-00-00;2026-06-30 23:00:25;2026-07-01 10:47:59
1365;2894614-1;2894614-1;Самогонний апарат з ректифікаційною колоною 2″ та кубом 25 л (мідь);16000.0000;998;1;0000-00-00;2026-06-30 23:00:25;2026-07-01 10:47:59
1014;29079170;29079170;ОЧИЩУВАЧ МІДІ HOT ROD COPPER SHINER (50 Г);40.0000;0;1;0000-00-00;2026-06-30 23:01:23;2026-07-01 10:47:59
1250;300463;300463;Спиртометр (ареометр) побутовий Склоприлад 0-96%;58.0000;2;1;0000-00-00;2026-06-30 23:01:25;2026-07-01 10:47:59
918;300505;300505;Пивомір-виномір побутовий (ТО 14307481.01-2018);58.0000;12;1;0000-00-00;2026-06-30 23:01:22;2026-07-01 10:47:59
496;300634;300634;"Ареометр &quot;Брікс&quot; побутовий 0-35%";125.0000;0;1;0000-00-00;2026-06-30 23:01:14;2026-07-01 10:47:59
306;306;306;Швидкознімні з'єднання (латунь);250.0000;0;1;0000-00-00;2026-06-30 23:01:12;2026-07-01 10:47:59
1465746010;30616789-1;30616789-1;Перегінний куб 60л Фірмовий  з мідною кришкою;13450.0000;0;1;2025-02-17;2026-06-30 23:00:52;2026-07-01 10:47:59
1465746008;30616789-2;30616789-2;Перегінний куб 60л/3 дюйма Фірмовий  з мідною кришкою;13850.0000;0;1;2025-02-17;2026-06-30 23:00:52;2026-07-01 10:47:59
1465746007;30616789-3;30616789-3;Перегінний куб 60л/4 дюйма Фірмовий  з мідною кришкою;13950.0000;0;1;2025-02-17;2026-06-30 23:00:52;2026-07-01 10:47:59
1465746009;30616789-4;30616789-4;Перегінний куб 60л/2 дюйма Фірмовий  з мідною кришкою (з клампом під тен);15345.0000;999;1;2025-02-17;2026-06-30 23:06:05;2026-07-01 10:47:59
1465746013;30616789-5;30616789-5;Перегінний куб 60л/3 дюйма Фірмовий  з мідною кришкою (з клампом під тен);15785.0000;999;1;2025-02-17;2026-06-30 23:06:07;2026-07-01 10:47:59
1465746014;30616789-6;30616789-6;Перегінний куб 60л/4 дюйма Фірмовий  з мідною кришкою (з клампом під тен);15895.0000;999;1;2025-02-17;2026-06-30 23:06:08;2026-07-01 10:47:59
1465746370;30657753;30657753;Домашня пивоварня MagnumStill 40л ;19890.0000;999;1;2025-05-20;2026-06-30 23:01:02;2026-07-01 10:47:59
1465745916;3101-0001;3101-0001;Дистиллятор для ефірної олії 200 л.;126000.0000;999;1;2025-01-31;2025-09-17 23:05:37;2026-07-01 10:47:59
1465745917;3101-0003;3101-0003;Мідний таз для варення (соусниця) 4,5 л , 26 см;5869.0000;5;1;2025-01-31;2026-04-13 14:40:32;2026-07-01 10:47:59
312;312;312;Пластиковий баранець з гравіюванням;115.0000;0;1;0000-00-00;2026-06-30 23:01:12;2026-07-01 10:47:59
313;313;313;Прокладка 95х75х3мм;65.0000;0;1;0000-00-00;2026-06-30 23:01:12;2026-07-01 10:47:59
315;315;315;Прокладка фланця колони 2016;350.0000;0;1;0000-00-00;2026-06-30 23:01:12;2026-07-01 10:47:59
316;316;316;Сито для шишкового хмелю;3375.0000;1;1;0000-00-00;2026-06-30 23:01:12;2026-07-01 10:47:59
317;317;317;Скляний діоптр 3'';1900.0000;0;1;0000-00-00;2026-06-30 23:01:12;2026-07-01 10:47:59
322;3223;3223;Солод BEST Melanoidin;86.2000;99;1;0000-00-00;2026-06-30 23:01:52;2026-07-01 10:47:59
324;324;324;Помол солоду;5.0000;504;1;0000-00-00;2026-06-30 23:00:08;2026-07-01 10:47:59
326;3261;3261;Солод BEST Smoked;130.5000;99;1;0000-00-00;2026-06-30 23:01:52;2026-07-01 10:47:59
1413;32894308;32894308;Перегінний куб на 200 літрів;21500.0000;0;1;0000-00-00;2026-06-30 23:00:27;2026-07-01 10:47:59
1465745994;32894309;32894309;Перегінний куб 130л Фірмовий ;17500.0000;999;1;2025-02-17;2026-06-30 23:00:51;2026-07-01 10:47:59
1399;32894608-1-1;32894608-1-1;Перегінний куб 125 літрів 2 дюйма;12595.0000;999;1;0000-00-00;2026-06-30 23:03:07;2026-07-01 10:47:59
1439;32894608-1-2;32894608-1-2;Перегінний куб 125 літрів 3 дюйма;13035.0000;999;1;0000-00-00;2026-06-30 23:03:32;2026-07-01 10:47:59
1440;32894608-1-3;32894608-1-3;Перегінний куб 125 літрів 4 дюйма;13145.0000;999;1;0000-00-00;2026-06-30 23:03:33;2026-07-01 10:47:59
1465746003;32964225-1;32964225-1;Скляна флейта Вавілон Кристал 4 дюйма ;9570.0000;999;1;2025-02-17;2026-06-30 23:06:04;2026-07-01 10:47:59
1465746004;32964225-2;32964225-2;Скляна флейта Вавілон Кристал 4 дюйма/4 рівні ;12155.0000;999;1;2025-02-17;2026-06-30 23:06:05;2026-07-01 10:47:59
1465746002;32964225-3;32964225-3;Скляна флейта Вавілон Кристал 4 дюйма/5 рівнів;14740.0000;999;1;2025-02-17;2026-06-30 23:06:03;2026-07-01 10:47:59
1366;33197568-1;33197568-1;Ковпачкова колона 2 дюйми з нержавіючої сталі 3 рівні;11990.0000;999;1;0000-00-00;2026-06-30 23:03:03;2026-07-01 10:47:59
1461;33197568-2;33197568-2;Ковпачкова колона 2 дюйми з нержавіючої сталі 4 рівні;12980.0000;999;1;0000-00-00;2026-06-30 23:03:45;2026-07-01 10:47:59
1462;33197568-3;33197568-3;Ковпачкова колона 2 дюйми з нержавіючої сталі 5 рівнів;13970.0000;999;1;0000-00-00;2026-06-30 23:03:46;2026-07-01 10:47:59
1367;33197594-1;33197594-1;Самогонний апарат з ковпачковою колоною 2″ та кубом 25 л, нержавіюча сталь, 3 рівні;16350.0000;999;1;0000-00-00;2026-06-30 23:00:26;2026-07-01 10:47:59
1460;33197594-13;33197594-13;Самогонний апарат з ковпачковою колоною 2″ та кубом 25 л, нержавіюча сталь, 5 рівнів;18150.0000;999;1;0000-00-00;2026-06-30 23:00:28;2026-07-01 10:47:59
1459;33197594-7;33197594-7;Самогонний апарат з ковпачковою колоною 2″ та кубом 25 л, нержавіюча сталь, 4 рівні;17250.0000;999;1;0000-00-00;2026-06-30 23:00:28;2026-07-01 10:47:59
335;335;335;Перегінний куб «Доктор Губер» 13 л без кришки;4500.0000;0;1;0000-00-00;2026-06-30 23:00:08;2026-07-01 10:47:59
1465745951;33522111;33522111;"Багатотрубна мультиплівкова царга 3&quot; подовжена";4675.0000;999;1;2025-02-17;2026-06-30 23:06:35;2026-07-01 10:47:59
1465745877;33540;33540;Ареометр загального призначення АЗП-1 940-1000;196.0000;0;1;2024-11-13;2026-06-30 23:01:37;2026-07-01 10:47:59
1465745870;33557;33557;Ареометр загального призначення АОН-2 1080-1160;293.0000;1;1;2024-11-13;2026-06-30 23:01:37;2026-07-01 10:47:59
1465745875;33564;33564;Стакан Н-1 низький ТС 1000;199.0000;1;1;2024-11-13;2026-06-30 23:01:37;2026-07-01 10:47:59
1465745867;33595;33595;Спиртові Турбо Дріжджі Puriferm UK-48 на 25 л;115.0000;0;1;2024-11-13;2026-06-30 23:01:37;2026-07-01 10:47:59
336;336;336;Термочохол для сусловаркового котла 36л;980.0000;0;1;0000-00-00;2026-06-30 23:01:12;2026-07-01 10:47:59
1465745853;33625;33625;Кільце силіконове 10x5x2.5mm;10.0000;182;1;2024-11-13;2026-06-30 23:01:37;2026-07-01 10:47:59
1465745913;33656;33656;Електрична машинка для видалення кісточок з вишні;126400.0000;9;1;2024-11-14;2026-06-30 23:00:48;2026-07-01 10:47:59
337;337;337;Етикетка на пляшку;175.0000;0;1;0000-00-00;2026-06-30 23:01:12;2026-07-01 10:47:59
1465745879;33748;33748;Солодовий екстракт кукурудзяний 1,3 кг;120.0000;0;1;2024-11-13;2026-06-30 23:01:37;2026-07-01 10:47:59
1465745881;33755;33755;Солодовий екстракт пшеничний світлий 1,3 кг;100.0000;0;1;2024-11-13;2026-06-30 23:01:37;2026-07-01 10:47:59
1465745878;33779;33779;Солодовий екстракт ячмінний світлий, 1,3 кг;100.0000;0;1;2024-11-13;2026-06-30 23:01:37;2026-07-01 10:47:59
1465745838;33960;33960;Різьбове з'єднання у зборі DIN AISI 304 DN 100 (104x2);1850.0000;5;1;2024-11-13;2026-06-30 23:01:37;2026-07-01 10:47:59
395;33966888803;33966888803;Пробка з клапаном для міні КЕГ 5 л;20.0000;0;1;0000-00-00;2026-06-30 23:00:09;2026-07-01 10:47:59
1382;33974080-1;33974080-1;Самогонний апарат з ковпачковою колоною Premium 2″ та кубом 25 л;20150.0000;999;1;0000-00-00;2026-06-30 23:00:26;2026-07-01 10:47:59
341;341;341;Фланець з оглядовим склом КЛАМП 3'' (76мм);1900.0000;0;1;0000-00-00;2026-06-30 23:01:12;2026-07-01 10:47:59
1465745914;34172;34172;Хміль Sladek, α-6,5%, 50гр;99.0000;3;1;2024-12-26;2026-06-30 23:01:38;2026-07-01 10:47:59
342;342;342;Приймальний ковпак для КЛАМП 2-1/2” (53х12 мм);830.0000;0;1;0000-00-00;2026-06-30 23:01:13;2026-07-01 10:47:59
343;343;343;Приймальний ковпак КЛАМП 1,5-1/2” (38х12 мм);750.0000;0;1;0000-00-00;2026-06-30 23:01:13;2026-07-01 10:47:59
348;348;348;"Штуцер «ялинка» на КЛАМП 1/2&quot; (15мм)";260.0000;0;1;0000-00-00;2026-06-30 23:01:13;2026-07-01 10:47:59
1465746538;35023609;35023609;"&quot;Папуга&quot; підвісний під термометр для контролю міцності";1254.0000;999;1;2026-06-19;2026-06-30 23:06:33;2026-07-01 10:47:59
352;3520;3520;Солод BEST Munich;79.5000;99;1;0000-00-00;2026-06-30 23:01:52;2026-07-01 10:47:59
1465746532;352elect;352elect;Електропакет для самогонного апарата 3,5 кВт із регулятором потужності та врізкою під ТЕН;3450.0000;10;1;2026-06-15;2026-06-30 23:01:06;2026-07-01 10:47:59
353;3537;3537;Солод пшеничний BEST Heidelberg Wheat Malt;97.0000;993;1;0000-00-00;2026-06-30 23:00:09;2026-07-01 10:47:59
1465746537;35547492;35547492;"&quot;Папуга&quot; підвісний для безперервного контролю міцності";979.0000;999;1;2026-06-19;2026-06-30 23:06:32;2026-07-01 10:47:59
1465745972;35566903;35566903;Мідна тарілка діаметром 60мм;120.0000;5;1;2025-02-17;2026-06-30 23:01:39;2026-07-01 10:47:59
1465745970;35566903-1;35566903-1;Мідна тарілка діаметром 80мм;242.0000;999;1;2025-02-17;2026-06-30 23:05:49;2026-07-01 10:47:59
357;3575;3575;Кислота лимонна;192.0000;4;1;0000-00-00;2026-06-30 23:01:13;2026-07-01 10:47:59
1465745954;35800370;35800370;4 дюйма Відвід 90 градусів;990.0000;5;1;2025-02-17;2026-06-30 23:01:38;2026-07-01 10:47:59
358;3582;3582;Солод BEST Acidulated 0.25кг;38.9000;99;1;0000-00-00;2026-06-30 23:01:52;2026-07-01 10:47:59
359;359;359;Солод BEST Wheat Malt Dark;85.8000;99;1;0000-00-00;2026-06-30 23:01:52;2026-07-01 10:47:59
362;362;362;Пивна пляшка 500 мл під крону кришку;27.5000;991;1;0000-00-00;2026-06-30 23:00:09;2026-07-01 10:47:59
363;3636;3636;Хміль Yellow Sub - 50g,α-6,0%;180.0000;0;1;0000-00-00;2026-06-30 23:01:13;2026-07-01 10:47:59
1465745848;3650;3650;Відвід 90 н/ж 52х1.5 1.4301 S-S DIN11852;130.0000;0;1;2024-11-13;2026-06-30 23:01:13;2026-07-01 10:47:59
1465745855;37928030;37928030;"Кульовий кран кламповий 1,5&quot; DN38 з нержавіючої сталі AISI 304";715.0000;999;1;2024-11-13;2026-06-30 23:06:56;2026-07-01 10:47:59
1513;38092778;38092778;Перехідник на кламп внутрішнє різьблення 1/2 - 1,5  дюйма;150.0000;5;1;0000-00-00;2026-06-30 23:01:28;2026-07-01 10:47:59
500;38203;38203;Пивні дріжджі SafAle BE-256 (Abbaye) 11.5 гр;120.0000;0;1;0000-00-00;2026-06-30 23:01:14;2026-07-01 10:47:59
1514;38708190;38708190;Багатотрубна мультиплівкова царга 2 дюйма;1750.0000;6;1;0000-00-00;2026-06-30 23:01:28;2026-07-01 10:47:59
391;3918;3918;Термометр самоклеючий 18-34 С;50.0000;4;1;0000-00-00;2026-06-30 23:01:13;2026-07-01 10:47:59
392;3925;3925;Солод BEST Munich Dark;79.5000;99;1;0000-00-00;2026-06-30 23:01:52;2026-07-01 10:47:59
394;3949;3949;Міні КЕГ 5л з краном;590.0000;0;1;0000-00-00;2026-06-30 23:00:09;2026-07-01 10:47:59
1465745942;39497313;39497313;2 дюйма Magnum Profi;11900.0000;999;1;2025-02-17;2026-06-30 23:00:50;2026-07-01 10:47:59
1465745943;39497313-1;39497313-1;Бражна колона 2 дюйма Magnum Profi Plus (Aroma);15675.0000;999;1;2025-02-17;2026-06-30 23:05:39;2026-07-01 10:47:59
1465745936;39497314-1;39497314-1;Ковпачкова колона 2 дюйма Cristal Profi Plus (Aroma);18315.0000;999;1;2025-02-17;2026-06-30 23:05:34;2026-07-01 10:47:59
1465745938;39497314-2;39497314-2;Ковпачкова колона 2 дюйма/4рів. Cristal Profi Plus (Aroma);19305.0000;999;1;2025-02-17;2026-06-30 23:05:36;2026-07-01 10:47:59
1465745937;39497314-3;39497314-3;Ковпачкова колона 2 дюйма/5рів. Cristal Profi Plus (Aroma);20295.0000;999;1;2025-02-17;2026-06-30 23:05:35;2026-07-01 10:47:59
1465745939;39497315-1;39497315-1;Ковпачкова колона 2 дюйма Cristal Profi;15730.0000;999;1;2025-02-17;2026-06-30 23:05:37;2026-07-01 10:47:59
1465745940;39497315-2;39497315-2;Ковпачкова колона 2 дюйма/4 рів. Cristal Profi;16720.0000;999;1;2025-02-17;2026-06-30 23:05:37;2026-07-01 10:47:59
1465745941;39497315-3;39497315-3;Ковпачкова колона 2 дюйма/5 рів. Cristal Profi;17710.0000;999;1;2025-02-17;2026-06-30 23:05:38;2026-07-01 10:47:59
1465746431;39504;39504;Солодовий екстракт ячмінний карамельний, 5кг;665.0000;1;1;2025-12-08;2026-06-30 23:01:49;2026-07-01 10:47:59
1515;3ММЦ;3ММЦ;Багатортубна мультиплівкова царга 3 дюйма;3025.0000;999;1;0000-00-00;2026-06-30 23:04:15;2026-07-01 10:47:59
1465745959;4-90-1;4-90-1;Відвід 90 градусів 3 дюйма ;649.0000;999;1;2025-02-17;2026-06-30 23:05:44;2026-07-01 10:47:59
1465745956;4-90-2;4-90-2;3 дюйма відвід 90 градусів (з ніпелем);924.0000;999;1;2025-02-17;2026-06-30 23:05:42;2026-07-01 10:47:59
400;4007;4007;Солод BEST Black Malt eXtra 0.25 кг;33.0000;989;1;0000-00-00;2026-06-30 23:00:09;2026-07-01 10:47:59
407;407;407;Хміль Стіріан Голдінг (Styrian Golding) α-3,8% 50г;70.0000;0;1;0000-00-00;2026-06-30 23:01:13;2026-07-01 10:47:59
409;4090;4090;Ароматний хміль Strisselspalt , гранули α-2,0%, 50g;70.0000;0;1;0000-00-00;2026-06-30 23:01:13;2026-07-01 10:47:59
1516;40904056;40904056;Турбо дефлегматор 3 дюйма;3950.0000;5;1;0000-00-00;2026-06-30 23:01:28;2026-07-01 10:47:59
1465745975;40956803;40956803;"Миюча головка стаціонарна 1/2&quot; з нержавіючої сталі AISI 304";495.0000;999;1;2025-02-17;2026-06-30 23:06:41;2026-07-01 10:47:59
1465746549;40л-1;40л-1;Кришка нержавіюча 40 л без термометра для перегінного куба;1870.0000;999;1;2026-06-19;2026-06-30 23:06:50;2026-07-01 10:47:59
1465746551;40л-3;40л-3;"Кришка нержавіюча 40 л під кламп 3&quot; для перегінного куба";2310.0000;999;1;2026-06-19;2026-06-30 23:06:51;2026-07-01 10:47:59
1465746552;40л-4;40л-4;"Кришка нержавіюча 40 л під кламп 4&quot; для перегінного куба";2420.0000;999;1;2026-06-19;2026-06-30 23:06:52;2026-07-01 10:47:59
1465746487;41000-20;41000-20;Автоматична пивоварня Speidel Braumeister 1000 л;2310000.0000;999;1;2026-05-08;2026-06-30 23:01:06;2026-07-01 10:47:59
1465746488;41000-30;41000-30;Автоматична пивоварня Speidel Braumeister 1000 л Light;1865325.0000;999;1;2026-05-08;2026-06-30 23:01:06;2026-07-01 10:47:59
1465745922;41010-30;41010-30;Домашня пивоварня 10л Braumeister PLUS;99000.0000;999;1;2025-02-07;2026-05-08 14:28:25;2026-07-01 10:47:59
417;4175;4175;Солод BEST Chit Malt;83.5000;99;1;0000-00-00;2026-06-30 23:01:52;2026-07-01 10:47:59
419;4199;4199;Солод BEST Vienna (Віденський);79.5000;99;1;0000-00-00;2026-06-30 23:01:52;2026-07-01 10:47:59
420;420;420;Підставка під Braumeister 20 / 50 L;6750.0000;0;1;0000-00-00;2026-06-30 23:01:13;2026-07-01 10:47:59
423;423;423;Професійний подрібнювач для фруктів до 5000 кг/год;157500.0000;999;1;0000-00-00;2026-06-30 23:00:10;2026-07-01 10:47:59
1465746540;42438332;42438332;"Дистиляційний комплекс 130 л 4&quot; мікровинокурня";202950.0000;999;1;2026-06-19;2026-06-30 23:06:39;2026-07-01 10:47:59
425;4250;4250;Солод BEST Caramel Hell;87.6000;99;1;0000-00-00;2026-06-30 23:01:52;2026-07-01 10:47:59
1497;42523044-1;42523044-1;Відвід мідний 90° 2 дюйми;1045.0000;0;1;0000-00-00;2026-06-30 23:04:08;2026-07-01 10:47:59
1465745958;42523044-2;42523044-2;Відвід 90° мідь (з ніпелем) 2 дюйма ;1320.0000;0;1;2025-02-17;2026-06-30 23:05:43;2026-07-01 10:47:59
1465745967;42530230;42530230;Люк зі склом DN250;9900.0000;5;1;2025-02-17;2026-06-30 23:01:39;2026-07-01 10:47:59
426;4267;4267;Солод BEST Roasted Barley 0.25кг;38.5000;99;1;0000-00-00;2026-06-30 23:01:52;2026-07-01 10:47:59
1465746557;43186746;43186746;"Кран триходовий 2&quot; Т-тип для клампового з’єднання";2585.0000;999;1;2026-06-19;2026-06-30 23:06:57;2026-07-01 10:47:59
1465745955;43284622;43284622;Трійник нержавіючий під кламп 3 дюйма;850.0000;5;1;2025-02-17;2026-06-30 23:01:38;2026-07-01 10:47:59
1465745957;43305513;43305513;Трійник нержавіючий під кламп 2 дюйма;450.0000;5;1;2025-02-17;2026-06-30 23:01:38;2026-07-01 10:47:59
169;45050-10;45050-10;Домашня пивоварня Braumeister 50 L Plus 45050-10;130500.0000;999;1;0000-00-00;2026-06-30 23:00:03;2026-07-01 10:47:59
170;45050-30;45050-30;Speidel Braumeister PLUS 50 л — автоматична пивоварня з охолодженням;114550.0000;999;1;0000-00-00;2026-06-30 23:00:03;2026-07-01 10:47:59
1465746482;45100;45100;Автоматична пивоварня Speidel Braumeister 100 л;302500.0000;999;1;2026-05-08;2026-06-30 23:01:06;2026-07-01 10:47:59
1465746483;45200-20;45200-20;Автоматична пивоварня Speidel Braumeister 200 л;764500.0000;999;1;2026-05-08;2026-06-30 23:01:06;2026-07-01 10:47:59
454;4540;4540;Дріжджі  SafSpirit USW-6, 500g (American Whiskey);2956.0000;5;1;0000-00-00;2026-06-30 23:01:13;2026-07-01 10:47:59
455;455;455;Пивні дріжджі SAFALE WB-06, 500g;3500.0000;0;1;0000-00-00;2026-06-30 23:01:13;2026-07-01 10:47:59
499;45506;45506;Набір ущільнень до крана NW 10;67.5000;0;1;0000-00-00;2026-06-30 23:01:14;2026-07-01 10:47:59
1465746363;46188124;46188124;Кламп-швидкоз’єм для доохолоджувача-холодильника;490.0000;999;1;2025-05-20;2026-06-30 23:01:02;2026-07-01 10:47:59
1493;46379565;46379565;Мідний ковпачок 3 дюйми без тарілки;830.0000;5;1;0000-00-00;2026-06-30 23:01:27;2026-07-01 10:47:59
1465746485;46500-20;46500-20;Автоматична пивоварня Speidel Braumeister 500 л;1512500.0000;999;1;2026-05-08;2026-06-30 23:01:06;2026-07-01 10:47:59
1465746486;46500-30;46500-30;Автоматична пивоварня Speidel Braumeister 500 л Light;1302400.0000;999;1;2026-05-08;2026-06-30 23:01:06;2026-07-01 10:47:59
432;47009;47009;Щітка для КЕГ;1440.0000;998;1;0000-00-00;2026-06-30 23:00:10;2026-07-01 10:47:59
431;47014;47014;КЕГ для сидру, 50 л;16400.0000;998;1;0000-00-00;2026-06-30 23:00:10;2026-07-01 10:47:59
1896;47015;47015;"Шланг CO? зі зворотним клапаном 1/4&quot;";2375.0000;999;1;0000-00-00;2026-06-30 23:00:43;2026-07-01 10:47:59
671;47050;47050;Контейнер для соку об'ємом 65 літрів;11700.0000;999;1;0000-00-00;2026-06-30 23:00:14;2026-07-01 10:47:59
672;47051;47051;Контейнер для соку об'ємом 110 літрів;13500.0000;999;1;0000-00-00;2026-06-30 23:00:14;2026-07-01 10:47:59
673;47052;47052;Контейнер для соку об'ємом 170 літрів;16200.0000;999;1;0000-00-00;2026-06-30 23:00:14;2026-07-01 10:47:59
1391;47057;47057;Регулятор тиску CO2;5590.0000;999;1;0000-00-00;2026-06-30 23:00:26;2026-07-01 10:47:59
434;47057-0;47057-0;Редуктор СО2 регульований, Німеччина;4140.0000;99;1;0000-00-00;2026-06-30 23:00:10;2026-07-01 10:47:59
1392;47058;47058;Газовий балон CO2;5590.0000;999;1;0000-00-00;2026-06-30 23:00:26;2026-07-01 10:47:59
1465746479;47070-30;47070-30;Braumeister PLUS 20 л — автоматична пивоварня нового покоління;109450.0000;999;1;2026-05-07;2026-06-30 23:01:06;2026-07-01 10:47:59
333;47100;47100;Система розливу для КЕГ CORNELIUS (КОРНЕЛІУС);16274.0000;999;1;0000-00-00;2026-06-30 23:00:08;2026-07-01 10:47:59
674;47150;47150;Контейнер для соку повний комплект 65 літрів;13455.0000;999;1;0000-00-00;2026-06-30 23:00:14;2026-07-01 10:47:59
675;47151;47151;Контейнер для соку повний комплект 110 літрів;15300.0000;999;1;0000-00-00;2026-06-30 23:00:14;2026-07-01 10:47:59
677;47152;47152;Контейнер для соку повний комплект 170 літрів;17550.0000;999;1;0000-00-00;2026-06-30 23:00:14;2026-07-01 10:47:59
474;474;474;Кільце силіконове 9x4x2.5mm;8.0000;307;1;0000-00-00;2026-06-30 23:01:14;2026-07-01 10:47:59
476;476;476;Кільце ущільнювальне 20мм;20.0000;0;1;0000-00-00;2026-06-30 23:01:14;2026-07-01 10:47:59
1465746303;48077467;48077467;Неопреновий утеплювач для ЦКТ 50 літрів;2430.0000;999;1;2025-04-17;2025-04-17 11:51:16;2026-07-01 10:47:59
489;4892;4892;Солод BEST Biscuit (Бісквіт);104.7000;99;1;0000-00-00;2026-06-30 23:01:52;2026-07-01 10:47:59
1465745963;49059243;49059243;"Діоптр гайковий 4&quot; з підсвіткою, AISI 304";2475.0000;999;1;2025-02-17;2026-06-30 23:06:40;2026-07-01 10:47:59
1465746539;49492255;49492255;"&quot;Папуга&quot; настільний під термометр для контролю міцності";1034.0000;999;1;2026-06-19;2026-06-30 23:06:34;2026-07-01 10:47:59
1465746001;49755149-1;49755149-1;Кран кульовий 3/4 дюйма;275.0000;999;1;2025-02-17;2026-06-30 23:06:03;2026-07-01 10:47:59
1465746497;5032DB04;5032DB04;Пляшка з корком MIGUELETE, кориця, 500 мл;339.0000;1;1;2026-05-25;2026-06-30 23:01:06;2026-07-01 10:47:59
1465746286;5032DB622;5032DB622;Пляшка з корком MIGUELETE, зелений, 500 мл;339.0000;10;1;2025-03-17;2026-06-30 23:01:01;2026-07-01 10:47:59
1465746287;5033DB411;5033DB411;Пляшка з корком MIGUELETE, жовте золото, 700 мл;374.0000;0;1;2025-03-17;2026-06-30 23:01:01;2026-07-01 10:47:59
1465746436;5033DB484;5033DB484;Пляшка з корком MIGUELETE, 700 мл, гранат;447.0000;9;1;2026-01-07;2026-06-30 23:01:04;2026-07-01 10:47:59
1465746285;5033DB615;5033DB615;Пляшка з корком MIGUELETE, хакі, 700 мл;374.0000;0;1;2025-03-17;2026-06-30 23:01:01;2026-07-01 10:47:59
1465746284;5043DB400;5043DB400;Пляшка з корком LAZOS, кунжут, 700 мл;447.0000;10;1;2025-03-17;2026-06-30 23:01:01;2026-07-01 10:47:59
1465746437;5043DB408;5043DB408;Пляшка з корком LAZOS, 700 мл, зелена хвиля;447.0000;10;1;2026-01-07;2026-06-30 23:01:04;2026-07-01 10:47:59
1465746283;5047DB411;5047DB411;Пляшка з корком ANIS EL MONO, жовте золото, 500 мл;299.0000;10;1;2025-03-17;2026-06-30 23:01:01;2026-07-01 10:47:59
325;505978;505978;Солод Шато Віскі Лайт (Whisky Light);199.0000;99;1;0000-00-00;2026-06-30 23:01:53;2026-07-01 10:47:59
507;507;507;Солод VIKING PILSNER MALT;78.1000;99;1;0000-00-00;2026-06-30 23:01:52;2026-07-01 10:47:59
509;5097;5097;Пивні дріжджі Safale BE-134 (11 гр);80.0000;0;1;0000-00-00;2026-06-30 23:01:14;2026-07-01 10:47:59
510;510;510;Пивні дріжджі SafLager S-189 (11.5 гр);180.0000;0;1;0000-00-00;2026-06-30 23:01:14;2026-07-01 10:47:59
1465746280;5103;5103;Диспенсер для напоїв з корком та краном RACIMOS, 2 л;760.0000;991;1;2025-03-17;2026-06-30 23:01:01;2026-07-01 10:47:59
515;515;515;Солод Pale Ale (Пейл Ель) Viking Malt;78.1000;99;1;0000-00-00;2026-06-30 23:01:52;2026-07-01 10:47:59
1465745976;51535995;51535995;"Миюча головка ротаційна 1/2&quot; з нержавіючої сталі AISI 304";737.0000;999;1;2025-02-17;2026-06-30 23:06:41;2026-07-01 10:47:59
1465746282;5157G20;5157G20;Лимонадник для напоїв з кришкою та краном CILINDRO, 6 л;1160.0000;997;1;2025-03-17;2026-06-30 23:01:01;2026-07-01 10:47:59
516;516;516;Солод Vienna (Віденський) Viking Malt;78.8000;99;1;0000-00-00;2026-06-30 23:01:52;2026-07-01 10:47:59
517;5172;5172;Солод Munich (Мюнхенський) Viking Malt;78.8000;99;1;0000-00-00;2026-06-30 23:01:52;2026-07-01 10:47:59
518;5189;5189;Солод карамельний BEST Caramel® Pils;91.6000;99;1;0000-00-00;2026-06-30 23:01:52;2026-07-01 10:47:59
519;519;519;Солод пшеничний Viking Wheat Malt;78.1000;99;1;0000-00-00;2026-06-30 23:01:52;2026-07-01 10:47:59
523;5233;5233;Хміль Spalter Select (Селект) α-3.0..6.5 %, кг;700.0000;0;1;0000-00-00;2026-06-30 23:01:14;2026-07-01 10:47:59
524;5240;5240;Хміль CASCADE (КАСКАД) α-5,6%, кг;970.0000;0;1;0000-00-00;2026-06-30 23:01:14;2026-07-01 10:47:59
1465746275;5294G20;5294G20;Диспенсер для напоїв з кришкою та краном EST. 1896, 12,5 л;1880.0000;999;1;2025-03-17;2026-06-30 23:01:01;2026-07-01 10:47:59
1465746276;5296G20;5296G20;Диспенсер для напоїв з кришкою та краном EST. 1896, 6 л.;1020.0000;999;1;2025-03-17;2026-06-30 23:00:49;2026-07-01 10:47:59
1465746273;5297G20;5297G20;Диспенсер для напоїв з кришкою та краном ABEJA, 8 л;1369.0000;990;1;2025-03-17;2026-06-30 23:01:01;2026-07-01 10:47:59
1465746277;5298G20;5298G20;Диспенсер для напоїв з кришкою та краном TIKI, 6 л;1080.0000;998;1;2025-03-17;2026-06-30 23:01:01;2026-07-01 10:47:59
1465746279;5298G20DB08;5298G20DB08;Диспенсер для напоїв з кришкою та краном TIKI, 6л, оранж;1350.0000;999;1;2025-03-17;2026-06-30 23:01:01;2026-07-01 10:47:59
1465746278;5298G20DB22;5298G20DB22;Диспенсер для напоїв з кришкою та краном TIKI, 6л, ківі;1350.0000;999;1;2025-03-17;2026-06-30 23:01:01;2026-07-01 10:47:59
1465746294;5541DB400;5541DB400;Бутиль COLONIAL, 12 л, кунжут;1488.0000;999;1;2025-03-17;2026-06-30 23:01:01;2026-07-01 10:47:59
1465746298;5541_1;5541_1;Бутиль з корком COLONIAL, 12 л;1178.0000;998;1;2025-03-17;2026-06-30 23:01:01;2026-07-01 10:47:59
1465746296;5542DB400;5542DB400;Бутиль COLONIAL, 4 л, кунжут;528.0000;998;1;2025-03-17;2026-06-30 23:01:01;2026-07-01 10:47:59
1465746295;5542DB615;5542DB615;Бутиль COLONIAL, 4 л, хакі;528.0000;998;1;2025-03-17;2026-06-30 23:01:01;2026-07-01 10:47:59
1465746300;5542_1;5542_1;Бутиль з корком COLONIAL, 4 л;418.0000;996;1;2025-03-17;2026-06-30 23:00:49;2026-07-01 10:47:59
1465746434;5575DB27;5575DB27 ;Бутиль GARRAFA 34 л карамель;2918.0000;999;1;2025-12-10;2026-06-30 23:01:04;2026-07-01 10:47:59
1465746433;5577DB622;5577DB622;Бутиль GARRAFA 34 л зелений ;2918.0000;999;1;2025-12-10;2026-06-30 23:01:04;2026-07-01 10:47:59
570;570;570;Хміль Нозерн Бревер (Northern Brewer) кг, α - 10%;700.0000;0;1;0000-00-00;2026-06-30 23:01:15;2026-07-01 10:47:59
1465746291;5743DB622;5743DB622;Бутиль BOTELLA, 12 л, зелений;1488.0000;998;1;2025-03-17;2026-06-30 23:01:01;2026-07-01 10:47:59
1465746292;5744DB04;5744DB04;Бутиль GARRAFA, 4 л, кориця;528.0000;993;1;2025-03-17;2026-06-30 23:01:01;2026-07-01 10:47:59
1465746281;5757G20;5757G20;Лимонадник для напоїв з кришкою та краном CILINDRO, 12,5 л;1960.0000;998;1;2025-03-17;2026-06-30 23:01:01;2026-07-01 10:47:59
578;578;578;Самогонний апарат з дефлегматором 24 л;23170.0000;0;1;0000-00-00;2026-06-30 23:00:13;2026-07-01 10:47:59
587;587;587;Аламбік з колоною на 5 л;15750.0000;0;1;0000-00-00;2026-06-30 23:00:13;2026-07-01 10:47:59
1465746293;5871DB400;5871DB400;Бутиль CABERNET, 12 л, кунжут;1558.0000;998;1;2025-03-17;2026-06-30 23:01:01;2026-07-01 10:47:59
588;588;588;Аламбік з колоною на 10 л;22050.0000;0;1;0000-00-00;2026-06-30 23:00:13;2026-07-01 10:47:59
589;589;589;Аламбік з колоною на 20 л;24750.0000;0;1;0000-00-00;2026-06-30 23:00:13;2026-07-01 10:47:59
590;590;590;Аламбік з колоною на 30 л;28575.0000;0;1;0000-00-00;2026-06-30 23:00:13;2026-07-01 10:47:59
1517;59057651;59057651;Скло боросилікатне D80мм H500mm;850.0000;5;1;0000-00-00;2026-06-30 23:01:28;2026-07-01 10:47:59
591;591;591;Аламбік з колоною на 40 л;33975.0000;0;1;0000-00-00;2026-06-30 23:00:13;2026-07-01 10:47:59
592;592;592;Аламбік з колоною на 50 л;85500.0000;0;1;0000-00-00;2026-06-30 23:00:13;2026-07-01 10:47:59
1465746438;5921DB776;5921DB776;Пляшка з корком TOSCANA, 700 мл, сірий;460.0000;10;1;2026-01-07;2026-06-30 23:01:04;2026-07-01 10:47:59
1465746496;5923DB794;5923DB794;Пляшка з корком TOSCANA, бірюзовий, 500 мл;339.0000;1;1;2026-05-25;2026-06-30 23:01:06;2026-07-01 10:47:59
1465746274;5968G20;5968G20;Диспенсер для напоїв, комбучі з кришкою та краном AUTHENTIC, 4 л;760.0000;995;1;2025-03-17;2026-06-30 23:00:49;2026-07-01 10:47:59
307;5979;5979;Пивні дріжджі Safale WB-06 - 11,5 g;140.0000;0;1;0000-00-00;2026-06-30 23:01:12;2026-07-01 10:47:59
1465746545;"60л-2""";"60л-2""";"Кришка нержавіюча 60 л під кламп 2&quot; для перегінного куба";2145.0000;999;1;2026-06-19;2026-06-30 23:06:46;2026-07-01 10:47:59
1465746546;"60л-3""";"60л-3""";"Кришка нержавіюча 60 л під кламп 3&quot; для перегінного куба";2585.0000;999;1;2026-06-19;2026-06-30 23:06:47;2026-07-01 10:47:59
1465746547;"60л-4""";"60л-4""";"Кришка нержавіюча 60 л під кламп 4&quot; для перегінного куба";2695.0000;999;1;2026-06-19;2026-06-30 23:06:48;2026-07-01 10:47:59
1023;61928074;61928074;ДУБОВА ТРІСКА ФРАНЦУЗЬКИЙ ДУБ СЕРЕДНЯ ФРАКЦІЯ СЕРЕДНІЙ ВИПАЛ (100 Г);100.0000;0;1;0000-00-00;2026-06-30 23:01:23;2026-07-01 10:47:59
1465746362;62500863;62500863;Затвор дисковий під кламп 2 дюйми, кран метелик;770.0000;999;1;2025-05-20;2026-06-30 23:01:01;2026-07-01 10:47:59
439;63226;63226;Мембрана гідропресу 20 л;5074.0000;999;1;0000-00-00;2026-06-30 23:00:10;2026-07-01 10:47:59
436;63230;63230;Мішок для пресу 20 л;2058.0000;998;1;0000-00-00;2026-06-30 23:00:10;2026-07-01 10:47:59
1310;63260;63260;Адаптер GEKA G 3/4;140.0000;999;1;0000-00-00;2026-06-30 23:00:24;2026-07-01 10:47:59
440;63272;63272;Мембрана гідропресу 40 л;6020.0000;999;1;0000-00-00;2026-06-30 23:00:10;2026-07-01 10:47:59
437;63273;63273;Мішок для пресу 40 л;2401.0000;998;1;0000-00-00;2025-10-18 17:04:29;2026-07-01 10:47:59
441;63285;63285;Мембрана гідропресу 90 л;7800.0000;999;1;0000-00-00;2026-06-30 23:00:10;2026-07-01 10:47:59
433;63286;63286;Мішок для пресу 90 л;3038.0000;999;1;0000-00-00;2026-06-30 23:00:10;2026-07-01 10:47:59
442;63831;63831;Мембрана гідропресу 180 л;8815.0000;998;1;0000-00-00;2026-06-30 23:00:10;2026-07-01 10:47:59
438;63840;63840;Мішок для пресу 180 л;4018.0000;999;1;0000-00-00;2026-06-30 23:00:10;2026-07-01 10:47:59
867;63865;63865;Гільза гідрозатвору SPEIDEL для плаваючої кришки;270.0000;3;1;0000-00-00;2026-06-30 23:01:21;2026-07-01 10:47:59
485;63887;63887;Термометр біметалічний;1890.0000;0;1;0000-00-00;2026-06-30 23:01:14;2026-07-01 10:47:59
486;64071;64071;Гільза для термометра NW 10;1590.0000;0;1;0000-00-00;2026-06-30 23:01:14;2026-07-01 10:47:59
1465745953;64490673;64490673;"Багатотрубна мультиплівкова царга 4&quot; подовжена";6325.0000;999;1;2025-02-17;2026-06-30 23:06:36;2026-07-01 10:47:59
682;64939;64939;"Кран нержавіючий кульовий 1&quot;";3570.0000;0;1;0000-00-00;2026-06-30 23:01:15;2026-07-01 10:47:59
484;64949;64949;Кран відбору проб NW 10;2360.0000;0;1;0000-00-00;2026-06-30 23:01:14;2026-07-01 10:47:59
522;65276;65276;"Кран нержавіючий G ?&quot;";1890.0000;1;1;0000-00-00;2026-06-30 23:01:14;2026-07-01 10:47:59
1465745999;66381614;66381614;Кран кульовий 1/2 дюйма ;200.0000;5;1;2025-02-17;2026-06-30 23:01:39;2026-07-01 10:47:59
712;66609;66609;Захист краю для Braumeister 10/20/50 L;180.0000;3;1;0000-00-00;2026-06-30 23:01:15;2026-07-01 10:47:59
748;66627;66627;Насос (Помпа) для Braumeister 10/20/50 L;5400.0000;0;1;0000-00-00;2026-06-30 23:01:16;2026-07-01 10:47:59
521;66686;66686;"перехідник Gardena ?&quot;";765.0000;2;1;0000-00-00;2026-06-30 23:01:14;2026-07-01 10:47:59
412;66712;66712;Пристрій перекачування сусла для Braumeister 20L;4860.0000;0;1;0000-00-00;2026-06-30 23:01:13;2026-07-01 10:47:59
411;66713;66713;Пристрій перекачування сусла для Braumeister 50L;5460.0000;1;1;0000-00-00;2026-06-30 23:01:13;2026-07-01 10:47:59
520;66715;66715;Термометр самоклеючий SPEIDEL 4-24 С;200.0000;2;1;0000-00-00;2026-06-30 23:01:14;2026-07-01 10:47:59
760;66725;66725;Шкала для 30 л бочки;270.0000;4;1;0000-00-00;2026-06-30 23:01:16;2026-07-01 10:47:59
761;66726;66726;Шкала для 60л бочки;270.0000;1;1;0000-00-00;2026-06-30 23:01:16;2026-07-01 10:47:59
461;66733;66733;Low-Oxygen кришка для Braumeister 50L;5400.0000;0;1;0000-00-00;2026-06-30 23:01:13;2026-07-01 10:47:59
538;66928;66928;Дрібне сито для Braumeister 20L;675.0000;0;1;0000-00-00;2026-06-30 23:01:14;2026-07-01 10:47:59
875;66929;66929;Сито для Braumeister 50L;900.0000;1;1;0000-00-00;2026-06-30 23:01:21;2026-07-01 10:47:59
678;6780;6780;Хміль Mosaic® Brand (МОЗАІК), 1 кг;1850.0000;0;1;0000-00-00;2026-06-30 23:01:15;2026-07-01 10:47:59
1470;67916352;67916352;Ковпачок у міні діоптрі 2 дюйми;1450.0000;5;1;0000-00-00;2026-06-30 23:01:27;2026-07-01 10:47:59
1471;67916352-1;67916352-1;Ковпачок у міні діоптрі 3 дюйми;2530.0000;999;1;0000-00-00;2026-06-30 23:03:48;2026-07-01 10:47:59
1472;67916352-1-1;67916352-1-1;Ковпачок у міні діоптрі 4 дюйми;3960.0000;999;1;0000-00-00;2026-06-30 23:03:48;2026-07-01 10:47:59
1058;68431404;68431404;Дубова щепа ФРАНЦУЗЬКИЙ ДУБ МІЛКА ФРАКЦІЯ СРЕДНІЙ ВИПАЛ (100 Г);100.0000;0;1;0000-00-00;2026-06-30 23:01:24;2026-07-01 10:47:59
685;6858;6858;Солод карамельний BEST Caramel® Amber;83.1000;99;1;0000-00-00;2026-06-30 23:01:52;2026-07-01 10:47:59
688;6889;6889;Хміль ХЕРСБРУКЕР (Hersbrucker) – 1 кг.;1188.0000;0;1;0000-00-00;2026-06-30 23:01:15;2026-07-01 10:47:59
405;69315;69315;Шаровий кран з нержавіючої сталі для Fermentegg 250 л та 600 л;4350.0000;0;1;0000-00-00;2026-06-30 23:01:13;2026-07-01 10:47:59
193;7-002;7-002;Випарний бак 13 л;3620.0000;0;1;0000-00-00;2026-06-30 23:00:04;2026-07-01 10:47:59
194;7-003;7-003;Випарний бак 20 л;4600.0000;0;1;0000-00-00;2026-06-30 23:00:04;2026-07-01 10:47:59
195;7-004;7-004;Випарний бак 25 л;4800.0000;0;1;0000-00-00;2026-06-30 23:00:04;2026-07-01 10:47:59
196;7-005;7-005;Випарний бак 36 л;5200.0000;0;1;0000-00-00;2026-06-30 23:00:04;2026-07-01 10:47:59
202;7-006;7-006;"Колона &quot;Арома компакт&quot; 4 рівня нерж.";9580.0000;0;1;0000-00-00;2026-06-30 23:01:10;2026-07-01 10:47:59
201;7-007;7-007;"Колона &quot;Арома компакт&quot; 4 рівня мідь";13200.0000;0;1;0000-00-00;2026-06-30 23:01:10;2026-07-01 10:47:59
264;7-010;7-010;Склянка вимірювання спиртуозності;1130.0000;0;1;0000-00-00;2026-06-30 23:01:11;2026-07-01 10:47:59
197;7-029;7-029;Випарний куб 2016 - 13 л;7200.0000;1;1;0000-00-00;2026-06-30 23:00:04;2026-07-01 10:47:59
249;7-036;7-036;Прокладка кришки випарного куба;490.0000;0;1;0000-00-00;2026-06-30 23:01:11;2026-07-01 10:47:59
239;7-038;7-038;Ніпель для термометра з різьбленням;460.0000;1;1;0000-00-00;2026-06-30 23:01:11;2026-07-01 10:47:59
216;7-041;7-041;Кришка нержавіюча D32 см;629.0000;0;1;0000-00-00;2026-06-30 23:01:11;2026-07-01 10:47:59
205;7-042;7-042;Кошик для солоду під казан 21 л D32 см;5600.0000;0;1;0000-00-00;2026-06-30 23:01:10;2026-07-01 10:47:59
206;7-043;7-043;Кошик для солоду під казан 36 л D32 см;6055.0000;0;1;0000-00-00;2026-06-30 23:01:10;2026-07-01 10:47:59
330;7-047;7-047;Сферичний ковпак 3х1,5'';1090.0000;1;1;0000-00-00;2026-06-30 23:01:12;2026-07-01 10:47:59
329;7-049;7-049;Перфорований рівень джин-кошика;270.0000;1;1;0000-00-00;2026-06-30 23:01:12;2026-07-01 10:47:59
204;7-050;7-050;Ковпачкова тарілка для діоптру нержавіюча сталь;975.0000;0;1;0000-00-00;2026-06-30 23:01:10;2026-07-01 10:47:59
203;7-051;7-051;Ковпачкова тарілка для діоптру мідь;1490.0000;0;1;0000-00-00;2026-06-30 23:01:10;2026-07-01 10:47:59
250;7-054;7-054;Простий джин-кошик 2 рівня;5245.0000;0;1;0000-00-00;2026-06-30 23:01:11;2026-07-01 10:47:59
172;7-055;7-055;Дод. рівень арома нерж з діоптром;3090.0000;0;1;0000-00-00;2026-06-30 23:01:10;2026-07-01 10:47:59
171;7-056;7-056;Дод. рівень арома мідь із діоптром;3420.0000;0;1;0000-00-00;2026-06-30 23:01:10;2026-07-01 10:47:59
280;7-058;7-058;Фланець з ніпелем для колон 38 мм.;680.0000;0;1;0000-00-00;2026-06-30 23:01:11;2026-07-01 10:47:59
240;7-063;7-063;Заснування колони АРОМА під КЛАМП;650.0000;0;1;0000-00-00;2026-06-30 23:01:11;2026-07-01 10:47:59
242;7-066;7-066;Перехідник 135 градусів;860.0000;0;1;0000-00-00;2026-06-30 23:01:11;2026-07-01 10:47:59
711;70298;70298;Плаваюча пневматична кришка 500мм;6300.0000;0;1;0000-00-00;2026-06-30 23:01:15;2026-07-01 10:47:59
1059;70352392;70352392;Дубова щепа АМЕРИКАНСЬКИЙ ДУБ МІЛКА ФРАКЦІЯ СРЕДНІЙ ВИПАЛ (100 Г);100.0000;0;1;0000-00-00;2026-06-30 23:01:24;2026-07-01 10:47:59
1465746021;70586477-7;70586477-7;Царга 3 дюйма/50см  нержавійка;1430.0000;999;1;2025-02-17;2026-06-30 23:06:15;2026-07-01 10:47:59
1465746022;70586477-9;70586477-9;Царга 3 дюйма/50см  нержавійка (з ніпелем);1705.0000;999;1;2025-02-17;2026-06-30 23:06:16;2026-07-01 10:47:59
710;7107;7107;Солод Viking Chocolate (Шоколад) 0.25кг;32.7000;99;1;0000-00-00;2026-06-30 23:01:52;2026-07-01 10:47:59
537;72610;72610;Ущільнювач солодової труби Braumeister 20L;540.0000;1;1;0000-00-00;2026-06-30 23:01:14;2026-07-01 10:47:59
305;72896;72896;Ареометр для сусла, шкала 0-20 Plato + термометр;900.0000;0;1;0000-00-00;2026-06-30 23:01:12;2026-07-01 10:47:59
320;72897;72897;Циліндр 100 мл пласт. для ареометра;405.0000;0;1;0000-00-00;2026-06-30 23:01:12;2026-07-01 10:47:59
422;72898;72898;Ківш для солоду;540.0000;0;1;0000-00-00;2026-06-30 23:01:13;2026-07-01 10:47:59
237;72899;72899;Нержавіючий охолоджувач сусла для Braumeister 20 L;4500.0000;0;1;0000-00-00;2026-06-30 23:01:11;2026-07-01 10:47:59
238;72900;72900;Нержавіючий охолоджувач сусла для Braumeister 50 л;9450.0000;0;1;0000-00-00;2026-06-30 23:01:11;2026-07-01 10:47:59
262;72903;72903;Солодоподрібнювач ручний;4912.0000;999;1;0000-00-00;2026-06-30 23:00:06;2026-07-01 10:47:59
539;73026;73026;Нержавіючий ТЕН для Braumeister 20/50L;3510.0000;0;1;0000-00-00;2026-06-30 23:01:15;2026-07-01 10:47:59
747;7473;7473;Солод ШАТО ПІТЕД (Копчений);45.0000;0;1;0000-00-00;2026-06-30 23:00:16;2026-07-01 10:47:59
483;75104;75104;"Нержавіючий шаровий кран 3/4&quot;, V2A";3150.0000;1;1;0000-00-00;2026-06-30 23:01:14;2026-07-01 10:47:59
713;75113;75113;Ущільнювач солодової труби Braumeister 50L;910.0000;0;1;0000-00-00;2026-06-30 23:01:15;2026-07-01 10:47:59
762;75187;75187;Нержавіючий ТЕН для Braumeister 50 L;4275.0000;0;1;0000-00-00;2026-06-30 23:01:16;2026-07-01 10:47:59
752;7527;7527;Солод ШАТО ПЕЙЛ ЕЛЬ® (Pale Ale);52.0000;0;1;0000-00-00;2026-06-30 23:00:16;2026-07-01 10:47:59
755;7558;7558;Цукор світлий карамельний 0,5 кг;75.0000;0;1;0000-00-00;2026-06-30 23:01:16;2026-07-01 10:47:59
763;763;763;Солод Шато ДИСТИЛІН (CHATEAU DISTILLING®);107.6000;99;1;0000-00-00;2026-06-30 23:01:53;2026-07-01 10:47:59
1494;76337120;76337120;Міжрівнева прокладка під скло діаметром 60мм;150.0000;7;1;0000-00-00;2026-06-30 23:01:27;2026-07-01 10:47:59
766;7664;7664;Солод житній Viking Rye Malt;113.2000;99;1;0000-00-00;2026-06-30 23:01:52;2026-07-01 10:47:59
1232;76685;76685;Прокладка силіконова з бортом,  ? 350;1435.0000;2;1;0000-00-00;2026-06-30 23:01:25;2026-07-01 10:47:59
767;7671;7671;Дріжджі SafSpirit USW-6, 25g (American Whiskey);185.0000;0;1;0000-00-00;2026-06-30 23:01:16;2026-07-01 10:47:59
768;7688;7688;Дріжджі SafSpirit™ HG-1, 0.5 кг;2320.0000;0;1;0000-00-00;2026-06-30 23:01:16;2026-07-01 10:47:59
769;7695;7695;Дріжджі DISTILAMAX® MW Whiskey, 500гр;1850.0000;5;1;0000-00-00;2026-06-30 23:01:16;2026-07-01 10:47:59
772;7725;7725;Солод карамельний BEST Caramel Munich III, 0.25 кг;27.4000;99;1;0000-00-00;2026-06-30 23:01:52;2026-07-01 10:47:59
488;77278;77278;Контролер температури бродіння G?rmeister;18000.0000;0;1;0000-00-00;2026-06-30 23:01:14;2026-07-01 10:47:59
904;77280-05;77280-05;Винні фруктові дріжджі;154.0000;0;1;0000-00-00;2026-06-30 23:01:22;2026-07-01 10:47:59
773;7732;7732;Дріжджі SafSpirit GR-2 (Grain), 25 гр;185.0000;0;1;0000-00-00;2026-06-30 23:01:17;2026-07-01 10:47:59
749;77329;77329;Насос перекачування сусла для Braumeister 200/500/1000 L;35100.0000;0;1;0000-00-00;2026-06-30 23:01:16;2026-07-01 10:47:59
275;77354;77354;Термосорочка для Braumeister 20 л;3600.0000;0;1;0000-00-00;2026-06-30 23:01:11;2026-07-01 10:47:59
276;77355;77355;Термосорочка для Braumeister 50 л;4950.0000;1;1;0000-00-00;2026-06-30 23:01:11;2026-07-01 10:47:59
1465745833;77360;77360;Кабель живлення до ВМ 50 L;1050.0000;1;1;2024-11-13;2026-06-30 23:01:36;2026-07-01 10:47:59
421;77367;77367;Ємність для бродіння з конічним дном 30L;13275.0000;999;1;0000-00-00;2026-06-30 23:00:10;2026-07-01 10:47:59
443;77368;77368;Ємність для бродіння з конічним дном 65L;14760.0000;999;1;0000-00-00;2026-06-30 23:00:10;2026-07-01 10:47:59
451;77369;77369;Ємність для бродіння з конічним дном 120L;19740.0000;999;1;0000-00-00;2026-06-30 23:00:11;2026-07-01 10:47:59
544;77376;77376;КЕГ КОРНЕЛІУС (CORNELIUS), 9 Л;7020.0000;999;1;0000-00-00;2026-06-30 23:00:12;2026-07-01 10:47:59
321;77377;77377;КЕГ КОРНЕЛІУС (CORNELIUS), 18 Л;7740.0000;999;1;0000-00-00;2026-06-30 23:00:08;2026-07-01 10:47:59
156;77390;77390;Дерев'яна лопатка пивовара - 70 см;540.0000;0;1;0000-00-00;2026-06-30 23:01:10;2026-07-01 10:47:59
687;77397;77397;Змійовиковий охолоджувач для ЦКТ 60-120 л;8100.0000;1;1;0000-00-00;2026-06-30 23:01:15;2026-07-01 10:47:59
686;77400;77400;Підставка під ємності 240 л;8600.0000;0;1;0000-00-00;2026-06-30 23:01:15;2026-07-01 10:47:59
876;77430;77430;Сито для Braumeister 10 L;540.0000;0;1;0000-00-00;2026-06-30 23:01:21;2026-07-01 10:47:59
236;77445;77445;Нержавіючий охолоджувач сусла для Braumeister 10 L;3825.0000;0;1;0000-00-00;2026-06-30 23:01:11;2026-07-01 10:47:59
148;77455;77455;Wi-Fi модуль до пивоварні Braumeister;6300.0000;2;1;0000-00-00;2026-06-30 23:01:09;2026-07-01 10:47:59
487;77457;77457;Охолоджуючий блок 0,3 кВт;36450.0000;999;1;0000-00-00;2026-06-30 23:00:11;2026-07-01 10:47:59
541;77467;77467;Солодоподрібнювач Speidel;34000.0000;999;1;0000-00-00;2026-06-30 23:00:12;2026-07-01 10:47:59
774;7749;7749;Дріжджі SafSpirit™ HG-1, 25 гр;155.0000;0;1;0000-00-00;2026-06-30 23:01:17;2026-07-01 10:47:59
753;77490;77490;Підставка для Braumeister 50l;10500.0000;1;1;0000-00-00;2026-06-30 23:01:16;2026-07-01 10:47:59
479;77520;77520;Підставка під ємності 60-120л;4950.0000;0;1;0000-00-00;2026-06-30 23:01:14;2026-07-01 10:47:59
777;7770;7770;Солод  PILSNER ZERO VIKING MALT;39.0000;0;1;0000-00-00;2026-06-30 23:00:16;2026-07-01 10:47:59
780;7800;7800;Солод карамельний Viking Caramel 300;5.3000;99;1;0000-00-00;2026-06-30 23:01:52;2026-07-01 10:47:59
1393;780000;780000;Насос для перекачування рідини NOVAX 25M;11400.0000;0;1;0000-00-00;2026-06-30 23:01:27;2026-07-01 10:47:59
230;78027;78027;Набір для чищення;2700.0000;0;1;0000-00-00;2026-06-30 23:01:11;2026-07-01 10:47:59
217;78032;78032;Кришка нержавіюча для Braumeister 20 л;6750.0000;0;1;0000-00-00;2026-06-30 23:01:11;2026-07-01 10:47:59
218;78033;78033;Кришка нержавіюча для Braumeister 50 л;9000.0000;0;1;0000-00-00;2026-06-30 23:01:11;2026-07-01 10:47:59
782;7824-1;7824-1;Солод палений VIKING CHOCOLATE LIGHT MALT 0.25 кг;35.0000;96;1;0000-00-00;2026-06-30 23:00:16;2026-07-01 10:47:59
783;783;783;Солод перловий темний VIKING PEARLED BLACK MALT;24.8000;99;1;0000-00-00;2026-06-30 23:01:52;2026-07-01 10:47:59
784;784;784;Солод палений VIKING ROASTED BARLEY 0.25 кг;38.5000;99;1;0000-00-00;2026-06-30 23:01:52;2026-07-01 10:47:59
785;785;785;Солод VIKING MUNICH DARK MALT;78.8000;99;1;0000-00-00;2026-06-30 23:01:52;2026-07-01 10:47:59
786;786;786;Сухі турбо дріжджі Coobra Mega Pack 100L;390.0000;0;1;0000-00-00;2026-06-30 23:01:17;2026-07-01 10:47:59
788;788;788;Спиртові турбо дріжджі Coobra 48 Basic;139.0000;1;1;0000-00-00;2026-06-30 23:01:17;2026-07-01 10:47:59
498;79048;79048;Ущільнювальне кільце O-Ring 23,47x2,62;270.0000;8;1;0000-00-00;2026-06-30 23:01:14;2026-07-01 10:47:59
277;79263;79263;Укорочена солодова труба для Braumeister 50 L;5880.0000;1;1;0000-00-00;2026-06-30 23:01:11;2026-07-01 10:47:59
1465746005;79582199;79582199;Регулятор потужності 3,5кВт;2500.0000;999;1;2025-02-17;2026-06-30 23:00:52;2026-07-01 10:47:59
800;800;800;Дріжджі Spirit Ferm Black Magic TC6;117.0000;0;1;0000-00-00;2025-10-17 12:42:07;2026-07-01 10:47:59
803;803;803;Турбо дріжджі Mixerman Jaskraft 7;100.0000;0;1;0000-00-00;2026-06-30 23:01:19;2026-07-01 10:47:59
184;805059;805059;Дріжджі SafSpirit GR-2 (Grain), 500 гр;2320.0000;0;1;0000-00-00;2026-06-30 23:01:10;2026-07-01 10:47:59
808;8081;8081;Дріжджі винні Lalvin V1116, 500 гр.;1380.0000;6;1;0000-00-00;2026-06-30 23:01:19;2026-07-01 10:47:59
1380;82535888;82535888;Ковпачкова колона 2 дюйма Premium;14700.0000;999;1;0000-00-00;2026-06-30 23:00:26;2026-07-01 10:47:59
831;8319;8319;Перехідник із крана на трубку, штуцер 10,2 мм (металевий);90.0000;1;1;0000-00-00;2026-06-30 23:01:20;2026-07-01 10:47:59
838;8388;8388;Аламбік Класік 250 л Португалія;157500.0000;998;1;0000-00-00;2026-06-30 23:00:17;2026-07-01 10:47:59
846;846;846;Міні КЕГ 5л чорний;590.0000;0;1;0000-00-00;2026-06-30 23:00:18;2026-07-01 10:47:59
852;852;852;Сифон переливний автоматичний;300.0000;0;1;0000-00-00;2026-06-30 23:01:20;2026-07-01 10:47:59
855;855;855;Гідрозатвор S подібний з пробкою;59.0000;19;1;0000-00-00;2026-06-30 23:01:20;2026-07-01 10:47:59
1518;85811270;85811270;Вузол відбору хвостів 2 дюйма;590.0000;5;1;0000-00-00;2026-06-30 23:01:28;2026-07-01 10:47:59
1519;85811270-3;85811270-3;Вузол відбору хвостів 3 дюйма;825.0000;999;1;0000-00-00;2026-06-30 23:04:16;2026-07-01 10:47:59
1465746548;"85л/4""";"85л/4""";"Кришка нержавіюча 85 л під кламп 4&quot; для перегінного куба";2970.0000;999;1;2026-06-19;2026-06-30 23:06:49;2026-07-01 10:47:59
861;861;861;Ареометр АСП100 (0-100);85.0000;1;1;0000-00-00;2026-06-30 23:01:20;2026-07-01 10:47:59
863;863;863;Ємність для бродіння 33 л із кришкою;379.0000;920;1;0000-00-00;2026-06-30 23:00:18;2026-07-01 10:47:59
864;8647;8647;TDS-метр вимірювач вмісту солей в воді;174.0000;3;1;0000-00-00;2026-06-30 23:01:21;2026-07-01 10:47:59
868;8685;8685;Солод пшеничний CHATEAU WHEAT BLANC (ШАТО ВІТ БЛАН );71.0000;0;1;0000-00-00;2026-06-30 23:00:18;2026-07-01 10:47:59
870;8708;8708;Фільтри лабораторні обеззолені червона стрічка d=110 мм (50 шт);110.0000;1;1;0000-00-00;2026-06-30 23:01:21;2026-07-01 10:47:59
683;87711;87711;"Т-адаптор для ЦКТ 2 х ?&quot;";6090.0000;0;1;0000-00-00;2026-06-30 23:01:15;2026-07-01 10:47:59
680;87712;87712;Шпунт-апарат ?“;12600.0000;0;1;0000-00-00;2026-06-30 23:01:15;2026-07-01 10:47:59
684;87986;87986;Кран підключення CO2 ?“;66150.0000;0;1;0000-00-00;2026-06-30 23:01:15;2026-07-01 10:47:59
1217;88153843;88153843;Дубова клепка бочки з-під портвейну Porto Rose (100 г);150.0000;0;1;0000-00-00;2026-06-30 23:01:24;2026-07-01 10:47:59
882;8821;8821;Фруктоза;117.0000;0;1;0000-00-00;2026-06-30 23:01:21;2026-07-01 10:47:59
883;8838;8838;Декстроза (Глюкоза) 1кг;90.0000;17;1;0000-00-00;2026-06-30 23:01:21;2026-07-01 10:47:59
884;884;884;ПЕТ пляшка 1л, коричнева;9.0000;972;1;0000-00-00;2026-06-30 23:00:18;2026-07-01 10:47:59
885;8852;8852;СОЛОД ШАТО ОУТ® (ВІВСЯНИЙ);103.0000;0;1;0000-00-00;2026-06-30 23:00:18;2026-07-01 10:47:59
886;886;886;Ортофосфорна кислота, 24кг;2500.0000;0;1;0000-00-00;2026-06-30 23:01:21;2026-07-01 10:47:59
895;895;895;Пивні дріжджі LALBREW VERDANT IPA™ – ALE YEAST;4996.0000;0;1;0000-00-00;2026-06-30 23:01:21;2026-07-01 10:47:59
897;897;897;Дріжджі винні Lalvin V1116, 25 гр.;109.0000;28;1;0000-00-00;2026-06-30 23:01:21;2026-07-01 10:47:59
898;898;898;Дріжджі DISTILAMAX® MW Whiskey, 25гр;95.0000;0;1;0000-00-00;2026-06-30 23:01:21;2026-07-01 10:47:59
900;900;900;ШАТО КАРА БЛОНД®;44.0000;0;1;0000-00-00;2026-06-30 23:00:19;2026-07-01 10:47:59
1465746289;9012;9012;Менажниця COCA-COLA D25XH7CM, 1,7 л;430.0000;999;1;2025-03-17;2026-07-01 10:11:40;2026-07-01 10:47:59
1465746288;9013;9013;Менажниця COCA-COLA D14XH5CM, 350 мл;280.0000;999;1;2025-03-17;2026-07-01 10:11:18;2026-07-01 10:47:59
905;9057;9057;Лопатка пивовара 70см нержавіюча сталь;200.0000;0;1;0000-00-00;2026-06-30 23:01:22;2026-07-01 10:47:59
1395;90884;90884;Картонний бокс/ящик для ПЕТ Кега 30л;102.0000;999;1;0000-00-00;2026-06-30 23:00:26;2026-07-01 10:47:59
909;909;909;Кришка ПЕТ пляшки 28мм, чорна;1.0000;117;1;0000-00-00;2026-06-30 23:00:19;2026-07-01 10:47:59
919;919;919;Хміль Spalter Select (Селект) α-3.0..6.5 %, 50гр;80.0000;0;1;0000-00-00;2026-06-30 23:01:22;2026-07-01 10:47:59
921;921;921;Відро 20 л з кришкою;169.0000;981;1;0000-00-00;2026-06-30 23:00:19;2026-07-01 10:47:59
926;926;926;Солод Pilsen Michalovce (Словакия);70.7000;99;1;0000-00-00;2026-06-30 23:01:52;2026-07-01 10:47:59
1465745971;92821820;92821820;Трійник мідний під приварку для дистиляційного обладнання;1089.0000;999;1;2025-02-17;2026-06-30 23:06:38;2026-07-01 10:47:59
931;931;931;Лужний миючий засіб Ekfil CIP 1 кг;220.0000;11;1;0000-00-00;2026-06-30 23:01:22;2026-07-01 10:47:59
1465745965;93172184;93172184;"Діоптр гайковий 3&quot; з підсвіткою, AISI 304";2145.0000;999;1;2025-02-17;2026-06-30 23:06:39;2026-07-01 10:47:59
1465745974;95825563;95825563;1,5 дюйма Клапан безпеки;1250.0000;5;1;2025-02-17;2026-06-30 23:01:39;2026-07-01 10:47:59
270;9732;9732;Пивні дріжджі Nottingham Ale (Ноттингем), 500 гр.;3800.0000;0;1;0000-00-00;2026-06-30 23:01:11;2026-07-01 10:47:59
986;986;986;"Набір для пива &quot;Бердичівське&quot; на 20л";743.0000;994;1;0000-00-00;2026-06-30 23:00:20;2026-07-01 10:47:59
987;987;987;"Набір для пива &quot;Українське традиційне&quot; на 20л";650.0000;994;1;0000-00-00;2026-06-30 23:00:20;2026-07-01 10:47:59
1465745845;98727462;98727462;Міжрівнева прокладка під скло діаметром 110мм;250.0000;5;1;2024-11-13;2026-06-30 23:01:37;2026-07-01 10:47:59
1465745844;98727462-1;98727462-1;Міжрівнева прокладка під скло діаметром 80мм;220.0000;999;1;2024-11-13;2026-06-30 23:05:31;2026-07-01 10:47:59
988;988;988;"Набір для пива &quot;Віденське&quot; на 20л";750.0000;991;1;0000-00-00;2026-06-30 23:00:20;2026-07-01 10:47:59
990;990;990;Набір для пива Brown Ale на 20 л;690.0000;998;1;0000-00-00;2026-06-30 23:00:20;2026-07-01 10:47:59
991;991;991;Набір для пива IPA (indian pale ale) на 20 л;790.0000;995;1;0000-00-00;2026-06-30 23:00:20;2026-07-01 10:47:59
995;995;995;Декстроза 100гр;25.0000;10;1;0000-00-00;2026-06-30 23:01:22;2026-07-01 10:47:59
1950;A 101KT 24;A 101KT 24;Мідна багатошарова сковорідка 24 см.;3560.0000;0;1;0000-00-00;2026-06-30 23:00:45;2026-07-01 10:47:59
1951;A 101KT 26;A 101KT 26;Мідна багатошарова сковорідка 26 см.;4050.0000;0;1;0000-00-00;2026-06-30 23:00:45;2026-07-01 10:47:59
1465745928;A 102YS 16;A 102YS 16;Мідна багатошарова сковорідка з боковими ручками 16 см.;2580.0000;0;1;2025-02-12;2026-06-30 23:01:01;2026-07-01 10:47:59
1943;A-0011;A-0011;Аквадистилятор BSC-WD6;6300.0000;999;1;0000-00-00;2026-06-30 23:00:44;2026-07-01 10:47:59
1944;A-007;A-007;Аквадистилятор BSC-WD7;5900.0000;0;1;0000-00-00;2026-06-30 23:00:45;2026-07-01 10:47:59
1974;B0502;B0502;Дубова бочка 5л М+;2200.0000;999;1;0000-00-00;2026-06-30 23:08:08;2026-07-01 10:47:59
1975;B0505;B0505;Дубова бочка 5л М+ зі скляними денцями;2350.0000;0;1;0000-00-00;2026-06-30 23:00:46;2026-07-01 10:47:59
1465746394;B0506;B0506;Бочка дубова 5 л зі скляними денцями і краном М+;3850.0000;999;1;2025-05-27;2026-06-30 23:07:34;2026-07-01 10:47:59
1976;B0510;B0510;Дубова бочка 5л М+ декоративна;3200.0000;0;1;0000-00-00;2026-06-30 23:00:46;2026-07-01 10:47:59
1977;B1001;B1001;Бочка дубова 10л тостована;2650.0000;999;1;0000-00-00;2026-06-30 23:07:46;2026-07-01 10:47:59
1978;B1002;B1002;Бочка дубова 10л M+;2650.0000;999;1;0000-00-00;2026-06-30 23:07:36;2026-07-01 10:47:59
1979;B1003;B1003;Бочка дубова 10л HH Шкіра Дракона;2800.0000;0;1;0000-00-00;2026-06-30 23:07:44;2026-07-01 10:47:59
1980;B1005;B1005;Дубова бочка 10л М+ зі скляними денцями;3050.0000;0;1;0000-00-00;2026-06-30 23:00:46;2026-07-01 10:47:59
1465746396;B1006;B1006;Бочка дубова 10 л зі скляними денцями і краном М+;4150.0000;999;1;2025-05-27;2026-06-30 23:07:31;2026-07-01 10:47:59
1981;B1051;B1051;Дубова бочка 10л Paxarette з-під Хересу;3400.0000;999;1;0000-00-00;2026-06-30 23:07:41;2026-07-01 10:47:59
1982;B1052;B1052;Дубова бочка 10л Paxarette з-під Портвейну;3600.0000;999;1;0000-00-00;2026-06-30 23:07:39;2026-07-01 10:47:59
1465746390;B1053;B1053;Бочка дубова Hot Rod 10 л Paxarette з-під Мадери;3400.0000;999;1;2025-05-27;2026-06-30 23:07:37;2026-07-01 10:47:59
1983;B2001;B2001;Бочка дубова 20л тостована;4250.0000;999;1;0000-00-00;2026-06-30 23:07:59;2026-07-01 10:47:59
1984;B2002;B2002;Бочка дубова 20л M+;4250.0000;999;1;0000-00-00;2026-06-30 23:07:48;2026-07-01 10:47:59
1985;B2003;B2003;Бочка дубова 20л HH Шкіра Дракона;4500.0000;999;1;0000-00-00;2026-06-30 23:07:57;2026-07-01 10:47:59
1986;B2005;B2005;Дубова бочка 20л М+ зі скляними денцями;4050.0000;0;1;0000-00-00;2026-06-30 23:00:46;2026-07-01 10:47:59
1465746395;B2006;B2006;Бочка дубова 20 л зі скляними денцями і краном М+;5150.0000;999;1;2025-05-27;2026-06-30 23:07:33;2026-07-01 10:47:59
1987;B2051;B2051;Дубова бочка 20л Paxarette з-під Хересу;5100.0000;999;1;0000-00-00;2026-06-30 23:07:53;2026-07-01 10:47:59
1988;B2052;B2052;Дубова бочка 20л Paxarette з-під Портвейну;5300.0000;999;1;0000-00-00;2026-06-30 23:07:52;2026-07-01 10:47:59
1465746393;B2053;B2053;Бочка дубова Hot Rod 20 л Paxarette з-під Мадери;5100.0000;999;1;2025-05-27;2026-06-30 23:07:50;2026-07-01 10:47:59
1989;B3002;B3002;Бочка дубова 30л M+;4900.0000;999;1;0000-00-00;2026-06-30 23:08:01;2026-07-01 10:47:59
1990;B3003;B3003;Бочка дубова 30л HH Шкіра Дракона;5150.0000;999;1;0000-00-00;2026-06-30 23:08:06;2026-07-01 10:47:59
1991;B3051;B3051;Дубова бочка 30л Paxarette з-під Хересу;5900.0000;0;1;0000-00-00;2026-06-30 23:08:05;2026-07-01 10:47:59
1992;B3052;B3052;Дубова бочка 30л Paxarette з-під Портвейну;6300.0000;999;1;0000-00-00;2026-06-30 23:08:04;2026-07-01 10:47:59
1465746392;B3053;B3053;Бочка дубова Hot Rod 30 л Paxarette з-під Мадери;5900.0000;999;1;2025-05-27;2026-06-30 23:08:03;2026-07-01 10:47:59
1993;B5002;B5002;Бочка дубова 50л M+;5850.0000;999;1;0000-00-00;2026-06-30 23:08:14;2026-07-01 10:47:59
1994;B5051;B5051;Дубова бочка 50л Paxarette з-під Хересу;7800.0000;0;1;0000-00-00;2026-06-30 23:08:18;2026-07-01 10:47:59
1995;B5052;B5052;Дубова бочка 50л Paxarette з-під Портвейну;8150.0000;999;1;0000-00-00;2026-06-30 23:08:17;2026-07-01 10:47:59
1465746391;B5053;B5053;Бочка дубова Hot Rod 50 л Paxarette з-під Мадери;7800.0000;999;1;2025-05-27;2026-06-30 23:08:16;2026-07-01 10:47:59
1996;B8802;B8802;Бондарний віск герметик для ремонту бочок 60 г;195.0000;995;1;0000-00-00;2026-06-30 23:00:46;2026-07-01 10:47:59
1465746366;beer0-40;beer0-40;Система циркуляції та охолодження для пивоварні 40л без насосу;8360.0000;999;1;2025-05-20;2026-06-30 23:06:24;2026-07-01 10:47:59
1465746367;beer0-60;beer0-60;Система циркуляції та охолодження для пивоварні 60л без насосу;8360.0000;999;1;2025-05-20;2026-06-30 23:06:25;2026-07-01 10:47:59
1465746368;beer1-40;beer1-40;Система циркуляції та охолодження для пивоварні 40л з насосом;10945.0000;999;1;2025-05-20;2026-06-30 23:06:26;2026-07-01 10:47:59
1465746369;beer1-60;beer1-60;Система циркуляції та охолодження для пивоварні 60л з насосом;10945.0000;999;1;2025-05-20;2026-06-30 23:06:26;2026-07-01 10:47:59
187;BO-055 Var 0003;BO-055 Var 0003;Ємність нержавіюча 220 л зі шкалою;12825.0000;999;1;0000-00-00;2026-06-30 23:00:04;2026-07-01 10:47:59
1465745930;BT-125;BT-125;Мідний глечик з лудженням 1,9 л.;4140.0000;5;1;2025-02-12;2026-06-30 23:01:03;2026-07-01 10:47:59
791;C-T3;C-T3;Турбо дріжджі Coobra Т3 Basic;88.0000;0;1;0000-00-00;2026-06-30 23:01:17;2026-07-01 10:47:59
331;C0423;C0423;Термометр цифровий;100.0000;1;1;0000-00-00;2026-06-30 23:01:12;2026-07-01 10:47:59
1465745843;cap;cap;Міні диоптр капельник;649.0000;999;1;2024-11-13;2026-06-30 23:05:31;2026-07-01 10:47:59
1465746553;copp-25;copp-25;Мідна вставка MagnumStill у перегінний куб 25 л;6589.0000;999;1;2026-06-19;2026-06-30 23:06:53;2026-07-01 10:47:59
1465746554;copp-40;copp-40;Мідна вставка MagnumStill у перегінний куб 40 л;9889.0000;999;1;2026-06-19;2026-06-30 23:06:54;2026-07-01 10:47:59
1465746555;copp-60;copp-60;Мідна вставка MagnumStill у перегінний куб 60 л;13189.0000;999;1;2026-06-19;2026-06-30 23:06:54;2026-07-01 10:47:59
1364;COPS-00;COPS-00;Ректифікаційна колона 2 дюйми (мідь);10550.0000;999;1;0000-00-00;2026-06-30 23:00:25;2026-07-01 10:47:59
1935;CP-0007;CP-0007;Царга мідна 3 дюйми;4392.0000;5;1;0000-00-00;2026-06-30 23:01:35;2026-07-01 10:47:59
1936;CP-0008;CP-0008;Царга мідна 4 дюйми;5129.0000;5;1;0000-00-00;2026-06-30 23:01:35;2026-07-01 10:47:59
1937;CP-0009;CP-0009;Царга мідна 5 дюймів;6235.0000;5;1;0000-00-00;2026-06-30 23:01:35;2026-07-01 10:47:59
1938;CP-0016;CP-0016;Царга мідна 6 дюймів;7140.0000;5;1;0000-00-00;2026-06-30 23:01:35;2026-07-01 10:47:59
1939;CP-0017;CP-0017;Царга мідна 8 дюймів;8783.0000;5;1;0000-00-00;2026-06-30 23:01:35;2026-07-01 10:47:59
572;CP-0202;CP-0202;Дистилятор для гідролатів 2,4л 2 дюйма;12035.0000;999;1;0000-00-00;2026-06-30 23:00:13;2026-07-01 10:47:59
1902;CP-0203;CP-0203;Апарат для виготовлення ефірних олій 2л 3 дюйма Базовий;17165.0000;999;1;0000-00-00;2026-06-30 23:00:43;2026-07-01 10:47:59
1906;CP-0204;CP-0204;Апарат для виготовлення ефірних олій 2л 4 дюйма Преміум;18840.0000;999;1;0000-00-00;2026-06-30 23:00:43;2026-07-01 10:47:59
1278;CP-0304;CP-0304;Апарат для виготовлення ефірних олій 5л 4 дюйма Базовий;22326.0000;999;1;0000-00-00;2026-06-30 23:00:23;2026-07-01 10:47:59
1920;CP-0402;CP-0402;Мідний самогонний апарат 4л 2 дюйма;15991.0000;999;1;0000-00-00;2026-06-30 23:00:44;2026-07-01 10:47:59
574;CP-0503;CP-0503;Дистилятор для гідролатів 5л 3 дюйма;9752.0000;0;1;0000-00-00;2026-06-30 23:00:13;2026-07-01 10:47:59
635;CP-0805;CP-0805;Апарат для виготовлення ефірних олій 8л 5 дюймів Преміум;30204.0000;999;1;0000-00-00;2026-06-30 23:00:13;2026-07-01 10:47:59
1279;CP-1204;CP-1204;Апарат для виготовлення ефірних олій 12л 4 дюйма Преміум;24707.0000;999;1;0000-00-00;2026-06-30 23:00:23;2026-07-01 10:47:59
1915;CP-1299;CP-1299;Мідний самогонний апарат 12л 4 дюйма;22259.0000;999;1;0000-00-00;2026-06-30 23:00:44;2026-07-01 10:47:59
1898;CP-1406;CP-1406;Апарат для виготовлення ефірних олій 14л 6 дюйма Преміум;38149.0000;999;1;0000-00-00;2026-06-30 23:00:43;2026-07-01 10:47:59
1899;CP-1505;CP-1505;Апарат для виготовлення ефірних олій 15л 5 дюймів Преміум;33858.0000;999;1;0000-00-00;2026-06-30 23:00:43;2026-07-01 10:47:59
1916;CP-1899;CP-1899;Мідний самогонний апарат 18л 4 дюйма;24807.0000;999;1;0000-00-00;2026-06-30 23:00:44;2026-07-01 10:47:59
1465745925;CP-2006-e22;CP-2006-e22;Електричний дистилятор для ефірної олії 20 л, колона 8,5 л (220 V);41045.0000;999;1;2025-02-12;2025-09-17 23:05:12;2026-07-01 10:47:59
1900;CP-2006-ne;CP-2006-ne;Апарат для виготовлення ефірних олій 20л 6 дюймів Преміум;41334.0000;999;1;0000-00-00;2026-06-30 23:00:43;2026-07-01 10:47:59
1901;CP-2008;CP-2008;Апарат для виготовлення ефірних олій 25л 8 дюймів Преміум;47201.0000;999;1;0000-00-00;2026-06-30 23:00:43;2026-07-01 10:47:59
1465745926;CP-2008-е22;CP-2008-е22;Електричний дистилятор для ефірної олії 25 л, колона 18 л (220 V);46315.0000;999;1;2025-02-12;2025-09-17 23:05:18;2026-07-01 10:47:59
912;CP-2499;CP-2499;Мідний самогонний апарат 24л 4 дюйма;26651.0000;999;1;0000-00-00;2026-06-30 23:00:19;2026-07-01 10:47:59
1918;CP-4099;CP-4099;Мідний самогонний апарат 42л 6 дюйма;44351.0000;0;1;0000-00-00;2026-06-30 23:00:44;2026-07-01 10:47:59
1940;CP-4099e;CP-4099e;Самогонний апарат з дефлегматором та теном 42 л;52464.0000;0;1;0000-00-00;2026-06-30 23:00:44;2026-07-01 10:47:59
1919;CP-4099e-1;CP-4099e-1;Мідний самогонний апарат 42л 6 дюйма з теном;49044.0000;0;1;0000-00-00;2026-06-30 23:00:44;2026-07-01 10:47:59
1932;CP-6240;CP-6240;Папуга для самогону підвісний;2835.0000;5;1;0000-00-00;2026-06-30 23:01:35;2026-07-01 10:47:59
1931;CP-7240;CP-7240;Папуга для самогону малий;3000.0000;5;1;0000-00-00;2026-06-30 23:01:35;2026-07-01 10:47:59
1930;CP-7285;CP-7285;Папуга для самогону великий;3300.0000;1;1;0000-00-00;2026-06-30 23:01:35;2026-07-01 10:47:59
1465746416;CPD-0016T;CPD-0016T;Сковорода з боковими фігурними ручками 16 см.;3470.0000;3;1;0000-00-00;2026-06-30 23:01:03;2026-07-01 10:47:59
1465746417;CPD-0022T;CPD-0022T;Сковорода з боковими фігурними ручками 22 см.;3120.0000;3;1;0000-00-00;2026-06-30 23:01:04;2026-07-01 10:47:59
1465746418;CPD-0026T;CPD-0026T;Сковорода з боковими фігурними ручками 26 см.;3640.0000;2;1;0000-00-00;2026-06-30 23:01:04;2026-07-01 10:47:59
1384;CS-3D3;CS-3D3;Ковпачкова колона 3 дюйма 3 рівні;16400.0000;999;1;0000-00-00;2026-06-30 23:00:26;2026-07-01 10:47:59
1463;CS-3D4;CS-3D4;Ковпачкова колона 3 дюйма 4 рівні;17800.0000;999;1;0000-00-00;2026-06-30 23:00:28;2026-07-01 10:47:59
1464;CS-3D5;CS-3D5;Ковпачкова колона 3 дюйма 5 рівнів;19200.0000;999;1;0000-00-00;2026-06-30 23:00:28;2026-07-01 10:47:59
1338;CS000001;CS000001;Домашня сироварня на 100л.;67864.0000;999;1;0000-00-00;2026-06-30 23:02:09;2026-07-01 10:47:59
1340;CS000002;CS000002;Домашня сироварня на 60 л з візком;68745.0000;999;1;0000-00-00;2026-06-30 23:02:08;2026-07-01 10:47:59
1343;CS000003;CS000003;Домашня сироварня 60 л без візка;53448.0000;999;1;0000-00-00;2026-06-30 23:01:55;2026-07-01 10:47:59
1345;CS000004;CS000004;Домашня сироварня 50 л;47324.0000;999;1;0000-00-00;2026-06-30 23:02:06;2026-07-01 10:47:59
1346;CS000005;CS000005;Домашня сироварня 40 л;41320.0000;999;1;0000-00-00;2026-06-30 23:02:04;2026-07-01 10:47:59
1347;CS000006;CS000006;Домашня сироварня 30 л;39100.0000;999;1;0000-00-00;2026-06-30 23:02:02;2026-07-01 10:47:59
1348;CS000007;CS000007;Домашня сироварня 20 л зі зливом сироватки;36800.0000;999;1;0000-00-00;2026-06-30 23:02:01;2026-07-01 10:47:59
1349;CS000008;CS000008;Домашня сироварня 20 л без зливу сироватки;26758.0000;999;1;0000-00-00;2026-06-30 23:01:59;2026-07-01 10:47:59
1350;CS000009;CS000009;Домашня сироварня 10 л;26860.0000;999;1;0000-00-00;2026-06-30 23:01:58;2026-07-01 10:47:59
1355;CS000010;CS000010;Кронштейн для контроллера сироварні;1500.0000;999;1;0000-00-00;2026-06-30 23:00:25;2026-07-01 10:47:59
1356;CS000015;CS000015;Стіл-візок для сироварні;4450.0000;999;1;0000-00-00;2026-06-30 23:00:25;2026-07-01 10:47:59
1352;CS000016;CS000016;Прес для сиру електромеханічний;15700.0000;999;1;0000-00-00;2026-06-30 23:00:25;2026-07-01 10:47:59
1357;CS000017;CS000017;Кран зливу Молочний кран, для сироварні.;2800.0000;999;1;0000-00-00;2026-06-30 23:00:25;2026-07-01 10:47:59
1351;CS000018;CS000018;Прес для сиру ручний;7200.0000;999;1;0000-00-00;2026-06-30 23:00:25;2026-07-01 10:47:59
1358;CS000019;CS000019;Контроллер температури;3100.0000;999;1;0000-00-00;2026-06-30 23:00:25;2026-07-01 10:47:59
1353;CS000020;CS000020;Фальшдно для сироварні 30 л;3100.0000;999;1;0000-00-00;2026-06-30 23:00:25;2026-07-01 10:47:59
1354;CS000021;CS000021;Фальшдно для сироварні 40 л;3600.0000;999;1;0000-00-00;2026-06-30 23:00:25;2026-07-01 10:47:59
1359;CS000030;CS000030;Сирна Книжка Універсальна;3000.0000;999;1;0000-00-00;2026-06-30 23:00:25;2026-07-01 10:47:59
1329;CS000038;CS000038;Автоматика для самогонного апарату Pervak з Wi-Fi;13950.0000;999;1;0000-00-00;2026-06-30 23:02:58;2026-07-01 10:47:59
1332;CS000039;CS000039;Автоматика  PERVAK LITE 1.01 СТАРТ-СТОП;4840.0000;999;1;0000-00-00;2026-06-30 23:02:54;2026-07-01 10:47:59
1330;CS000040;CS000040;Автоматика старт-стоп для дистиляції та ректифікації;3850.0000;0;1;0000-00-00;2026-06-30 23:02:11;2026-07-01 10:47:59
1333;CS000041;CS000041;Регулятор потужності Версия 1.0;3520.0000;999;1;0000-00-00;2026-06-30 23:02:47;2026-07-01 10:47:59
1334;CS000042;CS000042;Автоматика для дистиляції, ректифікації та затирання Pervak;15125.0000;999;1;0000-00-00;2026-06-30 23:02:29;2026-07-01 10:47:59
1335;CS000043;CS000043;Регулятор потужності трифазний 12 кВт;6560.0000;999;1;0000-00-00;2026-06-30 23:02:43;2026-07-01 10:47:59
1336;CS000052;CS000052;Модуль Охолодження;855.0000;999;1;0000-00-00;2026-06-30 23:02:42;2026-07-01 10:47:59
1328;CS000053;CS000053;Автоматика для самогонного апарату з барометром Pervak Wi-Fi;16400.0000;999;1;0000-00-00;2026-06-30 23:02:56;2026-07-01 10:47:59
1465746035;CS000062;CS000062;Клапан для автоматики дистиляції та ректифікації Pervak;1155.0000;999;1;2025-02-21;2026-06-30 23:02:31;2026-07-01 10:47:59
1465746039;CS000066;CS000066;Датчик температури для автоматики Pervak, Pervak Lite;440.0000;999;1;2025-02-21;2026-06-30 23:02:37;2026-07-01 10:47:59
1465746037;CS000067;CS000067;Датчик для затирання автоматики Pervak, Pervak Lite. Датчик температури для сироварні;660.0000;999;1;2025-02-21;2026-06-30 23:02:34;2026-07-01 10:47:59
2042;CS000068;CS000068;Регулятор потужності 3,5 кВт для самогонного апарату зі стабілізатором та терморегулятором РМ ​​2;3970.0000;999;1;0000-00-00;2026-06-30 23:02:48;2026-07-01 10:47:59
1465746040;CS000071;CS000071;Стандартний клапан для автоматик Pervak та Pervak Lite;750.0000;999;1;2025-02-21;2026-06-30 23:02:39;2026-07-01 10:47:59
1465746041;CS000078;CS000078;Автоматика Старт Стоп для дистиляції та ректифікації;2160.0000;0;1;2025-02-21;2026-06-30 23:02:40;2026-07-01 10:47:59
1465746042;CS000079;CS000079;Трифазний Регулятор потужності РМ 4,5 12 кВт для самогонного апарату з терморегулятором і стабілізатором потужності;7950.0000;999;1;2025-02-21;2026-06-30 23:02:45;2026-07-01 10:47:59
1465746453;CS000284;CS000284;Автоматика Старт Стоп для дистиляції та ректифікації Pervak 1.0;2960.0000;999;1;2026-03-23;2026-06-30 23:02:59;2026-07-01 10:47:59
1465746024;CS00089;CS00089;Автоматика для дистиляції та ректифікації PERVAK LITE 2,5 СТАРТ-СТОП;5680.0000;999;1;2025-02-21;2026-06-30 23:02:51;2026-07-01 10:47:59
1012;D0101;D0101;СПИРТОВІ ТУРБО ДРІЖДЖІ HOT ROD 48 НА 25 Л (146 Г);102.0000;20;1;0000-00-00;2026-06-30 23:01:23;2026-07-01 10:47:59
1047;D0102;D0102;Спиртові турбо дріжджі Hot-Rod 24 Express на 25 Л;145.0000;21;1;0000-00-00;2026-06-30 23:01:23;2026-07-01 10:47:59
1027;D0103;D0103;СПИРТОВІ ТУРБО ДРІЖДЖІ HOT ROD VODKA НА 25 Л;89.0000;20;1;0000-00-00;2026-06-30 23:01:23;2026-07-01 10:47:59
1026;D0104;D0104;Спиртові турбо дріжджі HOT ROD MEGA PACK на 100 л;225.0000;20;1;0000-00-00;2026-06-30 23:01:23;2026-07-01 10:47:59
1304;D0105;D0105;Турбо дріжджі Hot Rod 48 Carbon на 25 л;165.0000;20;1;0000-00-00;2026-06-30 23:01:26;2026-07-01 10:47:59
1030;D0106;D0106;СПИРТОВІ ТУРБО-ДРІЖДЖІ ПЕРВАК НА 50 Л (174 Г);99.0000;0;1;0000-00-00;2026-06-30 23:01:23;2026-07-01 10:47:59
1465746407;D0106-185;D0106-185;СПИРТОВІ ТУРБО-ДРІЖДЖІ ПЕРВАК 185 г;113.0000;8;1;0000-00-00;2026-06-30 23:01:48;2026-07-01 10:47:59
1465746272;D0107;D0107;Турбо-дріжджі Первак на 25 л (125 г);85.0000;20;1;0000-00-00;2026-06-30 23:01:47;2026-07-01 10:47:59
1684;D0201;D0201;Дріжджі на 25 л 71 г Hot Rod Whiskey;129.0000;21;1;0000-00-00;2026-06-30 23:01:33;2026-07-01 10:47:59
1679;D0210;D0210;Дріжджі 1 кг Hot Rod Whiskey Single Strain;1150.0000;1;1;0000-00-00;2026-06-30 23:01:33;2026-07-01 10:47:59
1680;D0211;D0211;Дріжджі на 25 л 23 г Hot Rod Whiskey Single Strain;115.0000;20;1;0000-00-00;2026-06-30 23:01:33;2026-07-01 10:47:59
1302;D0301;D0301;Винні дріжджі Hot Rod Aromatic Wine Complex на 25л;69.0000;21;1;0000-00-00;2026-06-30 23:01:26;2026-07-01 10:47:59
1303;D0302;D0302;Спиртові турбо дріжджі Hot Rod Fruit на 25л для фруктових браг;99.0000;21;1;0000-00-00;2026-06-30 23:01:26;2026-07-01 10:47:59
1682;D0303;D0303;Спиртові дріжджі для фруктових браг на 25 л 69 г Hot Rod Jam;86.0000;20;1;0000-00-00;2026-06-30 23:01:33;2026-07-01 10:47:59
1040;D0304;D0304;Винні дріжджі Hot-Rod Bayanus (10 Г);49.0000;25;1;0000-00-00;2026-06-30 23:01:23;2026-07-01 10:47:59
1042;D0305;D0305;Винні дріжджі Hot-Rod Cider (10 Г);49.0000;23;1;0000-00-00;2026-06-30 23:01:23;2026-07-01 10:47:59
1043;D0307;D0307;Винні дріжджі Hot-Rod Restart (21 г);69.0000;22;1;0000-00-00;2026-06-30 23:01:23;2026-07-01 10:47:59
1676;D0314;D0314;Винні дріжджі 500 г Hot Rod Bayanus MegaPack;549.0000;0;1;0000-00-00;2026-06-30 23:01:33;2026-07-01 10:47:59
1044;D0401;D0401;Винні дріжджі Hot Rod Mjod (мед), 10 г;59.0000;21;1;0000-00-00;2026-06-30 23:01:23;2026-07-01 10:47:59
1683;D0501;D0501;Дріжджі для рому на 25 л 71 г Hot Rod Rum;119.0000;20;1;0000-00-00;2026-06-30 23:01:33;2026-07-01 10:47:59
656;D0601;D0601;Дріжджі Кодзі Ангел;450.0000;0;1;0000-00-00;2026-06-30 23:01:15;2026-07-01 10:47:59
1465745868;D0605;D0605;Дріжджі кодзі ECO-Koji;210.0000;20;1;2024-11-13;2026-06-30 23:01:36;2026-07-01 10:47:59
1224;D1001;D1001;Турбо-дріжджі Hot Rod Turbo Yeast (1кг);549.0000;20;1;0000-00-00;2026-06-30 23:01:25;2026-07-01 10:47:59
1223;D1002;D1002;Турбо-дріжджі Hot Rod Turbo Yeast Fruit (1кг);995.0000;0;1;0000-00-00;2026-06-30 23:01:25;2026-07-01 10:47:59
1674;D2001;D2001;Альфа амілаза 100г Hot Rod a-amylase;79.0000;0;1;0000-00-00;2026-06-30 23:01:33;2026-07-01 10:47:59
1675;D2002;D2002;Альфа амілаза 5г Hot Rod a-amylase;49.0000;3;1;0000-00-00;2026-06-30 23:01:33;2026-07-01 10:47:59
1618;D2005;D2005;Альфа амілаза фермент Thermo Alpha на 100 кг зерна 10 мл;63.0000;0;1;0000-00-00;2026-06-30 23:01:31;2026-07-01 10:47:59
1677;D2011;D2011;Глюкоамілаза  100г Hot Rod Amyloglucosidase;225.0000;1;1;0000-00-00;2026-06-30 23:01:33;2026-07-01 10:47:59
1678;D2012;D2012;Глюкоамілаза 5 г на 25 л сусла Hot Rod Glucoamylase ;49.0000;1;1;0000-00-00;2026-06-30 23:01:33;2026-07-01 10:47:59
1508;D2015;D2015;Фермент глюкоамилаза GlucoPRO на 100 кг зерна 10 мл;59.0000;0;1;0000-00-00;2026-06-30 23:01:27;2026-07-01 10:47:59
1686;D2020;D2020;Фермент для зернових браг 50 мл Hot Rod NSP Master ;146.0000;0;1;0000-00-00;2026-06-30 23:01:33;2026-07-01 10:47:59
1465746384;D2025;D2025;Пектиназа Hot Rod Pectinase 10 г на 25 л;49.0000;0;1;2025-05-27;2026-06-30 23:01:48;2026-07-01 10:47:59
1673;D2031;D2031;Дезінфектант для обладнання 20г Hot Rod Sanitizer ;34.0000;0;1;0000-00-00;2026-06-30 23:01:32;2026-07-01 10:47:59
1301;D2041;D2041;Регулятор кислотности сусла Hot Rod pH Booster;79.0000;2;1;0000-00-00;2026-06-30 23:01:26;2026-07-01 10:47:59
1685;D2051;D2051;Підживлення для дріжджів універсальне 100г Hot Rod Yeast Nutrient;83.0000;0;1;0000-00-00;2026-06-30 23:01:33;2026-07-01 10:47:59
1681;D2061;D2061;Піногасник харчовий 100мл Hot Rod AntiFoam;195.0000;21;1;0000-00-00;2026-06-30 23:01:33;2026-07-01 10:47:59
1520;Def-3D;Def-3D;Дефлегматор Дімрота в діоптрі 3 дюйма;4345.0000;999;1;0000-00-00;2026-06-30 23:04:16;2026-07-01 10:47:59
350;DN1.5;DN1.5;Хомут накидний КЛАМП 1,5'';107.0000;3;1;0000-00-00;2026-06-30 23:01:13;2026-07-01 10:47:59
349;DN2;DN2;"Хомут накидний КЛАМП 2&quot;";140.0000;5;1;0000-00-00;2026-06-30 23:01:13;2026-07-01 10:47:59
351;DN3;DN3;"Хомут накидний КЛАМП 3&quot;";200.0000;5;1;0000-00-00;2026-06-30 23:01:13;2026-07-01 10:47:59
1321;DN4;DN4;"Хомут накидний КЛАМП 4&quot;";220.0000;1;1;0000-00-00;2026-06-30 23:01:27;2026-07-01 10:47:59
1465746038;DP00020;DP00020;Комплект для оновлення прошивки Автоматики Pervak 3-ї та 4-ї серії;220.0000;999;1;2025-02-21;2026-06-30 23:02:36;2026-07-01 10:47:59
1465746036;DP00021;DP00021;Пристрій контролю води на виході з дефлегматора;570.0000;999;1;2025-02-21;2026-06-30 23:02:32;2026-07-01 10:47:59
1465746043;DP00022;DP00022;Регулятор потужності РМ 2,5 для самогонного апарату з терморегулятором та стабілізатором потужності;4975.0000;999;1;2025-02-21;2026-06-30 23:02:50;2026-07-01 10:47:59
1465746034;DP00025;DP00025;Утримувач пристроїв на ректифікаційну та бражну колону 1,5 дюйми;250.0000;999;1;2025-02-21;2026-06-30 23:02:27;2026-07-01 10:47:59
1465746033;DP00026;DP00026;Утримувач пристроїв на ректифікаційну та бражну колону 2 дюйми;280.0000;999;1;2025-02-21;2026-06-30 23:02:26;2026-07-01 10:47:59
1465746032;DP00027;DP00027;Утримувач пристроїв на ректифікаційну та бражну колону 3 дюйми;310.0000;999;1;2025-02-21;2026-06-30 23:02:24;2026-07-01 10:47:59
573;E-0414;E-0414;Аламбік класичний 5 л;10230.0000;0;1;0000-00-00;2026-06-30 23:00:13;2026-07-01 10:47:59
1965;E-3705;E-3705;Мідний таз з електромішалкою діаметром 24 см.;3600.0000;0;1;0000-00-00;2026-06-30 23:00:45;2026-07-01 10:47:59
1465745924;E-3712;E-3712;Мідний таз з електромішалкою діаметром 26 см.;5500.0000;0;1;2025-02-12;2025-07-21 23:07:00;2026-07-01 10:47:59
1966;E-3729;E-3729;Мідний таз з електромішалкою діаметром 28 см.;4800.0000;0;1;0000-00-00;2026-06-30 23:00:45;2026-07-01 10:47:59
1465745927;E-4436;E-4436;Ковшик та шумівка 28 см. з дерев’яними ручками (набір);1650.0000;0;1;2025-02-12;2025-09-17 23:05:55;2026-07-01 10:47:59
1958;E-4740;E-4740;Мідна чашка 0,5 л.;1743.0000;0;1;0000-00-00;2026-06-30 23:00:45;2026-07-01 10:47:59
1959;E-4740-1;E-4740-1;Мідна чашка 0,5 л. – звичайна ручка;1743.0000;4;1;0000-00-00;2026-06-30 23:00:45;2026-07-01 10:47:59
1465745929;E-4771;E-4771;Мідна луджена каструля з кришкою 1,5 л.;6150.0000;0;1;2025-02-12;2025-07-22 10:34:55;2026-07-01 10:47:59
1955;E-4887;E-4887;Мідна сковорідка з латунною ручкою 24 см.;4850.0000;0;1;0000-00-00;2026-06-30 23:00:45;2026-07-01 10:47:59
1954;E-4894;E-4894;Мідна сковорідка з латунною ручкою 20 см.;3620.0000;0;1;0000-00-00;2026-06-30 23:00:45;2026-07-01 10:47:59
1465745933;E-9066;E-9066;Мідний казанок на 60 л.;35000.0000;0;1;2025-02-12;2026-06-30 23:01:01;2026-07-01 10:47:59
1465746419;E-9196;E-9196;Мідний казанок луджений на 30 л.;18148.0000;1;1;2025-02-12;2026-06-30 23:01:04;2026-07-01 10:47:59
1465745931;E-9332;E-9332;Мідний казанок луджений на 10 л.;12792.0000;1;1;2025-02-12;2026-06-30 23:01:04;2026-07-01 10:47:59
1465745932;E-9349;E-9349;Мідний казанок луджений на 20 л.;17000.0000;1;1;2025-02-12;2026-06-30 23:01:04;2026-07-01 10:47:59
1465745935;E-9516;E-9516;Соусниця чи таз для варення 16 см., об’єм 1,2 л.;2400.0000;0;1;2025-02-12;2025-07-21 23:09:34;2026-07-01 10:47:59
1712;F0101;F0101;Фільтр для очистки дистилятів циркуляційний;2325.0000;0;1;0000-00-00;2026-06-30 23:01:34;2026-07-01 10:47:59
1465746389;F0111;F0111;Вугільна колона скляна 500 мм, d 40 мм;230.0000;0;1;2025-05-27;2026-06-30 23:01:48;2026-07-01 10:47:59
1714;F0113;F0113;Вугільна колона 335мм, d 40 мм скляна;205.0000;0;1;0000-00-00;2026-06-30 23:01:34;2026-07-01 10:47:59
1017;F0201;F0201;СУМІШ ДЛЯ ОЧИСТКИ ЦУКРОВИХ ДИСТИЛЯТІВ (150 Г);63.0000;0;1;0000-00-00;2026-06-30 23:01:23;2026-07-01 10:47:59
1015;F0202;F0202;СУМІШ ДЛЯ ОЧИСТКИ ФРУКТОВИХ ДИСТИЛЯТІВ (150 Г);90.0000;0;1;0000-00-00;2026-06-30 23:01:23;2026-07-01 10:47:59
1016;F0203;F0203;СУМІШ ДЛЯ ОЧИСТКИ ЗЕРНОВИХ ДИСТИЛЯТІВ (150 Г);75.0000;0;1;0000-00-00;2026-06-30 23:01:23;2026-07-01 10:47:59
1028;F0211;F0211;СУМІШ ДЛЯ ОЧИСТКИ ЦУКРОВИХ ДИСТИЛЯТІВ (1 КГ);339.0000;0;1;0000-00-00;2026-06-30 23:01:23;2026-07-01 10:47:59
1029;F0212;F0212;СУМІШ ДЛЯ ОЧИСТКИ ФРУКТОВИХ ДИСТИЛЯТІВ (1 КГ);379.0000;0;1;0000-00-00;2026-06-30 23:01:23;2026-07-01 10:47:59
1061;F0213;F0213;Суміш для очистки зернових дистилятів (1 КГ);359.0000;0;1;0000-00-00;2026-06-30 23:01:24;2026-07-01 10:47:59
1713;F0221;F0221;Активоване кокосове вугілля 0,5 кг 207C;105.0000;0;1;0000-00-00;2026-06-30 23:01:34;2026-07-01 10:47:59
1997;F0222;F0222;Кокосове активоване вугілля 207C 1 кг;195.0000;0;1;0000-00-00;2026-06-30 23:01:35;2026-07-01 10:47:59
1258;F0251;F0251;Освітлювач для браги та вина Alcotec Turbo Klar (65 г);83.0000;0;1;0000-00-00;2026-06-30 23:01:25;2026-07-01 10:47:59
482;FD-035-S Var 0002;FD-035-S Var 0002;Ємність для ферментації конічна 30 л;33750.0000;999;1;0000-00-00;2026-06-30 23:00:11;2026-07-01 10:47:59
681;FD-055-S Var 0081;FD-055-S Var 0081;Ємність конічна ЦКТ 120л 2,5Бар;209700.0000;999;1;0000-00-00;2026-06-30 23:00:14;2026-07-01 10:47:59
1465746290;FKP1533000001010;FKP1533000001010;Набір для віскі з 7 предметів (графин та 6 склянок) FJORD;2700.0000;997;1;2025-03-17;2026-07-01 10:12:03;2026-07-01 10:47:59
1465746015;flan-2;flan-2;Фланець кламповий приварний (короткий) 2 дюйма ;71.5000;999;1;2025-02-17;2026-06-30 23:06:09;2026-07-01 10:47:59
1465746017;flan-3;flan-3;Фланець кламповий приварний (короткий) 3 дюйма;99.0000;999;1;2025-02-17;2026-06-30 23:06:11;2026-07-01 10:47:59
1465746016;flan-4;flan-4;Фланець кламповий приварний (короткий) 4 дюйма ;126.5000;999;1;2025-02-17;2026-06-30 23:06:10;2026-07-01 10:47:59
1733;G0101;G0101;Приправа для шашлику зі свинини, класичний маринад на 2кг Гарячий Папуга;110.0000;999;1;0000-00-00;2026-06-30 23:05:24;2026-07-01 10:47:59
1734;G0102;G0102;Приправа для шашлику зі свинини, томатний маринад на 2кг Гарячий Папуга;88.0000;999;1;0000-00-00;2026-06-30 23:05:24;2026-07-01 10:47:59
1735;G0201;G0201;Приправа для шашлику з телятини, класичний маринад на 2кг Гарячий Папуга;88.0000;999;1;0000-00-00;2026-06-30 23:05:25;2026-07-01 10:47:59
1736;G0301;G0301;Приправа для шашлику з курки, апельсиновий маринад на 2кг Гарячий Папуга;121.0000;999;1;0000-00-00;2026-06-30 23:05:26;2026-07-01 10:47:59
1737;G0401;G0401;Приправа для шашлику з індички, кефірний маринад на 2кг Гарячий Папуга;88.0000;999;1;0000-00-00;2026-06-30 23:05:27;2026-07-01 10:47:59
1740;G0501;G0501;Приправа для шашлику з баранини гранатовий, маринад на 2кг Гарячий Папуга;110.0000;999;1;0000-00-00;2026-06-30 23:05:29;2026-07-01 10:47:59
1741;G0601;G0601;Приправа для шашлику з кролика, винний маринад на 2кг Гарячий Папуга;110.0000;999;1;0000-00-00;2026-06-30 23:05:30;2026-07-01 10:47:59
1739;G1001;G1001;Набір спецій для Плова Класичного 10л Гарячий Папуга;176.0000;999;1;0000-00-00;2026-06-30 23:05:28;2026-07-01 10:47:59
1738;G2001;G2001;Приправа для шашлику з печериць, вершковий маринад на 1кг Гарячий Папуга;66.0000;999;1;0000-00-00;2026-06-30 23:05:27;2026-07-01 10:47:59
2026;H-12-19;H-12-19;Насос 12V 22W папа;460.0000;0;1;0000-00-00;2026-06-30 23:01:36;2026-07-01 10:47:59
1465745962;hmel-0;hmel-0;"Міні колона 2&quot; з сухопарником та охолоджувачем";3245.0000;999;1;2025-02-17;2026-06-30 23:05:47;2026-07-01 10:47:59
1465746371;homebrew60;homebrew60;Домашня пивоварня MagnumStill 60л ;24695.0000;999;1;2025-05-20;2026-06-30 23:06:27;2026-07-01 10:47:59
1005;HY-10;HY-10;Термометр цифровий з виносним датчиком;99.0000;0;1;0000-00-00;2026-06-30 23:01:22;2026-07-01 10:47:59
1465745934;KD-0001;KD-0001;Мідний кований чайник з порцеляновою ручкою;3640.0000;7;1;2025-02-12;2026-06-30 23:01:04;2026-07-01 10:47:59
1465746026;KL00569;KL00569;Електромагнітний клапан нормально закритий 12 V;980.0000;999;1;2025-02-21;2026-06-30 23:08:20;2026-07-01 10:47:59
1465746028;KL00570;KL00570;Електромагнітний клапан нормально закритий 220 V;1050.0000;999;1;2025-02-21;2026-06-30 23:08:21;2026-07-01 10:47:59
1465746029;KL00571;KL00571;Електромагнітний клапан нормально відкритий 220V;1120.0000;999;1;2025-02-21;2026-06-30 23:08:19;2026-07-01 10:47:59
1465746031;KL00753;KL00753;Вузол контролю температури в системі охолодження дистилятора, пуш-з'єднання 6 мм;280.0000;999;1;2025-02-21;2026-06-30 23:08:22;2026-07-01 10:47:59
1465746027;KL00754;KL00754;Вузол контролю температури в системі охолодження дистилятора, пуш-з'єднання 8 мм;235.0000;999;1;2025-02-21;2026-06-30 23:02:14;2026-07-01 10:47:59
1465746025;KL00755;KL00755;Вузол контролю температури в системі охолодження дистилятора, пуш-з'єднання 10 мм;280.0000;999;1;2025-02-21;2026-06-30 23:08:25;2026-07-01 10:47:59
1465746030;KL00756;KL00756;Вузол контролю температури в системі охолодження дистилятора, пуш-з'єднання 12 мм;280.0000;999;1;2025-02-21;2026-06-30 23:08:22;2026-07-01 10:47:59
1465745874;LCD-0-18;LCD-0-18;Термометр самоклеючий 0-18 С;50.0000;5;1;2024-11-13;2026-06-30 23:01:38;2026-07-01 10:47:59
1465745873;LCD-10-40;LCD-10-40;Термометр самоклеючий 10-40 С;50.0000;5;1;2024-11-13;2026-06-30 23:01:38;2026-07-01 10:47:59
1716;M0101;M0101;Аламбік мідний шолом 2 дюйма;4950.0000;6;1;0000-00-00;2026-06-30 23:01:34;2026-07-01 10:47:59
1720;M0102;M0102;Аламбік мідний шолом 3 дюйма;6250.0000;999;1;0000-00-00;2026-06-30 23:07:17;2026-07-01 10:47:59
1717;M0103;M0103;Аламбік мідний шолом 4 дюйма;7900.0000;0;1;0000-00-00;2026-06-30 23:07:23;2026-07-01 10:47:59
1722;M0104;M0104;Аламбік мідний шолом 2 дюйма - 1.5 дюйма;4950.0000;999;1;0000-00-00;2026-06-30 23:07:12;2026-07-01 10:47:59
1727;M0105;M0105;Аламбік мідний шолом 3 дюйма - 2 дюйма;6585.0000;999;1;0000-00-00;2026-06-30 23:07:18;2026-07-01 10:47:59
1729;M0106;M0106;Аламбік мідний шолом 4 дюйма - 2 дюйма;8980.0000;999;1;0000-00-00;2026-06-30 23:07:24;2026-07-01 10:47:59
1732;M0107;M0107;Аламбік мідний шолом 4 дюйма - 2 дюйма з діоптром;19950.0000;0;1;0000-00-00;2026-06-30 23:07:25;2026-07-01 10:47:59
1465746399;M0108;M0108;Шолом аламбік 4″ XL;14500.0000;0;1;2025-05-27;2026-06-30 23:07:28;2026-07-01 10:47:59
1724;M0111;M0111;Аламбік мідний шолом 2 дюйма з термометром;5550.0000;999;1;0000-00-00;2026-06-30 23:07:15;2026-07-01 10:47:59
1725;M0112;M0112;Аламбік мідний шолом 3 дюйма з термометром;6850.0000;999;1;0000-00-00;2026-06-30 23:07:21;2026-07-01 10:47:59
1726;M0113;M0113;Аламбік мідний шолом 4 дюйма з термометром;8500.0000;999;1;0000-00-00;2026-06-30 23:07:29;2026-07-01 10:47:59
1723;M0114;M0114;Аламбік мідний шолом 2 дюйма - 1.5 дюйма з термометром;5335.0000;999;1;0000-00-00;2026-06-30 23:07:14;2026-07-01 10:47:59
1728;M0115;M0115;Аламбік мідний шолом 3 дюйма - 2 дюйма з термометром;7185.0000;999;1;0000-00-00;2026-06-30 23:07:20;2026-07-01 10:47:59
1730;M0116;M0116;Аламбік мідний шолом 4 дюйма - 2 дюйма з термометром;9580.0000;999;1;0000-00-00;2026-06-30 23:07:26;2026-07-01 10:47:59
1718;M0201;M0201;Мідний конус 2 дюйма – 1.5 дюйма;1700.0000;999;1;0000-00-00;2026-06-30 23:07:07;2026-07-01 10:47:59
1715;M0202;M0202;Мідний конус 3 дюйма – 1.5 дюйма;2475.0000;999;1;0000-00-00;2026-06-30 23:07:09;2026-07-01 10:47:59
1721;M0203;M0203;Мідний конус 3 дюйма – 2 дюйма;2800.0000;999;1;0000-00-00;2026-06-30 23:07:10;2026-07-01 10:47:59
1719;M0204;M0204;Мідний конус  4 дюйма — 2 дюйма;3500.0000;0;1;0000-00-00;2026-06-30 23:07:06;2026-07-01 10:47:59
1465746400;M0401;M0401;Мідна торпеда Міньйон дистиляційний рівень 2-4-2;6200.0000;0;1;2025-05-27;2026-06-30 23:07:04;2026-07-01 10:47:59
1465746541;M1055;M1055;Віскарний злодій мідний 520 мм для відбору проб;2585.0000;0;1;2026-06-19;2026-06-30 23:06:42;2026-07-01 10:47:59
1465746397;M1301;M1301;Пробовідбірник з міді 750 мм Віскарний злодій;2970.0000;999;1;2025-05-27;2026-06-30 23:07:02;2026-07-01 10:47:59
1465746398;M1302;M1302;Пробовідбірник з міді 520 мм Віскарний злодій;2310.0000;999;1;2025-05-27;2026-06-30 23:07:00;2026-07-01 10:47:59
1731;M2001;M2001;Очищувач міді 50 г Hot Rod Copper Shiner;39.0000;10;1;0000-00-00;2026-06-30 23:01:34;2026-07-01 10:47:59
1611;MAG-3;MAG-3;Вузол відбору MagPro 3 дюйма з муфтою та термометром;2640.0000;0;1;0000-00-00;2026-06-30 23:05:13;2026-07-01 10:47:59
1465745960;MAG-3D;MAG-3D;Вузол відбору по рідині MagPro з доохолоджувачем 3 дюйма ;4730.0000;0;1;2025-02-17;2026-06-30 23:05:45;2026-07-01 10:47:59
1613;MAG-3V;MAG-3V;Вузол відбору MagProVisual 3 дюйма;4015.0000;999;1;0000-00-00;2026-06-30 23:05:15;2026-07-01 10:47:59
1465745961;MAG-3VD;MAG-3VD;Вузол відбору  по рідині MagPro Visual з доохолоджувачем 3 дюйма ;6105.0000;999;1;2025-02-17;2026-06-30 23:05:46;2026-07-01 10:47:59
1465745949;Mag-Es;Mag-Es;2 дюйма Magnum Spirit + екстрактор Сокслета (без куба);12760.0000;999;1;2025-02-17;2026-06-30 23:05:42;2026-07-01 10:47:59
1465746360;Mag-S14-1;Mag-S14-1;Перегінний куб Магнум Лайт 14л/2 дюйми;3289.0000;999;1;2025-05-20;2026-06-30 23:06:18;2026-07-01 10:47:59
1465745995;Mag-S14-2;Mag-S14-2;Перегінний куб 14л/2 дюйма  Магнум Лайт (з клампом під тен);3839.0000;999;1;2025-02-17;2026-06-30 23:06:00;2026-07-01 10:47:59
1465745993;Mag-S21-1;Mag-S21-1;Перегінний куб 21л/2 дюйма  Магнум Лайт;3960.0000;999;1;2025-02-17;2026-06-30 23:05:59;2026-07-01 10:47:59
1465745990;Mag-S21-2;Mag-S21-2;Перегінний куб 21л/2 дюйма  Магнум Лайт (з клампом під тен);4510.0000;999;1;2025-02-17;2026-06-30 23:05:57;2026-07-01 10:47:59
1465745991;Mag-S33-1;Mag-S33-1;Перегінний куб 33л/2 дюйма  Магнум Лайт;5000.0000;999;1;2025-02-17;2026-06-30 23:00:51;2026-07-01 10:47:59
1465745992;Mag-S33-2;Mag-S33-2;Перегінний куб 33л/2 дюйма  Магнум Лайт (з клампом під тен);5500.0000;999;1;2025-02-17;2026-06-30 23:05:58;2026-07-01 10:47:59
1465745989;Mag-S43-2;Mag-S43-2;Перегінний куб 43л/2 дюйма  Магнум Лайт (з клампом під тен);5450.0000;0;1;2025-02-17;2026-06-30 23:00:51;2026-07-01 10:47:59
1465746412;MAG0011-4;MAG0011-4;Самогонний апарат 40 л з бражною колоною 2 дюйми;14450.0000;999;1;2025-09-03;2026-06-30 23:01:03;2026-07-01 10:47:59
1473;MAG1004-1;MAG1004-1;Тарілчаста колона 2 дюйми 3 рівня;3905.0000;999;1;0000-00-00;2026-06-30 23:03:49;2026-07-01 10:47:59
1474;MAG1004-3;MAG1004-3;Тарілчаста колона 2 дюйми 4 рівні;4895.0000;999;1;0000-00-00;2026-06-30 23:03:50;2026-07-01 10:47:59
1475;MAG1004-5;MAG1004-5;Тарілчаста колона 2 дюйми 5 рівнів;5885.0000;999;1;0000-00-00;2026-06-30 23:03:56;2026-07-01 10:47:59
1495;MAG1005;MAG1005;Мідний ковпачок без тарілки;528.0000;999;1;0000-00-00;2026-06-30 23:04:06;2026-07-01 10:47:59
1521;MAG1006;MAG1006;Хомут від клампового з'єднання 1,5 дюйма;132.0000;999;1;0000-00-00;2026-06-30 23:04:17;2026-07-01 10:47:59
1522;MAG1008;MAG1008;Турбо дефлегматор 1,5 дюйма;1050.0000;0;1;0000-00-00;2026-06-30 23:01:28;2026-07-01 10:47:59
1523;MAG1009;MAG1009;Турбо охолоджувач 2 дюйма;2145.0000;999;1;0000-00-00;2026-06-30 23:04:18;2026-07-01 10:47:59
1465746558;MAG1009-2;MAG1009-2;"Охолоджувач 2&quot; 500 мм подовжений з нержавіючої сталі AISI 304";2475.0000;999;1;2026-06-19;2026-06-30 23:06:58;2026-07-01 10:47:59
1524;MAG1010;MAG1010;Джин кошик для ароматизації 2 дюйма;2420.0000;999;1;0000-00-00;2026-06-30 23:04:19;2026-07-01 10:47:59
1525;MAG1010-1;MAG1010-1;Джин кошик для ароматизації 1500мл 2 дюйма;4950.0000;999;1;0000-00-00;2026-06-30 23:04:19;2026-07-01 10:47:59
1526;MAG1011;MAG1011;Хомут від клампового з'єднання 2 дюйма;165.0000;999;1;0000-00-00;2026-06-30 23:04:20;2026-07-01 10:47:59
1527;MAG1011-1;MAG1011-1;Хомут від клампового з'єднання 2,5 дюйма;198.0000;0;1;0000-00-00;2026-06-30 23:04:21;2026-07-01 10:47:59
1528;MAG1012;MAG1012;Джин кошик для ароматизації 1,5 дюйма;2200.0000;0;1;0000-00-00;2026-06-30 23:01:28;2026-07-01 10:47:59
1476;MAG1016-1;MAG1016-1;"Тарілчаста колона 2&quot; 3 рівня, дефлегматор, холодильник";10890.0000;999;1;0000-00-00;2026-06-30 23:03:56;2026-07-01 10:47:59
1477;MAG1016-2;MAG1016-2;"Тарілчаста колона 2&quot; 4 рівні, дефлегматор, холодильник";11880.0000;999;1;0000-00-00;2026-06-30 23:03:57;2026-07-01 10:47:59
1478;MAG1016-3;MAG1016-3;"Тарілчаста колона 2&quot; 5 рівнів, дефлегматор, холодильник";12870.0000;999;1;0000-00-00;2026-06-30 23:03:58;2026-07-01 10:47:59
1529;MAG1017-1;MAG1017-1;Царга нержавійка 50см  1,5 дюйма;770.0000;1;1;0000-00-00;2026-06-30 23:01:28;2026-07-01 10:47:59
1530;MAG1017-2;MAG1017-2;Царга нержавійка 50см  з ніпелем 1,5 дюйма;1200.0000;5;1;0000-00-00;2026-06-30 23:01:28;2026-07-01 10:47:59
1531;MAG1018;MAG1018;Царга нержавійка 100см  1,5 дюйма;1160.0000;0;1;0000-00-00;2026-06-30 23:01:28;2026-07-01 10:47:59
1534;MAG1019-1;MAG1019-1;Царга нержавійка 50см  2 дюйма;737.0000;999;1;0000-00-00;2026-06-30 23:04:21;2026-07-01 10:47:59
1535;MAG1019-2;MAG1019-2;Царга нержавійка 50см  з ніпелем 2 дюйма;1012.0000;999;1;0000-00-00;2026-06-30 23:04:22;2026-07-01 10:47:59
1532;MAG101901;MAG101901;Царга нержавійка 50см  3 дюйма;1350.0000;5;1;0000-00-00;2026-06-30 23:01:28;2026-07-01 10:47:59
1533;MAG101902;MAG101902;Царга нержавійка 50см  з ніпелем 3 дюйма;1550.0000;0;1;0000-00-00;2026-06-30 23:01:28;2026-07-01 10:47:59
1536;MAG10198;MAG10198;Царга нержавійка 50см  з ніпелем 4 дюйма;2000.0000;5;1;0000-00-00;2026-06-30 23:01:28;2026-07-01 10:47:59
1537;MAG10199;MAG10199;Царга нержавійка 50см  4 дюйма;1800.0000;5;1;0000-00-00;2026-06-30 23:01:28;2026-07-01 10:47:59
1538;MAG1020-1;MAG1020-1;Царга нержавійка 100см  2 дюйма;1130.0000;0;1;0000-00-00;2026-06-30 23:01:28;2026-07-01 10:47:59
1539;MAG1020-2;MAG1020-2;Царга нержавійка 100см  з ніпелем 2 дюйма;1100.0000;0;1;0000-00-00;2026-06-30 23:01:28;2026-07-01 10:47:59
1540;MAG1023;MAG1023;Турбо дефлегматор 2 дюйма;1980.0000;999;1;0000-00-00;2026-06-30 23:04:23;2026-07-01 10:47:59
1465746361;MAG1029-1;MAG1029-1;Неопреновий утеплювач для царги;319.0000;0;1;2025-05-20;2026-06-30 23:06:19;2026-07-01 10:47:59
1465746019;MAG1029-2;MAG1029-2;Царга 3 дюйма Неопреновий утеплювач для царги;429.0000;999;1;2025-02-17;2026-06-30 23:06:13;2026-07-01 10:47:59
1465746364;MAG1029-3;MAG1029-3;Неопреновий утеплювач для царги 4 дюйми;539.0000;999;1;2025-05-20;2026-06-30 23:06:22;2026-07-01 10:47:59
1501;MAG1031;MAG1031;Царга мідна 50см 2 дюйми;2475.0000;999;1;0000-00-00;2026-06-30 23:04:10;2026-07-01 10:47:59
1541;MAG1032;MAG1032;Турбо охолоджувач 1,5 дюйма;1350.0000;0;1;0000-00-00;2026-06-30 23:01:28;2026-07-01 10:47:59
1465;MAG1033;MAG1033;Бражна колона 1,5 дюйми;5900.0000;998;1;0000-00-00;2026-06-30 23:00:28;2026-07-01 10:47:59
1466;MAG1034;MAG1034;Бражна колона 2 дюйми;8250.0000;999;1;0000-00-00;2026-06-30 23:03:46;2026-07-01 10:47:59
1542;MAG1035;MAG1035;Доохолоджувач для вузла відбору однотрубний;715.0000;999;1;0000-00-00;2026-06-30 23:04:24;2026-07-01 10:47:59
1543;MAG1035-3;MAG1035-3;Доохолоджувач для вузла відбору трьохтрубний;1760.0000;999;1;0000-00-00;2026-06-30 23:04:25;2026-07-01 10:47:59
1465745998;MAG1036;MAG1036;Сантехкомплект для бражної колони;495.0000;999;1;2025-02-17;2026-06-30 23:06:01;2026-07-01 10:47:59
1487;MAG1037-1;MAG1037-1;Тарілчаста колона 4 дюйми 3 рівня;8700.0000;999;1;0000-00-00;2026-06-30 23:00:29;2026-07-01 10:47:59
1488;MAG1037-2;MAG1037-2;Тарілчаста колона 4 дюйми 4 рівня;11050.0000;999;1;0000-00-00;2026-06-30 23:00:29;2026-07-01 10:47:59
1489;MAG1037-3;MAG1037-3;Тарілчаста колона 4 дюйми 5 рівня;13400.0000;999;1;0000-00-00;2026-06-30 23:00:29;2026-07-01 10:47:59
1490;MAG1038-1;MAG1038-1;"Тарілчаста колона 4&quot; 3 рівня, дефлегматор, холодильник";21670.0000;999;1;0000-00-00;2026-06-30 23:04:04;2026-07-01 10:47:59
1491;MAG1038-2;MAG1038-2;"Тарілчаста колона 4&quot; 4 рівня, дефлегматор, холодильник";24255.0000;999;1;0000-00-00;2026-06-30 23:04:05;2026-07-01 10:47:59
1492;MAG1038-3;MAG1038-3;"Тарілчаста колона 4&quot; 5 рівня, дефлегматор, холодильник";26840.0000;999;1;0000-00-00;2026-06-30 23:04:06;2026-07-01 10:47:59
1467;MAG1045;MAG1045;Бражна колона мідна 2 дюйми;9950.0000;0;1;0000-00-00;2026-06-30 23:00:28;2026-07-01 10:47:59
1479;MAG1048;MAG1048;"Додатковий рівень 2&quot; до тарілчастої колони";990.0000;999;1;0000-00-00;2026-06-30 23:03:59;2026-07-01 10:47:59
1480;MAG1048-1;MAG1048-1;"Додатковий рівень 3&quot; до тарілчастої колони";1595.0000;999;1;0000-00-00;2026-06-30 23:03:59;2026-07-01 10:47:59
1465745969;MAG10489;MAG10489;Додатковий рівень Вавілон Кристал 4 дюйма ;2585.0000;999;1;2025-02-17;2026-06-30 23:05:48;2026-07-01 10:47:59
1504;MAG1051;MAG1051;Тарілчаста колона мідна 4 дюйми 3 рівні;31460.0000;999;1;0000-00-00;2026-06-30 23:04:12;2026-07-01 10:47:59
1544;MAG1055;MAG1055;Заглушка 1,5 дюйма;66.0000;999;1;0000-00-00;2026-06-30 23:04:26;2026-07-01 10:47:59
1545;MAG1056;MAG1056;Заглушка 2 дюйма;110.0000;999;1;0000-00-00;2026-06-30 23:04:27;2026-07-01 10:47:59
1546;MAG1056-1;MAG1056-1;Заглушка 6 дюймів;770.0000;0;1;0000-00-00;2026-06-30 23:04:27;2026-07-01 10:47:59
1547;MAG1056-2;MAG1056-2;Заглушка 8 дюймів;1100.0000;0;1;0000-00-00;2026-06-30 23:04:28;2026-07-01 10:47:59
1548;MAG1056-3;MAG1056-3;Заглушка 3 дюйма;165.0000;999;1;0000-00-00;2026-06-30 23:04:30;2026-07-01 10:47:59
1549;MAG1056-4;MAG1056-4;Заглушка 4 дюйма;220.0000;999;1;0000-00-00;2026-06-30 23:04:30;2026-07-01 10:47:59
1465745997;MAG1059;MAG1059;Швидкоз'ємний фітінг 1/4 дюйма - 10мм;27.5000;999;1;2025-02-17;2026-06-30 23:06:01;2026-07-01 10:47:59
1465746000;MAG1060;MAG1060;Голковий кран (пластик);71.5000;999;1;2025-02-17;2026-06-30 23:06:02;2026-07-01 10:47:59
1465745854;MAG1061;MAG1061;"Голковий кран (нержавійка) 1/4&quot;";330.0000;999;1;2024-11-13;2026-06-30 23:05:32;2026-07-01 10:47:59
1550;MAG1062;MAG1062;Перехідник фланець-кламп 2 дюйма;495.0000;999;1;0000-00-00;2026-06-30 23:04:31;2026-07-01 10:47:59
1551;MAG1063-1;MAG1063-1;Відвід 90 градусів без ніпеля 1,5 дюйма;220.0000;999;1;0000-00-00;2026-06-30 23:04:32;2026-07-01 10:47:59
1552;MAG1063-2;MAG1063-2;Відвід 90 градусів з ніпелем 1,5 дюйма;400.0000;1;1;0000-00-00;2026-06-30 23:01:29;2026-07-01 10:47:59
1553;MAG1064-1-1;MAG1064-1-1;Відвід 90 градусов без ніпеля 2 дюйма;275.0000;999;1;0000-00-00;2026-06-30 23:04:33;2026-07-01 10:47:59
1554;MAG1064-1-2;MAG1064-1-2;Відвід 90°  з ніпелем 2 дюйма;550.0000;999;1;0000-00-00;2026-06-30 23:04:34;2026-07-01 10:47:59
1555;MAG1065;MAG1065;Прийомний носик 1,5 дюйма;200.0000;1;1;0000-00-00;2026-06-30 23:01:29;2026-07-01 10:47:59
1556;MAG1066;MAG1066;Прийомний носик 2 дюйма;418.0000;999;1;0000-00-00;2026-06-30 23:04:34;2026-07-01 10:47:59
1557;MAG1066-1;MAG1066-1;Прийомний носик 3 дюйма;759.0000;999;1;0000-00-00;2026-06-30 23:04:35;2026-07-01 10:47:59
1558;MAG1067;MAG1067;Скло боросилікатне D60мм Н80мм;165.0000;999;1;0000-00-00;2026-06-30 23:04:37;2026-07-01 10:47:59
1559;MAG1068;MAG1068;Скло боросилікатне D110мм H100мм;330.0000;999;1;0000-00-00;2026-06-30 23:04:38;2026-07-01 10:47:59
1560;MAG1068-1;MAG1068-1;Скло боросилікатне D80мм H100мм;220.0000;999;1;0000-00-00;2026-06-30 23:04:38;2026-07-01 10:47:59
1561;MAG1069;MAG1069;Перехідник 4-2  дюйма;825.0000;999;1;0000-00-00;2026-06-30 23:04:39;2026-07-01 10:47:59
1563;MAG1069-1;MAG1069-1;Перехідник 3-4  дюйма;869.0000;999;1;0000-00-00;2026-06-30 23:04:40;2026-07-01 10:47:59
1562;MAG10691;MAG10691;Перехідник редукція 6-3  дюйма;1650.0000;0;1;0000-00-00;2026-06-30 23:04:40;2026-07-01 10:47:59
1465746556;MAG10691-1;MAG10691-1;"Перехідник редукція 6&quot;-4&quot; з нержавіючої сталі AISI 304";1650.0000;0;1;2026-06-19;2026-06-30 23:06:55;2026-07-01 10:47:59
1496;MAG1072;MAG1072;"Тарілка 4&quot; з Pro ковпачками без скла";1980.0000;999;1;0000-00-00;2026-06-30 23:04:07;2026-07-01 10:47:59
1564;MAG1073;MAG1073;Клампове з'єднання sms38 1,5 дюйма;258.5000;999;1;0000-00-00;2026-06-30 23:04:41;2026-07-01 10:47:59
1565;MAG1074;MAG1074;Клампове з'єднання sms51 2 дюйма;308.0000;999;1;0000-00-00;2026-06-30 23:04:42;2026-07-01 10:47:59
1566;MAG1075;MAG1075;Клампове з'єднання sms76 3 дюйма;418.0000;999;1;0000-00-00;2026-06-30 23:04:43;2026-07-01 10:47:59
1567;MAG1080;MAG1080;Фланець кламповий приварний sms38 1,5 дюйма;66.0000;999;1;0000-00-00;2026-06-30 23:04:44;2026-07-01 10:47:59
1568;MAG1081;MAG1081;Фланець кламповий приварний sms51 2 дюйма;71.5000;999;1;0000-00-00;2026-06-30 23:04:45;2026-07-01 10:47:59
1569;MAG1081-1;MAG1081-1;Фланець кламповий приварний sms63 2,5 дюйма;82.5000;999;1;0000-00-00;2026-06-30 23:04:46;2026-07-01 10:47:59
1570;MAG1082;MAG1082;Фланець кламповий приварний sms76 3 дюйма;99.0000;999;1;0000-00-00;2026-06-30 23:04:47;2026-07-01 10:47:59
1498;MAG1084;MAG1084;Дефлегматор мідний 2 дюйми;3025.0000;999;1;0000-00-00;2026-06-30 23:04:08;2026-07-01 10:47:59
1571;MAG1085;MAG1085;Турбо дефлегматор 4 дюйма;5445.0000;999;1;0000-00-00;2026-06-30 23:04:47;2026-07-01 10:47:59
1505;MAG1086;MAG1086;Мідний рівень 4 дюйми;6545.0000;999;1;0000-00-00;2026-06-30 23:04:13;2026-07-01 10:47:59
1572;MAG1087;MAG1087;Стакан бункер для джин кошика;275.0000;999;1;0000-00-00;2026-06-30 23:04:48;2026-07-01 10:47:59
1573;MAG1087-1-1;MAG1087-1-1;Стакан бункер 2'' для діоптра  2 дюйма;176.0000;999;1;0000-00-00;2026-06-30 23:04:49;2026-07-01 10:47:59
1506;MAG10874;MAG10874;Мідний рівень 6 дюймів для тарілчастої мідної колони;13750.0000;999;1;0000-00-00;2026-06-30 23:04:14;2026-07-01 10:47:59
1574;MAG1089;MAG1089;Клампове з'єднання sms102 4 дюйма;528.0000;999;1;0000-00-00;2026-06-30 23:04:50;2026-07-01 10:47:59
1575;MAG1090;MAG1090;Хомут від клампового з'єднання 3 дюйма;220.0000;999;1;0000-00-00;2026-06-30 23:04:51;2026-07-01 10:47:59
1576;MAG1091;MAG1091;Хомут від клампового з'єднання 4 дюйма;275.0000;999;1;0000-00-00;2026-06-30 23:04:51;2026-07-01 10:47:59
1577;MAG1091-1;MAG1091-1;Хомут від клампового з'єднання 6 дюймів;770.0000;999;1;0000-00-00;2026-06-30 23:04:52;2026-07-01 10:47:59
1578;MAG1091-1-1;MAG1091-1-1;Хомут від клампового з'єднання 8 дюймів;1100.0000;0;1;0000-00-00;2026-06-30 23:04:53;2026-07-01 10:47:59
1579;MAG1092;MAG1092;Фланець кламповий приварний sms102 4 дюйма;126.5000;999;1;0000-00-00;2026-06-30 23:04:54;2026-07-01 10:47:59
1580;MAG1092-1;MAG1092-1;Фланець кламповий приварний sms152 6 дюймів;385.0000;999;1;0000-00-00;2026-06-30 23:04:55;2026-07-01 10:47:59
1581;MAG1092-2;MAG1092-2;Фланець кламповий приварний sms203 8 дюймів;462.0000;0;1;0000-00-00;2026-06-30 23:04:55;2026-07-01 10:47:59
1582;MAG1095;MAG1095;Перехідник 2-1,5  дюйма;429.0000;999;1;0000-00-00;2026-06-30 23:04:56;2026-07-01 10:47:59
1583;MAG1096;MAG1096;Вузол відбору по рідині MagPro з доохолоджувачем 2 дюйма;3025.0000;999;1;0000-00-00;2026-06-30 23:04:56;2026-07-01 10:47:59
1584;MAG1097;MAG1097;Вузол відбору по рідині MagPro з доохолоджувачем 1,5 дюйма;1950.0000;0;1;0000-00-00;2026-06-30 23:01:30;2026-07-01 10:47:59
1585;MAG1098;MAG1098;Вузол відбору по рідині MagPro Visual з доохолоджувачем 2 дюйма;3960.0000;999;1;0000-00-00;2026-06-30 23:04:58;2026-07-01 10:47:59
1586;MAG1099;MAG1099;Діоптр 2 дюйма;935.0000;999;1;0000-00-00;2026-06-30 23:04:59;2026-07-01 10:47:59
1587;MAG10994М;MAG10994М;Царга діоптр 40см 4 дюйма;3245.0000;0;1;0000-00-00;2026-06-30 23:05:00;2026-07-01 10:47:59
1588;MAG1099М;MAG1099М;Міні Діоптр 2 дюйма;935.0000;999;1;0000-00-00;2026-06-30 23:05:01;2026-07-01 10:47:59
1589;MAG1099М1;MAG1099М1;Царга діоптр 40см 2 дюйма;1430.0000;999;1;0000-00-00;2026-06-30 23:05:02;2026-07-01 10:47:59
1590;MAG1099М2;MAG1099М2;Царга діоптр 40см 3 дюйма;2420.0000;0;1;0000-00-00;2026-06-30 23:05:02;2026-07-01 10:47:59
1591;MAG1099М3;MAG1099М3;Міні Діоптр 3 дюйма;1375.0000;999;1;0000-00-00;2026-06-30 23:05:03;2026-07-01 10:47:59
1592;MAG1099М3-1;MAG1099М3-1;Міні Діоптр 4 дюйма;1980.0000;999;1;0000-00-00;2026-06-30 23:05:03;2026-07-01 10:47:59
1593;MAG1101;MAG1101;Вузол відбору по рідині MagPro Visual з доохолоджувачем 1,5 дюйма;2400.0000;0;1;0000-00-00;2026-06-30 23:01:30;2026-07-01 10:47:59
1594;MAG1102;MAG1102;Вузол відбору по рідині MagPro 1,5 дюйма;650.0000;0;1;0000-00-00;2026-06-30 23:01:30;2026-07-01 10:47:59
1595;MAG1103;MAG1103;Вузол відбору по рідині MagPro 2 дюйма;1980.0000;999;1;0000-00-00;2026-06-30 23:05:04;2026-07-01 10:47:59
1596;MAG1104;MAG1104;Вузол відбору по рідині MagPro Visual 1,5 дюйма;1500.0000;0;1;0000-00-00;2026-06-30 23:01:30;2026-07-01 10:47:59
1597;MAG1105;MAG1105;Вузол відбору по рідині MagPro Visual 2 дюйма;2915.0000;999;1;0000-00-00;2026-06-30 23:05:04;2026-07-01 10:47:59
1619;MAG1106;MAG1106;Тен для самогонного апарату 4,5 кВт 2 дюйми;1750.0000;5;1;0000-00-00;2026-06-30 23:01:31;2026-07-01 10:47:59
1422;MAG1110-1;MAG1110-1;Перегінний куб 25 літрів 2 дюйма з клампом під тен;5950.0000;999;1;0000-00-00;2026-06-30 23:00:27;2026-07-01 10:47:59
1421;MAG1110-10;MAG1110-10;Перегінний куб 25 літрів 1,5 дюйма  з клампом під тен;6545.0000;999;1;0000-00-00;2026-06-30 23:03:24;2026-07-01 10:47:59
1420;MAG1110-7;MAG1110-7;Перегінний куб 25 літрів 2 дюйма  без клампу під тен;5450.0000;999;1;0000-00-00;2026-06-30 23:00:27;2026-07-01 10:47:59
1396;MAG1110-8;MAG1110-8;Перегінний куб 25 літрів  1,5 дюйма  без клампу під тен;5950.0000;999;1;0000-00-00;2026-06-30 23:00:26;2026-07-01 10:47:59
1598;MAG1111;MAG1111;Царга діоптр 55 см 2 дюйма;1650.0000;999;1;0000-00-00;2026-06-30 23:05:05;2026-07-01 10:47:59
1599;MAG1113;MAG1113;Скло боросилікатне D60мм H500mm ;550.0000;999;1;0000-00-00;2026-06-30 23:05:06;2026-07-01 10:47:59
1600;MAG1113-1;MAG1113-1;Скло боросилікатне D110мм H500mm;1100.0000;0;1;0000-00-00;2026-06-30 23:05:07;2026-07-01 10:47:59
1410;MAG1116;MAG1116;Фальшдно для перегінного куба на 25 літрів;1760.0000;999;1;0000-00-00;2026-06-30 23:03:16;2026-07-01 10:47:59
1620;MAG1117;MAG1117;Тен для самогонного апарату 2,5 кВт 2 дюйми;1540.0000;999;1;0000-00-00;2026-06-30 23:05:17;2026-07-01 10:47:59
1621;MAG1118;MAG1118;Тен для самогонного апарату 3,5 кВт 2 дюйми;1650.0000;999;1;0000-00-00;2026-06-30 23:05:18;2026-07-01 10:47:59
1601;MAG1119;MAG1119;Діоптр 4 дюйма;1980.0000;999;1;0000-00-00;2026-06-30 23:05:07;2026-07-01 10:47:59
1465745973;MAG1120;MAG1120;Ніпель під термометр з нержавійки;209.0000;999;1;2025-02-17;2026-06-30 23:05:49;2026-07-01 10:47:59
1397;MAG1121-1;MAG1121-1;Перегінний куб 40 літрів  1,5 дюйма  без клампу під тен;6450.0000;999;1;0000-00-00;2026-06-30 23:00:26;2026-07-01 10:47:59
1465745910;MAG1121-2;MAG1121-2;Перегінний куб 40 літрів 2 дюйма без клампу під тен;7095.0000;999;1;2024-11-13;2026-06-30 23:05:34;2026-07-01 10:47:59
1425;MAG1121-4;MAG1121-4;Перегінний куб 40 літрів 1,5 дюйма з клампом під тен;6950.0000;999;1;0000-00-00;2026-06-30 23:00:27;2026-07-01 10:47:59
1426;MAG1121-5;MAG1121-5;Перегінний куб 40 літрів 2 дюйма з клампом під тен;7645.0000;999;1;0000-00-00;2026-06-30 23:03:28;2026-07-01 10:47:59
1423;MAG1121-6;MAG1121-6;Перегінний куб 40 літрів  3 дюйма  без клампу під тен;7535.0000;999;1;0000-00-00;2026-06-30 23:03:25;2026-07-01 10:47:59
1427;MAG1121-7;MAG1121-7;Перегінний куб 40 літрів 3 дюйма з клампом під тен;8085.0000;999;1;0000-00-00;2026-06-30 23:03:28;2026-07-01 10:47:59
1424;MAG1121-8;MAG1121-8;Перегінний куб 40 літрів  4 дюйма  без клампу під тен;7645.0000;999;1;0000-00-00;2026-06-30 23:03:26;2026-07-01 10:47:59
1428;MAG1121-9;MAG1121-9;Перегінний куб 40 літрів 4 дюйма з клампом під тен;8195.0000;999;1;0000-00-00;2026-06-30 23:03:29;2026-07-01 10:47:59
1398;MAG1122-2;MAG1122-2;Перегінний куб 60 літрів 2 дюйма  без клампу під тен;8450.0000;0;1;0000-00-00;2026-06-30 23:00:26;2026-07-01 10:47:59
1431;MAG1122-3;MAG1122-3;Перегінний куб 60 літрів 3 дюйма  без клампу під тен;8850.0000;0;1;0000-00-00;2026-06-30 23:00:27;2026-07-01 10:47:59
1432;MAG1122-4;MAG1122-4;Перегінний куб 60 літрів 4 дюйма  без клампу під тен;8950.0000;0;1;0000-00-00;2026-06-30 23:00:27;2026-07-01 10:47:59
1434;MAG1122-6;MAG1122-6;Перегінний куб 60 літрів 2 дюйма  з клампом під тен;9845.0000;999;1;0000-00-00;2026-06-30 23:03:30;2026-07-01 10:47:59
1436;MAG1122-7;MAG1122-7;Перегінний куб 60 літрів 3 дюйма  з клампом під тен;10285.0000;999;1;0000-00-00;2026-06-30 23:03:31;2026-07-01 10:47:59
1438;MAG1122-8;MAG1122-8;Перегінний куб 60 літрів 4 дюйма  з клампом під тен;10395.0000;999;1;0000-00-00;2026-06-30 23:03:31;2026-07-01 10:47:59
1419;MAG1123-1;MAG1123-1;Перегінний куб на 85 літрів 2 дюйма;10395.0000;0;1;0000-00-00;2026-06-30 23:03:23;2026-07-01 10:47:59
1453;MAG1123-2;MAG1123-2;Перегінний куб на 85 літрів 3 дюйма;10835.0000;0;1;0000-00-00;2026-06-30 23:03:38;2026-07-01 10:47:59
1454;MAG1123-3;MAG1123-3;Перегінний куб на 85 літрів 4 дюйма;10945.0000;0;1;0000-00-00;2026-06-30 23:03:40;2026-07-01 10:47:59
1411;MAG1124;MAG1124;Фальшдно для самогонного апарату на 40 л;2145.0000;999;1;0000-00-00;2026-06-30 23:03:17;2026-07-01 10:47:59
1412;MAG1125;MAG1125;Фальшдно для перегонного куба на 60 литров;2640.0000;999;1;0000-00-00;2026-06-30 23:03:17;2026-07-01 10:47:59
1602;MAG1126;MAG1126;Царга коротка з гільзою під термометр 2 дюйма;539.0000;999;1;0000-00-00;2026-06-30 23:05:08;2026-07-01 10:47:59
1603;MAG1126-3;MAG1126-3;Царга коротка з гільзою під термометр 3 дюйма;627.0000;999;1;0000-00-00;2026-06-30 23:05:08;2026-07-01 10:47:59
1604;MAG1127;MAG1127;Діоптр 3 дюйма;1375.0000;999;1;0000-00-00;2026-06-30 23:05:09;2026-07-01 10:47:59
1605;MAG1128;MAG1128;Царга коротка з гільзою під термометр 1,5 дюйма;490.0000;6;1;0000-00-00;2026-06-30 23:01:30;2026-07-01 10:47:59
1606;MAG1131-1;MAG1131-1;Царга нержавійка 30см 2 дюйма;605.0000;999;1;0000-00-00;2026-06-30 23:05:10;2026-07-01 10:47:59
1607;MAG1131-2;MAG1131-2;Царга нержавійка з ніпелем 30см 2 дюйма;880.0000;999;1;0000-00-00;2026-06-30 23:05:10;2026-07-01 10:47:59
1414;MAG1133;MAG1133;Фальшдно для перегінного куба на 85л/125 літрів;3245.0000;999;1;0000-00-00;2026-06-30 23:03:18;2026-07-01 10:47:59
1415;MAG1133-1;MAG1133-1;Фальшдно для перегінного куба на 200 літрів;4345.0000;999;1;0000-00-00;2026-06-30 23:03:19;2026-07-01 10:47:59
1499;MAG1147;MAG1147;Мідний рівень 2 дюйми;2750.0000;999;1;0000-00-00;2026-06-30 23:04:09;2026-07-01 10:47:59
1416;MAG1149;MAG1149;Сито для затирання під куб 40л;3289.0000;999;1;0000-00-00;2026-06-30 23:03:21;2026-07-01 10:47:59
1500;MAG1150;MAG1150;Тарілчаста колона мідна 2 дюйми 3 рівні;15070.0000;999;1;0000-00-00;2026-06-30 23:04:10;2026-07-01 10:47:59
1465745978;MAG1151;MAG1151;Фільтр Базука 15см;165.0000;999;1;2025-02-17;2026-06-30 23:05:51;2026-07-01 10:47:59
1468;MAG1159;MAG1159;Бражна колона 2 дюйми з мідною царгою;10505.0000;999;1;0000-00-00;2026-06-30 23:03:47;2026-07-01 10:47:59
1481;MAG1166-1;MAG1166-1;Тарілчаста колона 3 дюйми 3 рівня;6160.0000;999;1;0000-00-00;2026-06-30 23:04:00;2026-07-01 10:47:59
1482;MAG1166-2;MAG1166-2;Тарілчаста колона 3 дюйми 4 рівні;7755.0000;999;1;0000-00-00;2026-06-30 23:04:01;2026-07-01 10:47:59
1483;MAG1166-3;MAG1166-3;Тарілчаста колона 3 дюйми 5 рівня;9350.0000;999;1;0000-00-00;2026-06-30 23:04:01;2026-07-01 10:47:59
1484;MAG1167-1;MAG1167-1;"Тарілчаста колона 3&quot; 3 рівня, дефлегматор, холодильник";16445.0000;999;1;0000-00-00;2026-06-30 23:04:02;2026-07-01 10:47:59
1485;MAG1167-2;MAG1167-2;"Тарілчаста колона 3&quot; 4 рівні, дефлегматор, холодильник";18040.0000;999;1;0000-00-00;2026-06-30 23:04:03;2026-07-01 10:47:59
1486;MAG1167-3;MAG1167-3;"Тарілчаста колона 3&quot; 5 рівнів, дефлегматор, холодильник";19635.0000;999;1;0000-00-00;2026-06-30 23:04:04;2026-07-01 10:47:59
1608;MAG1168;MAG1168;Перехідник 3-2  дюйма;605.0000;999;1;0000-00-00;2026-06-30 23:05:11;2026-07-01 10:47:59
1503;MAG1169;MAG1169;Мідний рівень 3 дюйми;5445.0000;999;1;0000-00-00;2026-06-30 23:04:11;2026-07-01 10:47:59
1502;MAG1170;MAG1170;Тарілчаста колона мідна 3 дюйми 3 рівні;26400.0000;999;1;0000-00-00;2026-06-30 23:04:11;2026-07-01 10:47:59
1622;MAG1173;MAG1173;Тен для самогонного апарату 3 кВт 2 дюйми;1540.0000;999;1;0000-00-00;2026-06-30 23:05:19;2026-07-01 10:47:59
1417;MAG1176;MAG1176;Сито для затирання під куб 60л;3905.0000;999;1;0000-00-00;2026-06-30 23:03:21;2026-07-01 10:47:59
1418;MAG1176-1;MAG1176-1;Сито для затирання під куб 85л;4345.0000;999;1;0000-00-00;2026-06-30 23:03:23;2026-07-01 10:47:59
1465745866;MAG1184;MAG1184;"Стакан &quot;Папуга&quot; вимірювання спиртозності на клампах";2640.0000;999;1;2024-11-13;2026-06-30 23:05:33;2026-07-01 10:47:59
1609;MAG1187;MAG1187;Вертикальний дефлегматор Дімрота нержа 2 дюйма;2640.0000;999;1;0000-00-00;2026-06-30 23:05:12;2026-07-01 10:47:59
1610;MAG2,5;MAG2,5;Клампове з'єднання sms63 2,5 дюйма;363.0000;0;1;0000-00-00;2026-06-30 23:05:12;2026-07-01 10:47:59
1507;MAG20876;MAG20876;Мідний рівень 8 дюймів для тарілчастої мідної колони;21450.0000;0;1;0000-00-00;2026-06-30 23:04:14;2026-07-01 10:47:59
1403;MAG25;MAG25;Мідна кришка для перегінного куба 25 літрів 2 дюйма;5995.0000;0;1;0000-00-00;2026-06-30 23:03:11;2026-07-01 10:47:59
1400;MAG25M-1;MAG25M-1;Перегінний куб 25 літрів з мідною кришкою 2 дюйма  без клампу під тен;10285.0000;0;1;0000-00-00;2026-06-30 23:03:09;2026-07-01 10:47:59
1441;MAG25M-2;MAG25M-2;Перегінний куб 25 літрів з мідною кришкою 2 дюйма  з клампом під тен;10835.0000;0;1;0000-00-00;2026-06-30 23:03:34;2026-07-01 10:47:59
1612;MAG3-57;MAG3-57;Царга діоптр 57см 3 дюйма;2640.0000;999;1;0000-00-00;2026-06-30 23:05:14;2026-07-01 10:47:59
1623;MAG4,5;MAG4,5;Тен для самогонного апарату 4,5 кВт без кабелю 2 дюйми;1375.0000;999;1;0000-00-00;2026-06-30 23:05:20;2026-07-01 10:47:59
1614;MAG4-56;MAG4-56;Царга діоптр 56см 4 дюйма;3300.0000;0;1;0000-00-00;2026-06-30 23:05:15;2026-07-01 10:47:59
1404;MAG40-2;MAG40-2;"Мідна кришка для перегінного кубу 40 літрів 2&quot;";6875.0000;999;1;0000-00-00;2026-06-30 23:03:12;2026-07-01 10:47:59
1455;MAG40-3;MAG40-3;"Мідна кришка для перегінного кубу 40 літрів 3&quot;";7315.0000;999;1;0000-00-00;2026-06-30 23:03:42;2026-07-01 10:47:59
1456;MAG40-4;MAG40-4;"Мідна кришка для перегінного кубу 40 літрів 4&quot;";7425.0000;999;1;0000-00-00;2026-06-30 23:03:43;2026-07-01 10:47:59
1401;MAG40M-2;MAG40M-2;Перегінний куб 40 літрів з мідною кришкою  2 дюйма без клампу під тен;12100.0000;999;1;0000-00-00;2026-06-30 23:03:10;2026-07-01 10:47:59
1444;MAG40M-2Т;MAG40M-2Т;Перегінний куб 40 літрів з мідною кришкою 2 дюйма з клампом під тен;12650.0000;999;1;0000-00-00;2026-06-30 23:03:36;2026-07-01 10:47:59
1442;MAG40M-3;MAG40M-3;Перегінний куб 40 літрів з мідною кришкою 3 дюйма без клампу під тен;12540.0000;999;1;0000-00-00;2026-06-30 23:03:34;2026-07-01 10:47:59
1445;MAG40M-3Т;MAG40M-3Т;Перегінний куб 40 літрів з мідною кришкою 3 дюйма з клампом під тен;13090.0000;999;1;0000-00-00;2026-06-30 23:03:37;2026-07-01 10:47:59
1443;MAG40M-4;MAG40M-4;Перегінний куб 40 літрів з мідною кришкою 4 дюйма без клампу під тен;12650.0000;999;1;0000-00-00;2026-06-30 23:03:35;2026-07-01 10:47:59
1465746011;MAG40M-4Т;MAG40M-4Т;Перегінний куб 40л/4 дюйма Фірмовий  з мідною кришкою (з клампом під тен);13200.0000;999;1;2025-02-17;2026-06-30 23:06:06;2026-07-01 10:47:59
1615;MAG6;MAG6;Клампове з'єднання sms152 6 дюймів;1540.0000;999;1;0000-00-00;2026-06-30 23:05:16;2026-07-01 10:47:59
1624;MAG6,0;MAG6,0;Тен для самогонного апарату 6 кВт без кабелю 2 дюйми;1430.0000;0;1;0000-00-00;2026-06-30 23:05:21;2026-07-01 10:47:59
1405;MAG60-1;MAG60-1;"Мідна кришка для перегінного кубу 60 літрів 2&quot;";7645.0000;999;1;0000-00-00;2026-06-30 23:03:12;2026-07-01 10:47:59
1457;MAG60-2;MAG60-2;"Мідна кришка для перегінного кубу 60 літрів 3&quot;";8085.0000;999;1;0000-00-00;2026-06-30 23:03:44;2026-07-01 10:47:59
1458;MAG60-3;MAG60-3;"Мідна кришка для перегінного кубу 60 літрів 4&quot;";8195.0000;999;1;0000-00-00;2026-06-30 23:03:44;2026-07-01 10:47:59
1446;MAG60M-4Т;MAG60M-4Т;Перегінний куб 40 літрів з мідною кришкою 4 дюйма з клампом під тен;10550.0000;0;1;0000-00-00;2026-06-30 23:00:28;2026-07-01 10:47:59
1616;MAG8;MAG8;Клампове з'єднання sms203 8 дюймів;2200.0000;0;1;0000-00-00;2026-06-30 23:05:17;2026-07-01 10:47:59
1465746543;MID-32;MID-32;"Перехідник мідний 3&quot; - 2&quot; для дистиляційного обладнання";2178.0000;999;1;2026-06-19;2026-06-30 23:06:44;2026-07-01 10:47:59
1465746544;MID-42;MID-42;"Перехідник мідний 4&quot; - 2&quot; для дистиляційного обладнання";2189.0000;999;1;2026-06-19;2026-06-30 23:06:45;2026-07-01 10:47:59
1465746542;MID-43;MID-43;"Перехідник мідний 4&quot; - 3&quot; для дистиляційного обладнання";2189.0000;999;1;2026-06-19;2026-06-30 23:06:43;2026-07-01 10:47:59
1465746535;mini-dioptr;mini-dioptr;Міні-діоптр крапельний AISI 304;670.0000;1;1;2026-06-18;2026-06-30 23:01:50;2026-07-01 10:47:59
1361;MS-0;MS-0;Ректифікаційна колона 2 дюйми (нержавіюча сталь);9350.0000;999;1;0000-00-00;2026-06-30 23:03:02;2026-07-01 10:47:59
1383;MS-3D;MS-3D;Ректифікаційна колона 3 дюйми;13915.0000;999;1;0000-00-00;2026-06-30 23:03:06;2026-07-01 10:47:59
1465746410;MS40T;MS40T;Самогонний апарат 40 л з дефлегматором 2 дюйми;15450.0000;998;1;2025-09-03;2026-06-30 23:01:03;2026-07-01 10:47:59
1465745980;MSH-4XL;MSH-4XL;4 дюйма Мідний шолом аламбік XL;16445.0000;999;1;2025-02-17;2026-06-30 23:05:52;2026-07-01 10:47:59
1465746587;mufta amer 1/4;mufta amer 1/4;Муфта-американка нержавіюча ВР/НР 1/4″ DN8 AISI 304;290.0000;0;1;2026-06-30;2026-06-30 23:01:51;2026-07-01 10:47:59
1465746536;muftadn8;muftadn8;Муфта нержавіюча DN8 1/4″ AISI 304;25.0000;0;1;2026-06-18;2026-06-30 23:01:50;2026-07-01 10:47:59
1465746304;Neo125;Neo125;Неопреновий утеплювач для куба 125 літрів;2926.0000;999;1;2025-04-17;2026-06-30 23:06:18;2026-07-01 10:47:59
1406;Neo25;Neo25;Неопреновий утеплювач для кубу 25л;1045.0000;999;1;0000-00-00;2026-06-30 23:03:13;2026-07-01 10:47:59
1407;Neo40;Neo40;Неопреновий утеплювач для кубу 40л;1375.0000;999;1;0000-00-00;2026-06-30 23:03:14;2026-07-01 10:47:59
1408;Neo60;Neo60;Неопреновий утеплювач для куба 60л;1760.0000;0;1;0000-00-00;2026-06-30 23:03:15;2026-07-01 10:47:59
1409;Neo85;Neo85;Неопреновий утеплювач для кубу 85л;2145.0000;0;1;0000-00-00;2026-06-30 23:03:15;2026-07-01 10:47:59
2000;P0201;P0201;Набір спецій подарунковий для нього;800.0000;5;1;0000-00-00;2026-06-30 23:01:35;2026-07-01 10:47:59
1465746450;P0202;P0202;Подарунковий набір для настоянок «Український етно-хіт»;900.0000;999;1;2026-03-09;2026-03-09 10:57:08;2026-07-01 10:47:59
1465746447;P0203;P0203;Подарунковий набір для настоянок Hot Rod «Коктейльний бар»;600.0000;999;1;2026-03-06;2026-03-06 18:45:12;2026-07-01 10:47:59
1465746448;P0204;P0204;Подарунковий набір для настоянок «Міцна класика»;700.0000;20;1;2026-03-09;2026-06-30 23:01:49;2026-07-01 10:47:59
1465746449;P0205;P0205;Подарунковий набір для створення настоянок «Святковий»;800.0000;20;1;2026-03-09;2026-06-30 23:01:49;2026-07-01 10:47:59
1465746446;P0206;P0206;Подарунковий набір для настоянок «Сила природи»;900.0000;999;1;2026-03-06;2026-03-06 18:34:01;2026-07-01 10:47:59
1465746445;P0207;P0207;Подарунковий набір для настоянок  - Екзотичний світ;900.0000;20;1;2026-03-06;2026-06-30 23:01:49;2026-07-01 10:47:59
1465746451;P0208;P0208;Подарунковий набір для настоянок «Фруктовий сад»;1000.0000;20;1;2026-03-09;2026-06-30 23:01:49;2026-07-01 10:47:59
859;PH-метр;PH-метр;РН-метр цифровий;250.0000;2;1;0000-00-00;2026-06-30 23:01:20;2026-07-01 10:47:59
1465746365;pioneer;pioneer;"Бражна колона Pioneer 2025 без куба 2&quot; ";5489.0000;999;1;2025-05-20;2026-06-30 23:06:23;2026-07-01 10:47:59
1465746372;pioneer-0;pioneer-0;Універсальний вузол відбору 2 дюйми Голова БК Pioneer 2025;3685.0000;999;1;2025-05-20;2026-06-30 23:06:28;2026-07-01 10:47:59
265;PIWO 1000 Komfort;PIWO 1000 Komfort;Скляна пляшка з бугельною пробкою 1000 мл;28.0000;0;1;0000-00-00;2026-06-30 23:00:07;2026-07-01 10:47:59
266;PIWO 500 Komfort;PIWO 500 Komfort;Скляна пляшка з бугельною пробкою 500 мл;21.0000;0;1;0000-00-00;2026-06-30 23:00:07;2026-07-01 10:47:59
1465746509;PKBK2;PKBK2;"Бражна колона 2&quot; на клампах з дефлегматором";8855.0000;999;1;2026-06-10;2026-06-30 23:08:26;2026-07-01 10:47:59
1465746507;PKBK32;PKBK32;"Бражна колона монолітна 2&quot; 32 мм з дефлегматором";3622.5000;999;1;2026-06-10;2026-06-30 23:08:25;2026-07-01 10:47:59
1465746508;PKBK40;PKBK40;"Бражна колона монолітна 2&quot; — 40 мм з дефлегматором";4542.5000;999;1;2026-06-10;2026-06-30 23:08:25;2026-07-01 10:47:59
1465746440;PKMINS2;PKMINS2;Міні колона 2 дюйма з 2 сухопарниками та охолоджувачем;3680.0000;999;1;2026-02-05;2026-06-30 23:08:25;2026-07-01 10:47:59
1465746510;PKPAR2;PKPAR2;"Ректифікаційна колона 2&quot; з вузлом відбору по пару";14087.5000;999;1;2026-06-10;2026-06-30 23:08:26;2026-07-01 10:47:59
1465746512;PKPBF2;PKPBF2;"Модуль подвійної перегонки для самогонного апарата 2&quot;";3850.0000;10;1;2026-06-10;2026-06-22 13:05:57;2026-07-01 10:47:59
1465746511;PKRID2;PKRID2;"Ректифікаційна колона 2&quot; з вузлом відбору по рідині";10465.0000;999;1;2026-06-10;2026-06-30 23:08:26;2026-07-01 10:47:59
1465746506;PKS50L;PKS50L;Перегінний куб 50 літрів;6900.0000;999;1;2026-06-10;2026-06-30 23:08:26;2026-07-01 10:47:59
586;Pot Still 8 l;Pot Still 8 l;Мідний самогонний апарат  8л;10970.0000;0;1;0000-00-00;2026-06-30 23:00:13;2026-07-01 10:47:59
1385;PS-3D;PS-3D;Ректификаційная колона 3 дюйма Premium;28600.0000;999;1;0000-00-00;2026-06-30 23:03:06;2026-07-01 10:47:59
1465746432;PS1800;PS1800;Портативна зарядна станція Craftfull PS1800 Fast Charge, 1536 Вт·год, 1800 Вт;39800.0000;0;1;2025-12-09;2026-06-30 23:01:04;2026-07-01 10:47:59
1465746444;PS3600;PS3600;Зарядна станція Craftfull Powerstation Fast Charge PS3600 (арт. PS3600);79800.0000;999;1;2026-02-16;2026-06-30 23:01:04;2026-07-01 10:47:59
1465745988;PVK-125;PVK-125;Пароводяний котел ПВК 125л;54450.0000;0;1;2025-02-17;2026-06-30 23:05:57;2026-07-01 10:47:59
1465745987;PVK-85;PVK-85;Пароводяний котел ПВК 85л;39500.0000;0;1;2025-02-17;2026-06-30 23:00:51;2026-07-01 10:47:59
1968;Q-1113n;Q-1113n;Набір для кави 2 чашки (у дерев’яній коробці з оксамитом);2970.0000;0;1;0000-00-00;2026-06-30 23:00:45;2026-07-01 10:47:59
1973;Q-1116;Q-1116;Сковорода з боковими фігурними ручками 20 см.;2500.0000;3;1;0000-00-00;2026-06-30 23:00:46;2026-07-01 10:47:59
1972;Q-1118;Q-1118;Сковорода з боковими фігурними ручками 18 см.;2360.0000;0;1;0000-00-00;2026-06-30 23:00:45;2026-07-01 10:47:59
637;Reflux still 12 l 4;Reflux still 12 l 4;Самогонний апарат 12 л з дефлегматором;17980.0000;0;1;0000-00-00;2026-06-30 23:00:13;2026-07-01 10:47:59
583;Reflux still 42 l 6;Reflux still 42 l 6;Мідний самогонний апарат 42 л, з дефлегматором;47771.0000;0;1;0000-00-00;2026-06-30 23:00:13;2026-07-01 10:47:59
1271;RN6;RN6;Регулятор напруги 6кВт;470.0000;1;1;0000-00-00;2026-06-30 23:01:26;2026-07-01 10:47:59
744;S0101;S0101;Набір спецій для настоянки Хріновуха;105.0000;20;1;0000-00-00;2026-06-30 23:01:16;2026-07-01 10:47:59
1625;S0102;S0102;Набір для настоянки Вірменський Арцах 3л;267.0000;1;1;0000-00-00;2026-06-30 23:01:31;2026-07-01 10:47:59
1626;S0103;S0103;Набір для настоянки в стилі Джин 1л;76.0000;20;1;0000-00-00;2026-06-30 23:01:31;2026-07-01 10:47:59
824;S0104;S0104;Набір спецій для настоянки у стилі Джин (3 л);118.0000;20;1;0000-00-00;2026-06-30 23:01:20;2026-07-01 10:47:59
738;S0105;S0105;Набір спецій для настоянки Калганівка;113.0000;22;1;0000-00-00;2026-06-30 23:01:16;2026-07-01 10:47:59
1627;S0106;S0106;Набір для настоянки Єврейська Пейсахівка 3л;212.0000;3;1;0000-00-00;2026-06-30 23:01:31;2026-07-01 10:47:59
1073;S0107;S0107;Набір для настоянки Коньяк Домашній 3л;105.0000;20;1;0000-00-00;2026-06-30 23:01:24;2026-07-01 10:47:59
1053;S0108;S0108;Набір спецій для настоянки ЗУБРІВКА ПОЛЬСЬКА ШЛЯХЕТНА 1л;70.0000;2;1;0000-00-00;2026-06-30 23:01:24;2026-07-01 10:47:59
1628;S0109;S0109;Набір для настоянки Українська з перцем 1л;59.0000;20;1;0000-00-00;2026-06-30 23:01:31;2026-07-01 10:47:59
1629;S0110;S0110;Набір для настоянки Похмільна 1л;84.0000;1;1;0000-00-00;2026-06-30 23:01:31;2026-07-01 10:47:59
827;S0111;S0111;Набір спецій для настоянки Стрижамент (9 л);100.0000;3;1;0000-00-00;2026-06-30 23:01:20;2026-07-01 10:47:59
1630;S0112;S0112;Набір для настоянки в стилі Ром Золотистий 1л;74.0000;21;1;0000-00-00;2026-06-30 23:01:31;2026-07-01 10:47:59
1631;S0113;S0113;Набір для настоянки Аквавіт 1л;81.0000;1;1;0000-00-00;2026-06-30 23:01:31;2026-07-01 10:47:59
1051;S0114;S0114;Набір спецій для настоянки ЗУБРІВКА 1л;59.0000;4;1;0000-00-00;2026-06-30 23:01:24;2026-07-01 10:47:59
728;S0115;S0115;Набір спецій для настоянки Абсент;266.0000;1;1;0000-00-00;2026-06-30 23:01:16;2026-07-01 10:47:59
737;S0116;S0116;Набір спецій для настоянки Імбірно-лимонна;106.0000;3;1;0000-00-00;2026-06-30 23:01:16;2026-07-01 10:47:59
743;S0117;S0117;Набір спецій для настоянки Українська з перцем;92.0000;3;1;0000-00-00;2026-06-30 23:01:16;2026-07-01 10:47:59
1632;S0118;S0118;Набір для настоянки Калинова 3л;105.0000;5;1;0000-00-00;2026-06-30 23:01:31;2026-07-01 10:47:59
730;S0119;S0119;Набір спецій для настоянки Бородинська;92.0000;2;1;0000-00-00;2026-06-30 23:01:16;2026-07-01 10:47:59
729;S0120;S0120;Набір спецій для настоянки Аквавіт;167.0000;20;1;0000-00-00;2026-06-30 23:01:16;2026-07-01 10:47:59
732;S0121;S0121;Набір спецій для настоянки в стилі Зубрівка;92.0000;20;1;0000-00-00;2026-06-30 23:01:16;2026-07-01 10:47:59
1048;S0122;S0122;Набір спецій для настоянки ЗУБРІВКА ПОЛЬСКА ШЛЯХЕТНА 3л;122.0000;3;1;0000-00-00;2026-06-30 23:01:23;2026-07-01 10:47:59
736;S0123;S0123;Набір спецій для настоянки Віскі в Шотландському стилі;113.0000;22;1;0000-00-00;2026-06-30 23:01:16;2026-07-01 10:47:59
735;S0124;S0124;Набір спецій для настоянки Віскі в Ірландському стилі;113.0000;22;1;0000-00-00;2026-06-30 23:01:16;2026-07-01 10:47:59
733;S0125;S0125;Набір спецій для настоянки в стилі Латгальський Коньяк;96.0000;24;1;0000-00-00;2026-06-30 23:01:16;2026-07-01 10:47:59
1633;S0126;S0126;Набір для настоянки Тархун 1л ;62.0000;2;1;0000-00-00;2026-06-30 23:01:31;2026-07-01 10:47:59
742;S0127;S0127;Набір спецій для настоянки Тархун;113.0000;2;1;0000-00-00;2026-06-30 23:01:16;2026-07-01 10:47:59
1634;S0128;S0128;Набір для настоянки Кюмель Класичний 1л ;112.0000;0;1;0000-00-00;2026-06-30 23:01:31;2026-07-01 10:47:59
1272;S0129;S0129;Набір спецій для настоянки Імбирно-лимонна (1 л) Export;75.0000;2;1;0000-00-00;2026-06-30 23:01:26;2026-07-01 10:47:59
1024;S0130;S0130;НАБІР СПЕЦІЙ ДЛЯ НАСТОЯНКИ АВСТРІЙСЬКИЙ РОМ 3л;146.0000;20;1;0000-00-00;2026-06-30 23:01:23;2026-07-01 10:47:59
1635;S0131;S0131;Набір для настоянки Латгальський Коньяк 1л;69.0000;22;1;0000-00-00;2026-06-30 23:01:31;2026-07-01 10:47:59
739;S0132;S0132;Набір спецій для Настоянки Кедрова;197.0000;2;1;0000-00-00;2026-06-30 23:01:16;2026-07-01 10:47:59
1465746377;S0133;S0133;Набір спецій для настоянки в стилі Текіла 3 ​​л.;121.0000;22;1;2025-05-27;2026-06-30 23:01:47;2026-07-01 10:47:59
1636;S0134;S0134;Набір для настоянки Єврейська Пейсахівка 1л;132.0000;1;1;0000-00-00;2026-06-30 23:01:31;2026-07-01 10:47:59
1637;S0135;S0135;Набір для настоянки Сливова 3л;114.0000;20;1;0000-00-00;2026-06-30 23:01:31;2026-07-01 10:47:59
1072;S0136;S0136;Набір для настоянки Коньяк на перегородках 3л;96.0000;22;1;0000-00-00;2026-06-30 23:01:24;2026-07-01 10:47:59
741;S0137;S0137;Набір спецій для настоянки Мисливська;113.0000;3;1;0000-00-00;2026-06-30 23:01:16;2026-07-01 10:47:59
1052;S0138;S0138;Набір спецій для настоянки РОМ АВСТРІЙСЬКИЙ 1л;76.0000;22;1;0000-00-00;2026-06-30 23:01:24;2026-07-01 10:47:59
1638;S0139;S0139;Набір для настоянки Кедрова 1л;109.0000;1;1;0000-00-00;2026-06-30 23:01:31;2026-07-01 10:47:59
1639;S0140;S0140;Набір для настоянки Горобинова 3л;105.0000;3;1;0000-00-00;2026-06-30 23:01:31;2026-07-01 10:47:59
1221;S0141;S0141;Набір спецій для настоянки Львівська Вишнева 3л;248.0000;1;1;0000-00-00;2026-06-30 23:01:24;2026-07-01 10:47:59
1094;S0142;S0142;Набір спецій для настойки Віскі пряний (1 л.);79.0000;22;1;0000-00-00;2026-06-30 23:01:24;2026-07-01 10:47:59
1640;S0143;S0143;Набір для настоянки Апельсинова 3л;109.0000;20;1;0000-00-00;2026-06-30 23:01:31;2026-07-01 10:47:59
1641;S0144;S0144;Набір для настоянки Любовне Зілля 1л;95.0000;1;1;0000-00-00;2026-06-30 23:01:32;2026-07-01 10:47:59
1642;S0145;S0145;Набір для настоянки Кизилова 3л;105.0000;1;1;0000-00-00;2026-06-30 23:01:32;2026-07-01 10:47:59
1643;S0146;S0146;Набір для настоянки Липова 3л;105.0000;1;1;0000-00-00;2026-06-30 23:01:32;2026-07-01 10:47:59
1644;S0147;S0147;Набір для настоянки Ром Різдвяний 3л;133.0000;21;1;0000-00-00;2026-06-30 23:01:32;2026-07-01 10:47:59
1645;S0148;S0148;Набір для настоянки Грибна 1л;152.0000;1;1;0000-00-00;2026-06-30 23:01:32;2026-07-01 10:47:59
740;S0149;S0149;Набір спецій для настоянки Кюммель Класичний;253.0000;2;1;0000-00-00;2026-06-30 23:01:16;2026-07-01 10:47:59
1646;S0150;S0150;Набір для настоянки Грушева 3л;127.0000;20;1;0000-00-00;2026-06-30 23:01:32;2026-07-01 10:47:59
1647;S0151;S0151;Набір для настоянки Мисливська 1л;83.0000;1;1;0000-00-00;2026-06-30 23:01:32;2026-07-01 10:47:59
1648;S0152;S0152;Набір для настоянки в стилі Віскі пряний 3л;113.0000;20;1;0000-00-00;2026-06-30 23:01:32;2026-07-01 10:47:59
1649;S0153;S0153;Набір для настоянки в стилі Ром Золотистий 3л;113.0000;22;1;0000-00-00;2026-06-30 23:01:32;2026-07-01 10:47:59
1650;S0154;S0154;Набір для настоянки Лимонна 3л;105.0000;1;1;0000-00-00;2026-06-30 23:01:32;2026-07-01 10:47:59
1651;S0155;S0155;Набір для настоянки Обліпихова 3л;105.0000;2;1;0000-00-00;2026-06-30 23:01:32;2026-07-01 10:47:59
1652;S0156;S0156;Набір для настоянки Грейпфрутова 3л;204.0000;3;1;0000-00-00;2026-06-30 23:01:32;2026-07-01 10:47:59
825;S0157;S0157;Набір спецій для настоянки Джинджура (3 л);318.0000;20;1;0000-00-00;2026-06-30 23:01:20;2026-07-01 10:47:59
1220;S0158;S0158;Набір спецій для настоянки Львівська Вишнева 1л;118.0000;20;1;0000-00-00;2026-06-30 23:01:24;2026-07-01 10:47:59
1653;S0159;S0159;Набір для настоянки Хріновуха 1л;59.0000;20;1;0000-00-00;2026-06-30 23:01:32;2026-07-01 10:47:59
1054;S0160;S0160;Набір спецій для настоянки ЖЕНЬШЕНЕВА;246.0000;20;1;0000-00-00;2026-06-30 23:01:24;2026-07-01 10:47:59
727;S0161;S0161;Набір спецій для настойки Терновий Джин Sloe;108.0000;21;1;0000-00-00;2026-06-30 23:01:15;2026-07-01 10:47:59
726;S0162;S0162;Набір спецій для лікеру з Шипшини;111.0000;2;1;0000-00-00;2026-06-30 23:01:15;2026-07-01 10:47:59
1057;S0163;S0163;Набір спецій для настоянки КОНЬЯК МИГДАЛЬНИЙ;273.0000;21;1;0000-00-00;2026-06-30 23:01:24;2026-07-01 10:47:59
1465746378;S0164;S0164;Набір спецій для настоянки в стилі Єгермайстер 3 л;312.0000;2;1;2025-05-27;2026-06-30 23:01:47;2026-07-01 10:47:59
2004;S0165;S0165;Набір для настоянки в стилі Бальзам Біттнера 3л.;162.0000;1;1;0000-00-00;2026-06-30 23:01:35;2026-07-01 10:47:59
2005;S0166;S0166;Набір для настоянки у стилі Бурбон 3л;113.0000;20;1;0000-00-00;2026-06-30 23:01:35;2026-07-01 10:47:59
2006;S0167;S0167;Набір для настоянки Тропічна Вишнева 3л;131.0000;1;1;0000-00-00;2026-06-30 23:01:35;2026-07-01 10:47:59
1465746374;S0168;S0168;Набір спецій для настоянки Хурмова 3 л;251.0000;1;1;2025-05-26;2026-06-30 23:01:47;2026-07-01 10:47:59
1465746375;S0169;S0169;Набір спецій для настоянки Тернова 3 л;279.0000;20;1;2025-05-26;2026-06-30 23:01:47;2026-07-01 10:47:59
1465746379;S0170;S0170;Набір спецій для настоянки Абрикосовий бренді 3 л;349.0000;1;1;2025-05-27;2026-06-30 23:01:47;2026-07-01 10:47:59
1465746376;S0171;S0171;Набір спецій для настоянки на Ліщині 1 л;79.0000;2;1;2025-05-26;2026-06-30 23:01:47;2026-07-01 10:47:59
721;S0201;S0201;Набір спецій для джину Карпатський;325.0000;21;1;0000-00-00;2026-06-30 23:01:15;2026-07-01 10:47:59
716;S0202;S0202;Набір спецій для джину в стилі Beefeater;230.0000;21;1;0000-00-00;2026-06-30 23:01:15;2026-07-01 10:47:59
720;S0203;S0203;Набір спецій для джину в стилі Monkey 47;543.0000;20;1;0000-00-00;2026-06-30 23:01:15;2026-07-01 10:47:59
1654;S0204;S0204;Набір спецій для джину в стилі Aviation;491.0000;22;1;0000-00-00;2026-06-30 23:01:32;2026-07-01 10:47:59
1062;S0205;S0205;Набір спецій для ДЖИНУ УКРАЇНСЬКИЙ 12Л;373.0000;21;1;0000-00-00;2026-06-30 23:01:24;2026-07-01 10:47:59
1655;S0206;S0206;Набір спецій для джину Японський 12л;307.0000;0;1;0000-00-00;2026-06-30 23:01:32;2026-07-01 10:47:59
719;S0207;S0207;Набір спецій для джину в стилі Hendrick's;382.0000;21;1;0000-00-00;2026-06-30 23:01:15;2026-07-01 10:47:59
718;S0208;S0208;Набір спецій для джину в стилі Gordon’s London Dry;212.0000;21;1;0000-00-00;2026-06-30 23:01:15;2026-07-01 10:47:59
717;S0209;S0209;Набір спецій для джину в стилі Bombay Sapphire;391.0000;0;1;0000-00-00;2026-06-30 23:01:15;2026-07-01 10:47:59
1465746382;S0210;S0210;Набір спецій для джину Грейпфрутовий 12л;349.0000;40;1;2025-05-27;2026-06-30 23:01:47;2026-07-01 10:47:59
1465746559;S0229;S0229;Набір спецій для джину в стилі Bombay Sapphire, 10 л;363.0000;0;1;2026-06-25;2026-06-30 23:01:50;2026-07-01 10:47:59
818;S0301;S0301;Набір спецій для Глінтвейну (0.7 л);69.0000;5;1;0000-00-00;2026-06-30 23:01:20;2026-07-01 10:47:59
1056;S0302;S0302;Набір спецій для глінтвейну ДРАКУЛА 1.5л;110.0000;5;1;0000-00-00;2026-06-30 23:01:24;2026-07-01 10:47:59
1656;S0303;S0303;Набір спецій для глінтвейну Безалкогольний 1л;87.0000;1;1;0000-00-00;2026-06-30 23:01:32;2026-07-01 10:47:59
1657;S0304;S0304;Набір спецій для Глюбір Баварський 1.5 л;98.0000;0;1;0000-00-00;2026-06-30 23:01:32;2026-07-01 10:47:59
715;S0401;S0401;Набір спецій для вермуту в стилі Martini;92.0000;2;1;0000-00-00;2026-06-30 23:01:15;2026-07-01 10:47:59
714;S0402;S0402;Набір спецій для вермуту у стилі Campari;299.0000;1;1;0000-00-00;2026-06-30 23:01:15;2026-07-01 10:47:59
724;S0501;S0501;Набір спецій для лікеру в стилі Sambuca;104.0000;21;1;0000-00-00;2026-06-30 23:01:15;2026-07-01 10:47:59
723;S0502;S0502;Набір спецій для лікеру в стилі Becherovka;106.0000;20;1;0000-00-00;2026-06-30 23:01:15;2026-07-01 10:47:59
722;S0503;S0503;Набір спецій для лікеру в стилі Amaretto;303.0000;21;1;0000-00-00;2026-06-30 23:01:15;2026-07-01 10:47:59
821;S0504;S0504;Набір спецій для лікеру в стилі  Єгермайстер 3.5 л;634.0000;21;1;0000-00-00;2026-06-30 23:01:20;2026-07-01 10:47:59
823;S0505;S0505;Набір спецій для Лікера Туніський Тібарін (3 л);150.0000;0;1;0000-00-00;2026-06-30 23:01:20;2026-07-01 10:47:59
1658;S0506;S0506;Набір спецій для лікеру в стилі Sambuca 1л ;67.0000;22;1;0000-00-00;2026-06-30 23:01:32;2026-07-01 10:47:59
820;S0507;S0507;Набір спецій для лікеру у стилі Blue Curacao (3 л);366.0000;21;1;0000-00-00;2026-06-30 23:01:20;2026-07-01 10:47:59
819;S0508;S0508;Набір спецій для лікеру Navarro (3 л);440.0000;1;1;0000-00-00;2026-06-30 23:01:20;2026-07-01 10:47:59
1050;S0509;S0509;Набір спецій длялікера в стилі BECHEROVKA 1л;69.0000;24;1;0000-00-00;2026-06-30 23:01:23;2026-07-01 10:47:59
1240;S0510;S0510;Набір спецій для лікеру Бейліз (2 л);108.0000;2;1;0000-00-00;2026-06-30 23:01:25;2026-07-01 10:47:59
1659;S0511;S0511;Набір спецій для лікеру Малібу 3л;205.0000;24;1;0000-00-00;2026-06-30 23:01:32;2026-07-01 10:47:59
1049;S0512;S0512;Набір спецій для М'ЯТНОГО ЛІКЕРА 1л;72.0000;20;1;0000-00-00;2026-06-30 23:01:23;2026-07-01 10:47:59
725;S0513;S0513;Набір спецій для лікеру з М'яти;100.0000;22;1;0000-00-00;2026-06-30 23:01:15;2026-07-01 10:47:59
1055;S0601;S0601;Набір спецій для горілки СТАРКА;108.0000;2;1;0000-00-00;2026-06-30 23:01:24;2026-07-01 10:47:59
813;S0602;S0602;Набір спецій для горілки Гданська Татарське Зілля (3 л);257.0000;21;1;0000-00-00;2026-06-30 23:01:19;2026-07-01 10:47:59
816;S0603;S0603;Набір спецій для Горілки Смородинової (3 л);266.0000;2;1;0000-00-00;2026-06-30 23:01:20;2026-07-01 10:47:59
817;S0604;S0604;Набір спецій для Горілки Чорничної (3 л);422.0000;20;1;0000-00-00;2026-06-30 23:01:20;2026-07-01 10:47:59
814;S0605;S0605;Набір спецій для Горілки Журавлинної (3 л);220.0000;22;1;0000-00-00;2026-06-30 23:01:20;2026-07-01 10:47:59
810;S0606;S0606;Набір спецій для горілки OUZO (3 Л);343.0000;1;1;0000-00-00;2026-06-30 23:01:19;2026-07-01 10:47:59
812;S0607;S0607;Набір спецій для горілки Гданська Святого Духа (3 л);347.0000;1;1;0000-00-00;2026-06-30 23:01:19;2026-07-01 10:47:59
811;S0608;S0608;Набір спецій для горілки Гданська М'ятна (3 Л);140.0000;3;1;0000-00-00;2026-06-30 23:01:19;2026-07-01 10:47:59
815;S0609;S0609;Набір спецій для Горілки Малинової (3 л);369.0000;20;1;0000-00-00;2026-06-30 23:01:20;2026-07-01 10:47:59
1060;S0701;S0701;Набір спецій для коктейлю СЛАВА УКРАЇНІ 1л;74.0000;3;1;0000-00-00;2026-06-30 23:01:24;2026-07-01 10:47:59
1660;S0702;S0702;Набір спецій для коктейлю Кривава Мері 3л;107.0000;0;1;0000-00-00;2026-06-30 23:01:32;2026-07-01 10:47:59
1661;S0711;S0711;Набір спецій на 10 коктейлів Цитрусова Маргарита ;80.0000;0;1;0000-00-00;2026-06-30 23:01:32;2026-07-01 10:47:59
1662;S0712;S0712;Набір спецій на 10 коктейлів Чорнична Маргарита ;157.0000;0;1;0000-00-00;2026-06-30 23:01:32;2026-07-01 10:47:59
1663;S0713;S0713;Набір спецій на 10 коктейлів Полунична Маргарита ;290.0000;0;1;0000-00-00;2026-06-30 23:01:32;2026-07-01 10:47:59
1664;S0714;S0714;Набір спецій на 10 коктейлів Вишнева Маргарита ;97.0000;0;1;0000-00-00;2026-06-30 23:01:32;2026-07-01 10:47:59
1665;S0715;S0715;Набір спецій на 10 коктейлів Імбирна Маргарита ;85.0000;0;1;0000-00-00;2026-06-30 23:01:32;2026-07-01 10:47:59
1666;S0801;S0801;Набір для настоянки Бітер в стилі Ангостура 1л;325.0000;1;1;0000-00-00;2026-06-30 23:01:32;2026-07-01 10:47:59
2007;S0802;S0802;Набір для настоянки в стилі біттер Рижський Бальзам 3л;473.0000;1;1;0000-00-00;2026-06-30 23:01:35;2026-07-01 10:47:59
1465746383;S0803;S0803;Набір спецій для бітеру в стилі Апероль 2 л;479.0000;1;1;2025-05-27;2026-06-30 23:01:47;2026-07-01 10:47:59
1465746380;S0901;S0901;Набір спецій для Медовухи лісової 3 л;94.0000;1;1;2025-05-27;2026-06-30 23:01:47;2026-07-01 10:47:59
1465746381;S0902;S0902;Набір спецій для Медовухи витриманої 3 л;94.0000;20;1;2025-05-27;2026-06-30 23:01:47;2026-07-01 10:47:59
345;S1;S1;"Прокладка для КЛАМП 1&quot; та 38 мм";20.0000;0;1;0000-00-00;2026-06-30 23:01:13;2026-07-01 10:47:59
344;S1.5;S1.5;"Прокладка силіконова КЛАМП 1.5&quot;";20.0000;4;1;0000-00-00;2026-06-30 23:01:13;2026-07-01 10:47:59
745;S1001;S1001;Набір спецій для справжнього Тоніка;98.0000;20;1;0000-00-00;2026-06-30 23:01:16;2026-07-01 10:47:59
1465745841;S12.7;S12.7;Прокладка силіконова DN 12.7 (25.4 мм);20.0000;0;1;2024-11-13;2026-06-30 23:01:38;2026-07-01 10:47:59
347;S2;S2;"Прокладка силіконова для КЛАМП 2&quot;";25.0000;12;1;0000-00-00;2026-06-30 23:01:13;2026-07-01 10:47:59
2008;S2001;S2001;Набір для настоянки Зубрівка 21л BigPack;356.0000;5;1;0000-00-00;2026-06-30 23:01:35;2026-07-01 10:47:59
2009;S2002;S2002;Набір для настоянки Хреновуха 21л BigPack;451.0000;5;1;0000-00-00;2026-06-30 23:01:35;2026-07-01 10:47:59
2010;S2003;S2003;Набір для настоянки Віскі пряний 21л BigPack;566.0000;5;1;0000-00-00;2026-06-30 23:01:35;2026-07-01 10:47:59
2011;S2004;S2004;Набір для настоянки Українська з перцем 21л BigPack;327.0000;5;1;0000-00-00;2026-06-30 23:01:35;2026-07-01 10:47:59
2012;S2005;S2005;Набір для настоянки Ром Золотистий 21л BigPack;562.0000;5;1;0000-00-00;2026-06-30 23:01:35;2026-07-01 10:47:59
2013;S2006;S2006;Набір для лікеру в стилі Becherovka 21л BigPack;506.0000;5;1;0000-00-00;2026-06-30 23:01:36;2026-07-01 10:47:59
2014;S2007;S2007;Набір для настоянки Коньяк Домашній 21л BigPack;462.0000;5;1;0000-00-00;2026-06-30 23:01:36;2026-07-01 10:47:59
1668;S2010;S2010;Набір спецій для настойки Терновий Джин Sloe 5 л BigPack;435.0000;0;1;0000-00-00;2026-06-30 23:01:32;2026-07-01 10:47:59
346;S3;S3;"Прокладка силіконова для КЛАМП 3&quot;";28.0000;7;1;0000-00-00;2026-06-30 23:01:13;2026-07-01 10:47:59
1465746560;S3101;S3101;Ялівець ягоди, 100 г;100.0000;0;1;2026-06-25;2026-06-30 23:01:51;2026-07-01 10:47:59
1465746561;S3102;S3102;Коріандр, 100 г;29.0000;0;1;2026-06-25;2026-06-30 23:01:50;2026-07-01 10:47:59
1465746562;S3103;S3103;Дягель корінь, 100 г;210.0000;0;1;2026-06-25;2026-06-30 23:01:50;2026-07-01 10:47:59
1465746563;S3104;S3104;Солодка корінь, 100 г;65.0000;0;1;2026-06-25;2026-06-30 23:01:51;2026-07-01 10:47:59
1465746564;S3105;S3105;Калган корінь, 100 г;153.0000;0;1;2026-06-25;2026-06-30 23:01:50;2026-07-01 10:47:59
1465746565;S3106;S3106;Липовий цвіт, 50 г;158.0000;0;1;2026-06-25;2026-06-30 23:01:51;2026-07-01 10:47:59
1465746566;S3107;S3107;Зубрівка трава, 50 г;109.0000;0;1;2026-06-25;2026-06-30 23:01:50;2026-07-01 10:47:59
1465746567;S3108;S3108;Цедра грейпфрута, 50 г;130.0000;0;1;2026-06-25;2026-06-30 23:01:51;2026-07-01 10:47:59
1465746568;S3109;S3109;Цедра лимона, 50 г;73.0000;0;1;2026-06-25;2026-06-30 23:01:51;2026-07-01 10:47:59
1465746569;S3110;S3110;Цедра апельсина, 50 г;55.0000;0;1;2026-06-25;2026-06-30 23:01:51;2026-07-01 10:47:59
1465746570;S3111;S3111;Шкаралупа кедрового горіха, 100 г;93.0000;0;1;2026-06-25;2026-06-30 23:01:51;2026-07-01 10:47:59
1465746571;S3112;S3112;Кора хінного дерева, 25 г;105.0000;0;1;2026-06-25;2026-06-30 23:01:50;2026-07-01 10:47:59
1465746572;S3113;S3113;Перець кубеба, 25 г;205.0000;0;1;2026-06-25;2026-06-30 23:01:51;2026-07-01 10:47:59
1465746573;S3114;S3114;Перець мелегетський, 25 г;143.0000;0;1;2026-06-25;2026-06-30 23:01:51;2026-07-01 10:47:59
1465746574;S3115;S3115;Кориця, 50 г;43.0000;0;1;2026-06-25;2026-06-30 23:01:51;2026-07-01 10:47:59
1465746575;S3116;S3116;Кардамон, 25 г;174.0000;0;1;2026-06-25;2026-06-30 23:01:50;2026-07-01 10:47:59
1465746576;S3117;S3117;Вишня сушена, 100 г;88.0000;0;1;2026-06-25;2026-06-30 23:01:50;2026-07-01 10:47:59
1465746577;S3118;S3118;Яблуко сушене, 100 г;40.0000;0;1;2026-06-25;2026-06-30 23:01:51;2026-07-01 10:47:59
1465746578;S3119;S3119;Терен, ягоди, 100 г;70.0000;0;1;2026-06-25;2026-06-30 23:01:51;2026-07-01 10:47:59
1465746579;S3120;S3120;М’ята, 50 г;38.0000;0;1;2026-06-25;2026-06-30 23:01:51;2026-07-01 10:47:59
1465746580;S3121;S3121;Бадьян, 25 г;47.0000;0;1;2026-06-25;2026-06-30 23:01:50;2026-07-01 10:47:59
1465746581;S3122;S3122;Аніс, 100 г;65.0000;0;1;2026-06-25;2026-06-30 23:01:50;2026-07-01 10:47:59
1465746582;S3123;S3123;Фіалковий корінь ірису, 50 г;70.0000;0;1;2026-06-25;2026-06-30 23:01:51;2026-07-01 10:47:59
1465746583;S3124;S3124;Шипшина, 50 г;37.0000;0;1;2026-06-25;2026-06-30 23:01:51;2026-07-01 10:47:59
1465746584;S3125;S3125;Хрін корінь, 50 г;92.0000;0;1;2026-06-25;2026-06-30 23:01:51;2026-07-01 10:47:59
1465746585;S3126;S3126;Перець гіркий стручковий, 25 г;40.0000;0;1;2026-06-25;2026-06-30 23:01:51;2026-07-01 10:47:59
1465746586;S3127;S3127;Анчан, 5 г;42.0000;0;1;2026-06-25;2026-06-30 23:01:50;2026-07-01 10:47:59
1322;S4;S4;"Силіконова прокладка під КЛАМ 4&quot;";30.0000;0;1;0000-00-00;2026-06-30 23:01:27;2026-07-01 10:47:59
1669;S8801;S8801;Нейлоновий мішечок для настоянок 14х24;47.0000;0;1;0000-00-00;2026-06-30 23:01:32;2026-07-01 10:47:59
1670;S8802;S8802;Нейлоновий мішечок для настоянок 60х60;130.0000;0;1;0000-00-00;2026-06-30 23:01:32;2026-07-01 10:47:59
1671;S8803;S8803;Нейлоновий мішечок для настоянок 20х30;53.0000;0;1;0000-00-00;2026-06-30 23:01:32;2026-07-01 10:47:59
1672;S8806;S8806;Етикетка для пляшки Botanica Spirits 8 х 10 см;5.0000;0;1;0000-00-00;2026-06-30 23:01:32;2026-07-01 10:47:59
1465746499;SA1SU14;SA1SU14;Самогонний апарат з сухопарником, 14 л;6207.3000;10;1;2026-06-09;2026-07-01 00:00:07;2026-07-01 10:47:59
1465746500;SA1SU21;SA1SU21;Самогонний апарат з сухопарником, 21 л;6844.7500;10;1;2026-06-09;2026-07-01 00:00:07;2026-07-01 10:47:59
1465746413;SA1SU33;SA1SU33;Самогонний апарат з сухопарником 33л;8307.7500;999;1;2025-09-03;2026-07-01 00:00:07;2026-07-01 10:47:59
1465746501;SA1SU40;SA1SU40;"Самогонний апарат з сухопарником 40 л 2&quot;";9823.0000;10;1;2026-06-10;2026-07-01 00:00:07;2026-07-01 10:47:59
1465746502;SA2SU14;SA2SU14;Самогонний апарат з 2 сухопарниками, 14 л;6620.5500;10;1;2026-06-10;2026-07-01 00:00:07;2026-07-01 10:47:59
1465746503;SA2SU21;SA2SU21;Самогонний апарат з 2 сухопарниками, 21 л;7258.0000;10;1;2026-06-10;2026-07-01 00:00:07;2026-07-01 10:47:59
1465746439;SA2SU33;SA2SU33;Самогонний апарат з 2 сухопарниками 33л;8721.0000;10;1;2026-01-30;2026-07-01 00:00:07;2026-07-01 10:47:59
1465746504;SA2SU40;SA2SU40;Самогонний апарат з 2 сухопарниками, 40 л;10236.2500;10;1;2026-06-10;2026-07-01 00:00:07;2026-07-01 10:47:59
1465746505;SA2SU50;SA2SU50;Самогонний апарат з 2 сухопарниками, 50 л;10051.0000;10;1;2026-06-10;2026-07-01 00:00:07;2026-07-01 10:47:59
1465746513;SABK3214;SABK3214;"Самогонний апарат з дефлегматором, монолітною бражною колоною 2&quot; — 32 мм, куб 14 л";6565.9300;10;1;2026-06-11;2026-07-01 00:00:07;2026-07-01 10:47:59
1465746514;SABK3221;SABK3221;"Самогонний апарат з дефлегматором, монолітною бражною колоною 2&quot; — 32 мм, куб 21 л";7203.3800;10;1;2026-06-11;2026-07-01 00:00:07;2026-07-01 10:47:59
1465746515;SABK4033;SABK4033;"Самогонний апарат з дефлегматором 33 л, бражна колона 2&quot; 40 мм ";9540.3800;10;1;2026-06-11;2026-07-01 00:00:07;2026-07-01 10:47:59
1465746516;SABK4040;SABK4040;"Самогонний апарат з дефлегматором, монолітною бражною колоною 2&quot; — 40 мм, куб 40 л";11055.6300;10;1;2026-06-11;2026-07-01 00:00:07;2026-07-01 10:47:59
1465746517;SABK4050;SABK4050;"Самогонний апарат з дефлегматором, монолітною бражною колоною 2&quot; — 40 мм, куб 50 л";10870.3800;10;1;2026-06-11;2026-07-01 00:00:07;2026-07-01 10:47:59
1465746518;SABKKL33;SABKKL33;"Самогонний апарат з дефлегматором, бражною колоною 2&quot;, куб 33 л";13637.2500;10;1;2026-06-11;2026-07-01 00:00:07;2026-07-01 10:47:59
1465746519;SABKKL40;SABKKL40;"Самогонний апарат з дефлегматором, бражною колоною 2&quot;, куб 40 л";15152.5000;10;1;2026-06-11;2026-07-01 00:00:07;2026-07-01 10:47:59
1465746520;SABKKL50;SABKKL50;"Самогонний апарат з дефлегматором, бражною колоною 2&quot;, куб 50 л";14967.2500;10;1;2026-06-11;2026-07-01 00:00:07;2026-07-01 10:47:59
1465746521;SABKKL60;SABKKL60;"Самогонний апарат з дефлегматором, бражною колоною 2&quot;, куб під ТЕН 60 л";17765.0000;10;1;2026-06-11;2026-07-01 00:00:07;2026-07-01 10:47:59
1465746528;SAKK3R40;SAKK3R40;"Самогонний апарат з тарілчастою ковпачковою колоною 2&quot; 3 рівні, куб 40 л";17085.7500;10;1;2026-06-11;2026-07-01 00:00:08;2026-07-01 10:47:59
1465746529;SAKK3R50;SAKK3R50;"Самогонний апарат з тарілчастою ковпачковою колоною 2&quot; 3 рівні, куб 50 л";16900.5000;10;1;2026-06-11;2026-07-01 00:00:08;2026-07-01 10:47:59
1465746530;SAKK3R60;SAKK3R60;"Самогонний апарат з тарілчастою ковпачковою колоною 2&quot; 3 рівні, куб під ТЕН 60 л";19698.2500;10;1;2026-06-11;2026-07-01 00:00:08;2026-07-01 10:47:59
1465746522;SARKPR40;SARKPR40;"Самогонний апарат з дефлегматором 2&quot;, з вузлом відбору по пару, куб 40 л";20123.3800;10;1;2026-06-11;2026-07-01 00:00:07;2026-07-01 10:47:59
1465746523;SARKPR50;SARKPR50;"Самогонний апарат з дефлегматором 2&quot;, з вузлом відбору по пару, куб 50 л";19938.1300;10;1;2026-06-11;2026-07-01 00:00:07;2026-07-01 10:47:59
1465746524;SARKPR60;SARKPR60;"Самогонний апарат з дефлегматором 2&quot;, з вузлом відбору по пару, куб під ТЕН 60 л";22735.8800;10;1;2026-06-11;2026-07-01 00:00:07;2026-07-01 10:47:59
1465746525;SARKRD40;SARKRD40;"Самогонний апарат з ректифікаційною колоною 2&quot;, відбір по рідині, куб 40 л";16682.0000;10;1;2026-06-11;2026-07-01 00:00:07;2026-07-01 10:47:59
1465746526;SARKRD50;SARKRD50;"Самогонний апарат з ректифікаційною колоною 2&quot;, відбір по рідині, куб 50 л";16496.7500;10;1;2026-06-11;2026-07-01 00:00:07;2026-07-01 10:47:59
1465746527;SARKRD60;SARKRD60;"Самогонний апарат з ректифікаційною колоною 2&quot;, відбір по рідині, куб під ТЕН 60 л";19294.5000;10;1;2026-06-11;2026-07-01 00:00:08;2026-07-01 10:47:59
1465746452;shtucerDN19;shtucerDN19;Штуцер кламповий DN25 (під затискач 34мм) AISI304;90.0000;0;1;2026-03-17;2026-06-30 23:01:49;2026-07-01 10:47:59
1011;Sim;Sim;Укупорщик ручний Simplex для коркових пробок;225.0000;0;1;0000-00-00;2026-06-30 23:01:23;2026-07-01 10:47:59
1465745985;Sok-1;Sok-1;Екстрактор Сокслета 2 дюйма ;1045.0000;999;1;2025-02-17;2026-06-30 23:05:55;2026-07-01 10:47:59
1465745984;Sok-2;Sok-2;Екстрактор Сокслета 2 дюйма + трійник;1540.0000;999;1;2025-02-17;2026-06-30 23:05:55;2026-07-01 10:47:59
1465745986;sok-3;sok-3;Екстрактор Сокслета 2 дюйма (повний комплект);2805.0000;999;1;2025-02-17;2026-06-30 23:05:56;2026-07-01 10:47:59
1465745983;Sok3-1;Sok3-1;Екстрактор Сокслета 3 дюйма;1375.0000;999;1;2025-02-17;2026-06-30 23:05:54;2026-07-01 10:47:59
1465745981;Sok3-2;Sok3-2;Екстрактор Сокслета 3 дюйма + трійник;2310.0000;999;1;2025-02-17;2026-06-30 23:05:53;2026-07-01 10:47:59
1465745982;Sok3-3;Sok3-3;Екстрактор Сокслета 3 дюйма (повний комплект);4125.0000;999;1;2025-02-17;2026-06-30 23:05:53;2026-07-01 10:47:59
575;T-5550;T-5550;Аламбік на клампах 40 л з дефлегматором;25200.0000;0;1;0000-00-00;2026-06-30 23:00:13;2026-07-01 10:47:59
1709;T0101;T0101;Дубова тріска на 10л Hot Rod Gradient L;125.0000;0;1;0000-00-00;2026-06-30 23:01:34;2026-07-01 10:47:59
1710;T0102;T0102;Дубова тріска на 10л Hot Rod Gradient M;125.0000;2;1;0000-00-00;2026-06-30 23:01:34;2026-07-01 10:47:59
1711;T0103;T0103;Дубова тріска на 10л Hot Rod Gradient M+;125.0000;0;1;0000-00-00;2026-06-30 23:01:34;2026-07-01 10:47:59
1708;T0104;T0104;Дубова тріска на 10л Hot Rod Gradient H;125.0000;1;1;0000-00-00;2026-06-30 23:01:34;2026-07-01 10:47:59
1704;T0111;T0111;Дубова тріска на 10л Hot Rod French Oak L;70.0000;0;1;0000-00-00;2026-06-30 23:01:33;2026-07-01 10:47:59
1706;T0112;T0112;Дубова тріска на 10л Hot Rod French Oak М;70.0000;3;1;0000-00-00;2026-06-30 23:01:34;2026-07-01 10:47:59
1707;T0113;T0113;Дубова тріска на 10л Hot Rod French Oak М+;70.0000;2;1;0000-00-00;2026-06-30 23:01:34;2026-07-01 10:47:59
1705;T0114;T0114;Дубова тріска на на 100 л Hot Rod French Oak M+ MegaPack;498.0000;0;1;0000-00-00;2026-06-30 23:01:34;2026-07-01 10:47:59
1703;T0115;T0115;Дубова тріска на 10л Hot Rod French Oak H;70.0000;0;1;0000-00-00;2026-06-30 23:01:33;2026-07-01 10:47:59
1702;T0121;T0121;Дубова тріска на 10л Hot Rod American Oak L;80.0000;0;1;0000-00-00;2026-06-30 23:01:33;2026-07-01 10:47:59
1687;T0133;T0133;Дубова тріска на 10л з українського дубу  100 г середня фракція мікс з необсмаженою;88.0000;0;1;0000-00-00;2026-06-30 23:01:33;2026-07-01 10:47:59
2015;T0142;T0142;Дубова тріска французький дуб велика фракція середній випал 100 г;100.0000;0;1;0000-00-00;2026-06-30 23:01:36;2026-07-01 10:47:59
1692;T0203;T0203;Дубова клепка  на 10 л Hot Rod Gradient M+;150.0000;1;1;0000-00-00;2026-06-30 23:01:33;2026-07-01 10:47:59
915;T0214;T0214;ДУБОВА КЛЕПКА БОЧКИ MARSALA (100 Г);150.0000;0;1;0000-00-00;2026-06-30 23:01:22;2026-07-01 10:47:59
2016;T0215;T0215;Дубова клепка бочки Cognac XXO 100 г;150.0000;0;1;0000-00-00;2026-06-30 23:01:36;2026-07-01 10:47:59
1696;T0401;T0401;Кубики з вишні 100 г;120.0000;0;1;0000-00-00;2026-06-30 23:01:33;2026-07-01 10:47:59
1697;T0402;T0402;Кубики з груші 100 г;120.0000;0;1;0000-00-00;2026-06-30 23:01:33;2026-07-01 10:47:59
1695;T0403;T0403;Кубики з акації 100 г;120.0000;0;1;0000-00-00;2026-06-30 23:01:33;2026-07-01 10:47:59
1698;T0405;T0405;Кубики з яблуні 100 г;120.0000;0;1;0000-00-00;2026-06-30 23:01:33;2026-07-01 10:47:59
2017;T0501;T0501;Дубові кубики M+ насичені Хересом на 10л;157.0000;4;1;0000-00-00;2026-06-30 23:01:36;2026-07-01 10:47:59
1465746388;T0502;T0502;Кубики дубові Hot Rod M+ насичені вином Мадера на 10 л;157.0000;1;1;2025-05-27;2026-06-30 23:01:48;2026-07-01 10:47:59
1465746386;T0503;T0503;Кубики дубові Hot Rod M+ насичені вином Сотерн на 10 л;150.0000;1;1;2025-05-27;2026-06-30 23:01:48;2026-07-01 10:47:59
1465746385;T0504;T0504;Кубики дубові Hot Rod M+ насичені вином Токай на 10 л;150.0000;0;1;2025-05-27;2026-06-30 23:01:48;2026-07-01 10:47:59
1465746387;T0505;T0505;Кубики дубові Hot Rod M+ насичені вином Марсала на 10 л;150.0000;2;1;2025-05-27;2026-06-30 23:01:48;2026-07-01 10:47:59
2018;T0511;T0511;Дубові кубики M+ насичені Портвейном на 10л;189.0000;0;1;0000-00-00;2026-06-30 23:01:36;2026-07-01 10:47:59
2019;T0521;T0521;Дубові кубики M+ насичені димним віскі на 10л.;180.0000;0;1;0000-00-00;2026-06-30 23:01:36;2026-07-01 10:47:59
2020;T0531;T0531;Дубові кубики M+ насичені текілою на 10л.;150.0000;0;1;0000-00-00;2026-06-30 23:01:36;2026-07-01 10:47:59
2021;T0541;T0541;Дубові кубики M+ насичені ромом на 10л;150.0000;0;1;0000-00-00;2026-06-30 23:01:36;2026-07-01 10:47:59
1689;T1001;T1001;Екстракт дубу 50 мл на 5 л Bousinage Mix ;235.0000;0;1;0000-00-00;2026-06-30 23:01:33;2026-07-01 10:47:59
1688;T1002;T1002;Екстракт дубу 100 мл на 10 л Bousinage Mix ;470.0000;0;1;0000-00-00;2026-06-30 23:01:33;2026-07-01 10:47:59
2022;T1012;T1012;Екстракт дуба 200мл на 20л;555.0000;0;1;0000-00-00;2026-06-30 23:01:36;2026-07-01 10:47:59
1699;T2001;T2001;Сухий танін  1 г на 4 л Bousinage;79.0000;0;1;0000-00-00;2026-06-30 23:01:33;2026-07-01 10:47:59
1701;T2012;T2012;Сухий танін  50 г на 250 л Hot Rod;1470.0000;2;1;0000-00-00;2026-06-30 23:01:33;2026-07-01 10:47:59
1268;TK 24 Ex;TK 24 Ex;Засіб дAlcotec 24 Extra Klar ля освітлення 100 л браги;120.0000;0;1;0000-00-00;2026-06-30 23:01:25;2026-07-01 10:47:59
1465745979;TORP-4-2-2;TORP-4-2-2;Мідна торпеда Міньйон (дистиляційний рівень);6950.0000;5;1;2025-02-17;2026-06-30 23:01:39;2026-07-01 10:47:59
565;UF-028 Var 0001;UF-028 Var 0001;Ємність універсальна 15 л;9675.0000;999;1;0000-00-00;2026-06-30 23:00:13;2026-07-01 10:47:59
566;UF-035 Var 0001;UF-035 Var 0001;Ємність універсальна 45 л;10800.0000;999;1;0000-00-00;2026-06-30 23:00:13;2026-07-01 10:47:59
540;UF-035 Var 0005;UF-035 Var 0005;Ємність універсальна 30 л;10150.0000;999;1;0000-00-00;2026-06-30 23:00:12;2026-07-01 10:47:59
543;UF-035 Var 0006;UF-035 Var 0006;Ємність універсальна 60 л;11250.0000;999;1;0000-00-00;2026-06-30 23:00:12;2026-07-01 10:47:59
567;UF-044 Var 0001;UF-044 Var 0001;Ємність універсальна 95 л;12825.0000;999;1;0000-00-00;2026-06-30 23:00:13;2026-07-01 10:47:59
568;UF-044 Var 0003;UF-044 Var 0003;Ємність універсальна 120 л;14400.0000;999;1;0000-00-00;2026-06-30 23:00:13;2026-07-01 10:47:59
1465746458;vak-filter;vak-filter;Вакуумний фільтр для настоянок;1628.0000;999;1;2026-04-01;2026-06-30 23:06:29;2026-07-01 10:47:59
1465746459;vak-kr-1;vak-kr-1;Вакуумна кришка для настоювання, базовий комплект;539.0000;999;1;2026-04-01;2026-06-30 23:06:30;2026-07-01 10:47:59
1465746460;vak-kr-2;vak-kr-2;Вакуумна кришка для настоювання, повний комплект;759.0000;999;1;2026-04-01;2026-06-30 23:06:31;2026-07-01 10:47:59
1006;Wt-1 (Б);Wt-1 (Б);Термометр цифровий голчатий;110.0000;0;1;0000-00-00;2026-06-30 23:01:22;2026-07-01 10:47:59
1257;Z-2;Z-2;"Заглушка КЛАМП 2&quot; DN51";100.0000;1;1;0000-00-00;2026-06-30 23:01:25;2026-07-01 10:47:59
1947;ІК1/4М;ІК1/4М;Голчастий кран;560.0000;0;1;0000-00-00;2026-06-30 23:01:35;2026-07-01 10:47:59
1465745876;АСП-3;АСП-3;Ареометр для спирту 40-70%, Китай;85.0000;0;1;2024-11-13;2026-06-30 23:01:38;2026-07-01 10:47:59
1219;АТС-100;АТС-100;Рефрактометр для соків 0-32% Brix;740.0000;0;1;0000-00-00;2026-06-30 23:01:24;2026-07-01 10:47:59
380;АТС-120;АТС-120;Рефрактометр для пива 0-32% Brix;740.0000;1;1;0000-00-00;2026-06-30 23:01:13;2026-07-01 10:47:59
872;АТС-40;АТС-40;Рефрактометр для вина (0-25% спирт, 0-40% цукор);710.0000;1;1;0000-00-00;2026-06-30 23:01:21;2026-07-01 10:47:59
873;АТС-80;АТС-80;Рефрактометр для спирту 0-80%;710.0000;1;1;0000-00-00;2026-06-30 23:01:21;2026-07-01 10:47:59
1254;БС;БС;Бентоніт Світлий 1кг;140.0000;0;1;0000-00-00;2026-06-30 23:01:25;2026-07-01 10:47:59
1255;БТУ;БТУ;Бентоніт темний 1 кг;80.0000;0;1;0000-00-00;2026-06-30 23:01:25;2026-07-01 10:47:59
1295;ВА;ВА;Вугілля активоване кокосове 1кг;195.0000;3;1;0000-00-00;2026-06-30 23:01:26;2026-07-01 10:47:59
1323;ВК-2;ВК-2;"Врізка КЛАМП 2&quot; в куб";385.0000;0;1;0000-00-00;2026-06-30 23:01:27;2026-07-01 10:47:59
901;ВС-11;ВС-11;Воронка нержавіюча з фільтром, d-11см;162.0000;1;1;0000-00-00;2026-06-30 23:01:21;2026-07-01 10:47:59
860;ВС-13;ВС-13;Воронка з нержавіючої сталі, d-13см;189.0000;2;1;0000-00-00;2026-06-30 23:01:20;2026-07-01 10:47:59
902;ВС-15;ВС-15;Лійка нержавіюча, d-15 см;210.0000;0;1;0000-00-00;2026-06-30 23:01:21;2026-07-01 10:47:59
1465745918;ВС-18;ВС-18;Воронка з нержавіючої сталі, d-18см;218.0000;0;1;0000-00-00;2026-06-30 23:01:38;2026-07-01 10:47:59
857;ГЗ-2;ГЗ-2;Гідрозатвор 3-х секційний;70.0000;14;1;0000-00-00;2026-06-30 23:01:20;2026-07-01 10:47:59
798;Д-SF-E8;Д-SF-E8;Турбо дрожжи Sp. Ferm Extreme 8 kg;135.0000;0;1;0000-00-00;2026-06-30 23:01:19;2026-07-01 10:47:59
797;Д-SF-T3;Д-SF-T3;Сухі турбо дріжджі Sp. Ferm Т3;128.0000;0;1;0000-00-00;2026-06-30 23:01:19;2026-07-01 10:47:59
2027;ДВ-10;ДВ-10;Дивертор металевий з перехідником 10,2 мм;108.0000;1;1;0000-00-00;2026-06-30 23:01:36;2026-07-01 10:47:59
1465745919;ДВ-8;ДВ-8;Дивертор металевий з перехідником 7,9 мм;108.0000;1;1;0000-00-00;2026-06-30 23:01:38;2026-07-01 10:47:59
1269;ДВ-AW;ДВ-AW;Винні дріжджі Alcotec Aromatic Wine Complex;100.0000;0;1;0000-00-00;2026-06-30 23:01:26;2026-07-01 10:47:59
801;ДВ-SAW;ДВ-SAW;Сухі дріжджі Spirit Ferm aromatic wine complex;88.0000;2;1;0000-00-00;2026-06-30 23:01:19;2026-07-01 10:47:59
1259;ДТ-$48;ДТ-$48;Спиртові дріжджі ALCOTEC TURBO CLASSIC 48;169.0000;0;1;0000-00-00;2026-06-30 23:01:25;2026-07-01 10:47:59
1313;ДТ-R;ДТ-R;Спиртові Турбо Дріжджі Alcotec Rum Turbo;142.0000;1;1;0000-00-00;2026-06-30 23:01:26;2026-07-01 10:47:59
1242;ДТ-XXL;ДТ-XXL;Спиртові Турбо Дріжджі Puri Ferm XXL на 100 л;310.0000;0;1;0000-00-00;2026-06-30 23:01:25;2026-07-01 10:47:59
1241;ДТ-МР;ДТ-МР;Турбо дріжджі Alcotec Mega Pack 100 літрів;362.0000;0;1;0000-00-00;2026-06-30 23:01:25;2026-07-01 10:47:59
1238;ДТ-С48;ДТ-С48;Дріжджі Турбо Double Snake C48;160.0000;1;1;0000-00-00;2026-06-30 23:01:25;2026-07-01 10:47:59
1465745869;ДТ-Т3;ДТ-Т3;Турбо дріжджі для цукру Alcotec T3;129.0000;0;1;2024-11-13;2026-06-30 23:01:37;2026-07-01 10:47:59
1270;ДФ-AL;ДФ-AL;Фруктові дріжджі Alcotec Turbo Yeast Fruit;149.0000;1;1;0000-00-00;2026-06-30 23:01:26;2026-07-01 10:47:59
799;ДФ-SF;ДФ-SF;Фруктові турбо дріжджі Sp. Ferm Turbo Fruit;99.0000;2;1;0000-00-00;2026-06-30 23:01:19;2026-07-01 10:47:59
1243;Е-48;Е-48;Дріжджі Cobra Extreme 48;207.0000;5;1;0000-00-00;2026-06-30 23:01:25;2026-07-01 10:47:59
1465746231;Ес-С-228;Ес-С-228;Дріжджі COOBRA TURBO FRUIT 40г;105.0000;0;1;2025-03-07;2026-06-30 23:01:46;2026-07-01 10:47:59
1222;ЗГ-О;ЗГ-О;Зажим Гофмана нерж.;85.0000;0;1;0000-00-00;2026-06-30 23:01:24;2026-07-01 10:47:59
1237;ЗнБ;ЗнБ;Замок хомута на бак;142.0000;0;1;0000-00-00;2026-06-30 23:01:25;2026-07-01 10:47:59
1465745834;К-22;К-22;Кришка для бутиля 22л;65.0000;1;1;2024-11-13;2026-06-30 23:01:37;2026-07-01 10:47:59
832;КБ-17;КБ-17;Кран для бродильних ємностей - 17 мм;35.0000;5;1;0000-00-00;2026-06-30 23:01:20;2026-07-01 10:47:59
833;КБ-7;КБ-7;Кран для бродильних ємностей - 12 мм;24.0000;0;1;0000-00-00;2026-06-30 23:01:20;2026-07-01 10:47:59
834;КБС;КБС;"Кран для бродильних ємностей 10мм 3/4&quot;";80.0000;8;1;0000-00-00;2026-06-30 23:01:20;2026-07-01 10:47:59
917;КБС-Б;КБС-Б;Кран зливний для бродильних ємностей 11мм;72.0000;22;1;0000-00-00;2026-06-30 23:01:22;2026-07-01 10:47:59
1210;КВ;КВ;Капілярний виномір;120.0000;2;1;0000-00-00;2026-06-30 23:01:24;2026-07-01 10:47:59
1214;КНТ-Л;КНТ-Л;Клапан надмірного тиску 0,1 МПа латунний;62.0000;0;1;0000-00-00;2026-06-30 23:01:24;2026-07-01 10:47:59
1267;КП-10;КП-10;Кран голчастий пластиковий 10 мм;105.0000;0;1;0000-00-00;2026-06-30 23:01:25;2026-07-01 10:47:59
1465745847;КП-12;КП-12;Кран голчастий пластиковий 12 мм;95.0000;4;1;2024-11-13;2026-06-30 23:01:36;2026-07-01 10:47:59
1465745835;КС-Б;КС-Б;Ковпачок силіконовий для бутлів 60 мм;65.0000;0;1;2024-11-13;2026-06-30 23:01:38;2026-07-01 10:47:59
214;КСМ-16;КСМ-16;Кран нержавіючий 10мм вбудований;280.0000;0;1;0000-00-00;2026-06-30 23:01:11;2026-07-01 10:47:59
837;КТ;КТ;Клапан надлишкового тиску;59.0000;4;1;0000-00-00;2026-06-30 23:01:20;2026-07-01 10:47:59
1253;КУ-П;КУ-П;Багаторазовий картридж для вугілля з кріпленням;227.0000;0;1;0000-00-00;2026-06-30 23:01:25;2026-07-01 10:47:59
1465745856;КШН1;КШН1;Кран шаровий нержавіючий 1 дюйм;300.0000;4;1;2024-11-13;2026-06-30 23:01:37;2026-07-01 10:47:59
1009;ЛЖП62;ЛЖП62;Ложка пластикова 62 см;120.0000;1;1;0000-00-00;2026-06-30 23:01:22;2026-07-01 10:47:59
1037;ЛП62;ЛП62;Лопатка пластикова 62 см;120.0000;2;1;0000-00-00;2026-06-30 23:01:23;2026-07-01 10:47:59
830;МС-К;МС-К;Млин для солоду;1620.0000;0;1;0000-00-00;2026-06-30 23:00:17;2026-07-01 10:47:59
862;МС100 20х30;МС100 20х30;Мішок для хмелю  20х30 МС100;47.0000;2;1;0000-00-00;2026-06-30 23:01:21;2026-07-01 10:47:59
829;МС100. 45х62;МС100. 45х62;Мішок для затирання солоду  45х62 МС100;75.0000;4;1;0000-00-00;2026-06-30 23:01:20;2026-07-01 10:47:59
927;МС200 20х30;МС200 20х30;Мішок для хмелю  20х30 МС200;47.0000;5;1;0000-00-00;2026-06-30 23:01:22;2026-07-01 10:47:59
828;МС200. 45х62;МС200. 45х62;Мішок для затирання солоду 45х62 МС200;85.0000;5;1;0000-00-00;2026-06-30 23:01:20;2026-07-01 10:47:59
850;МС200. 60х60;МС200. 60х60;Мішок для затирання солоду 60х60 МС200;100.0000;3;1;0000-00-00;2026-06-30 23:01:20;2026-07-01 10:47:59
1002;НАСП;НАСП;Набір ареометрів в пластиковому футлярі;217.0000;0;1;0000-00-00;2026-06-30 23:01:22;2026-07-01 10:47:59
1034;НАСП-Д;НАСП-Д;Набір ареометрів в дерев'яному футлярі;358.0000;1;1;0000-00-00;2026-06-30 23:01:23;2026-07-01 10:47:59
858;НК;НК;Набір для калібрування РН метрів;28.0000;4;1;0000-00-00;2026-06-30 23:01:20;2026-07-01 10:47:59
866;НП-М8;НП-М8;Ніпель для термометра;45.0000;0;1;0000-00-00;2026-06-30 23:01:21;2026-07-01 10:47:59
1465745852;ПК 1.5 - DN25-В;ПК 1.5 - DN25-В;Кламповий штуцер-перехідник 1.5 дюйми на DN25 (зовнішнє різьблення 1);140.0000;5;1;2024-11-13;2026-06-30 23:01:38;2026-07-01 10:47:59
1465745920;ПК-8;ПК-8;Перехідник із крана на трубку, штуцер 7,9 мм (металевий);90.0000;1;1;0000-00-00;2026-06-30 23:01:38;2026-07-01 10:47:59
1465745851;ПК2;ПК2;Кламповий штуцер-перехідник 2 дюйми на DN25 (зовнішнє різьблення 1);190.0000;0;1;2024-11-13;2026-06-30 23:01:37;2026-07-01 10:47:59
1318;ПНБ;ПНБ;Папуга в банку;760.0000;6;1;0000-00-00;2026-06-30 23:01:26;2026-07-01 10:47:59
1465745872;ПНМ;ПНМ;Папуга настільний металевий;720.0000;0;1;2024-11-13;2026-06-30 23:01:37;2026-07-01 10:47:59
1239;Р-48;Р-48;Дріжджі Турбо Alcotec PURE 48;183.0000;1;1;0000-00-00;2026-06-30 23:01:25;2026-07-01 10:47:59
1465745915;Р12-60-1/2;Р12-60-1/2;Насос 12V 60W папа 1/2 дюйма;567.0000;1;1;2025-01-24;2026-06-30 23:01:38;2026-07-01 10:47:59
1256;Р50;Р50;"Штуцер КЛАМП 2&quot;";60.0000;5;1;0000-00-00;2026-06-30 23:01:25;2026-07-01 10:47:59
311;РПН-М;РПН-М;Сітка Панченкова мідна РПН-М 1 м;399.0000;3;1;0000-00-00;2026-06-30 23:01:12;2026-07-01 10:47:59
235;РПН-С;РПН-С;Сітка Панченкова нержавіюча РПН-С 1м;160.0000;2;1;0000-00-00;2026-06-30 23:01:11;2026-07-01 10:47:59
851;РУК;РУК;Укупорпорювач для кронен пробок;631.0000;995;1;0000-00-00;2026-06-30 23:00:18;2026-07-01 10:47:59
1036;РУП;РУП;Укупорювач винних пляшок;760.0000;0;1;0000-00-00;2026-06-30 23:01:23;2026-07-01 10:47:59
1465745871;СП-1;СП-1;Спиртометр (ареометр) побутовий Китай 0-96%;25.0000;0;1;2024-11-13;2026-06-30 23:01:38;2026-07-01 10:47:59
1010;СП-36 (П);СП-36 (П);Силіконова прокладка П-подібна для куба 36 л;360.0000;1;1;0000-00-00;2026-06-30 23:01:22;2026-07-01 10:47:59
1296;СП-50;СП-50;Сушарка для пляшок на 50шт;1050.0000;0;1;0000-00-00;2026-06-30 23:01:26;2026-07-01 10:47:59
1233;СП1.5;СП1.5;"Силіконова прокладка з сіткою для КЛАМП 1.5&quot;";58.0000;3;1;0000-00-00;2026-06-30 23:01:25;2026-07-01 10:47:59
1312;СП3;СП3;"Силіконова прокладка з сіткою для КЛАМП 3&quot;";69.0000;4;1;0000-00-00;2026-06-30 23:01:26;2026-07-01 10:47:59
1465745921;СП3-0,5;СП3-0,5;"Силіконова прокладка з сіткою для КЛАМП 3&quot; 0,5мм";69.0000;1;1;0000-00-00;2026-06-30 23:01:38;2026-07-01 10:47:59
907;СПН М;СПН М;Спірально-призматична насадка (СПН) мідна 3.5х3.5х0.35, 1 кг;1359.0000;3;1;0000-00-00;2026-06-30 23:01:22;2026-07-01 10:47:59
908;СПН С;СПН С;Спірально-призматична насадка (СПН) нержавіюча 3.5х3.5х0.36, 1 кг;932.0000;1;1;0000-00-00;2026-06-30 23:01:22;2026-07-01 10:47:59
836;СПФ;СПФ;Сифон переливний з фільтром;121.0000;2;1;0000-00-00;2026-06-30 23:01:20;2026-07-01 10:47:59
1007;СФ-БК;СФ-БК;Сифон переливний;69.0000;0;1;0000-00-00;2026-06-30 23:01:22;2026-07-01 10:47:59
1038;СФ-К;СФ-К;Сифон переливний з краном;130.0000;0;1;0000-00-00;2026-06-30 23:01:23;2026-07-01 10:47:59
1963;Т - 0027;Т - 0027;Мідний таз 2,7 л.;4000.0000;1;1;0000-00-00;2026-06-30 23:00:45;2026-07-01 10:47:59
1964;Т - 0046;Т - 0046;Мідний таз 4,6 л.;4600.0000;0;1;0000-00-00;2026-06-30 23:00:45;2026-07-01 10:47:59
1372;Т0201;Т0201;Дубова клепка Gradient-L на 10л;150.0000;1;1;0000-00-00;2026-06-30 23:01:27;2026-07-01 10:47:59
1691;Т0202;Т0202;Дубова клепка на 10 л Hot Rod Gradient M;150.0000;2;1;0000-00-00;2026-06-30 23:01:33;2026-07-01 10:47:59
1369;Т0204;Т0204;Дубова клепка Gradient-H на 10л;150.0000;2;1;0000-00-00;2026-06-30 23:01:27;2026-07-01 10:47:59
914;Т0211;Т0211;ДУБОВА КЛЕПКА БОЧКИ JACK DANIEL'S (100 Г);165.0000;999;1;0000-00-00;2026-06-30 23:03:00;2026-07-01 10:47:59
925;Т0212;Т0212;ДУБОВА КЛЕПКА БОЧКИ REMY MARTIN (100 Г);165.0000;999;1;0000-00-00;2026-06-30 23:03:01;2026-07-01 10:47:59
1375;Т0303;Т0303;Дубові кубики середній випал M+ на 10л;132.0000;999;1;0000-00-00;2026-06-30 23:03:04;2026-07-01 10:47:59
1693;Т0304;Т0304;Дубові кубики  на 10 л Hot Rod French Oak H;132.0000;999;1;0000-00-00;2026-06-30 23:05:22;2026-07-01 10:47:59
1694;Т0312;Т0312;Дубові кубики  на 10 л Hot Rod French Oak M;132.0000;999;1;0000-00-00;2026-06-30 23:05:23;2026-07-01 10:47:59
1376;Т0314;Т0314;Дубові кубики легкий випал L на 10л;132.0000;999;1;0000-00-00;2026-06-30 23:03:05;2026-07-01 10:47:59
1690;Т1011;Т1011;Екстракт дубу 50 мл на 5 л Hot Rod ;165.0000;1;1;0000-00-00;2026-06-30 23:01:33;2026-07-01 10:47:59
1700;Т2011;Т2011;Сухий танін 1 г на 5 л Hot Rod;49.0000;0;1;0000-00-00;2026-06-30 23:01:33;2026-07-01 10:47:59
906;ТА-288к-4см;ТА-288к-4см;Термометр цифровий короткий 4 см;91.0000;0;1;0000-00-00;2026-06-30 23:01:22;2026-07-01 10:47:59
1324;ТЕН3-2;ТЕН3-2;"ТЕН 3 кВт під КЛАМП 2&quot;";925.0000;0;1;0000-00-00;2026-06-30 23:01:27;2026-07-01 10:47:59
2039;ТП-10;ТП-10;Трійник пластиковий Y-подібний Ø 10 мм;30.0000;3;1;0000-00-00;2026-06-30 23:01:36;2026-07-01 10:47:59
1465745864;ТП-12;ТП-12;Трійник пластиковий Y-подібний Ø 12 мм;30.0000;4;1;2024-11-13;2026-06-30 23:01:37;2026-07-01 10:47:59
835;ТР 33;ТР 33;Трубка для розливу пива (з клапаном) 33 см;119.0000;3;1;0000-00-00;2026-06-30 23:01:20;2026-07-01 10:47:59
1004;ТР700;ТР700;Кухонний термометр з виносним щупом;360.0000;0;1;0000-00-00;2026-06-30 23:01:22;2026-07-01 10:47:59
1213;ТС;ТС;Термометр спиртовий 0-100 С;35.0000;0;1;0000-00-00;2026-06-30 23:01:24;2026-07-01 10:47:59
903;УБ;УБ;Ущільнювач гидрозатвору для бутлів, d-52/43мм;89.0000;1;1;0000-00-00;2026-06-30 23:01:22;2026-07-01 10:47:59
853;УГЗ;УГЗ;Ущільнювач для гідрозатвора;18.0000;25;1;0000-00-00;2026-06-30 23:01:20;2026-07-01 10:47:59
1465745865;Ф-ВС-13;Ф-ВС-13;Фільтр нейлоновий для воронки 13 см;90.0000;0;1;2024-11-13;2026-06-30 23:01:37;2026-07-01 10:47:59
1252;Ф-ВС-15;Ф-ВС-15;Фільтр нейлоновий для воронки 15 см;93.0000;0;1;0000-00-00;2026-06-30 23:01:25;2026-07-01 10:47:59
1465745860;ФЛП-10 (1/4);ФЛП-10 (1/4);Фітинг латунь ПАПА, 10 мм, різьба 1/4;40.0000;0;1;2024-11-13;2026-06-30 23:01:36;2026-07-01 10:47:59
1465745858;ФНП-8 (1/4);ФНП-8 (1/4);Фітинг ПАПА, 8 мм, різьба 1/4 НІКЕЛЬ;45.0000;0;1;2024-11-13;2026-06-30 23:01:36;2026-07-01 10:47:59
1035;ЦВП-100;ЦВП-100;Циліндр вимірювальний пластиковий 100 мл;108.0000;3;1;0000-00-00;2026-06-30 23:01:23;2026-07-01 10:47:59
871;ЦВП-250;ЦВП-250;Циліндр вимірювальний ПЛАСТИКОВИЙ 250 мл;120.0000;2;1;0000-00-00;2026-06-30 23:01:21;2026-07-01 10:47:59
1211;ЦВС-100;ЦВС-100;Циліндр вимірювальний 100 мл (стклянний);85.0000;0;1;0000-00-00;2026-06-30 23:01:24;2026-07-01 10:47:59
1465746302;ЦКТ-50;ЦКТ-50;ЦКТ 50 літрів;10989.0000;999;1;2025-04-17;2026-06-30 23:06:17;2026-07-01 10:47:59
1465745912;Ш-33;Ш-33;Шкала мірна на відро 33л;35.0000;11;1;2024-11-14;2026-06-30 23:01:36;2026-07-01 10:47:59
2037;ШПБ-10х6,5;ШПБ-10х6,5;Шланг поліуретановий 6,5 мм. прозорий;39.0000;13;1;0000-00-00;2026-06-30 23:01:36;2026-07-01 10:47:59
2038;ШПЧ-10х6,5;ШПЧ-10х6,5;Шланг поліуретановий 6,5 мм. червоний;33.0000;0;1;0000-00-00;2026-06-30 23:01:36;2026-07-01 10:47:59
878;ШС-10х1.5;ШС-10х1.5;Шланг силіконовий 10х1.5 мм;95.0000;7;1;0000-00-00;2026-06-30 23:01:21;2026-07-01 10:47:59
1319;ШС-12×1,5;ШС-12×1,5;Шланг силіконовий 12*1,5 мм;97.0000;2;1;0000-00-00;2026-06-30 23:01:26;2026-07-01 10:47:59
879;ШС-6х1.5;ШС-6х1.5;Шланг силіконовий 6х1.5 мм;68.0000;2;1;0000-00-00;2026-06-30 23:01:21;2026-07-01 10:47:59
1320;ШС-7×1;ШС-7×1;Шланг силіконовий 7*1 мм;67.0000;2;1;0000-00-00;2026-06-30 23:01:26;2026-07-01 10:47:59
880;ШС-8х1.5;ШС-8х1.5;Шланг силіконовий харчовий 8*1.5 мм;80.0000;5;1;0000-00-00;2026-06-30 23:01:21;2026-07-01 10:47:59
1008;ЩБ;ЩБ;Щітка для миття пляшок 44 см;86.0000;0;1;0000-00-00;2026-06-30 23:01:22;2026-07-01 10:47:59
