product_id;sku;model;product_name;price;quantity;status;date_modified;exported_at
1465746480;00001-131;00001-131;Комплект Speidel Braumeister PLUS 20 л — автоматична пивоварня з аксесуарами;139150.0000;999;1;2026-06-30 23:01:06;2026-07-01 10:43:46
1465746481;00001-181;00001-181;Комплект Speidel Braumeister PLUS 50 л — автоматична пивоварня з аксесуарами;167475.0000;999;1;2026-05-08 13:15:56;2026-07-01 10:43:46
1465746484;00001-230;00001-230;Комплект автоматичної пивоварні Speidel Braumeister 200 л;962500.0000;999;1;2026-06-30 23:01:06;2026-07-01 10:43:46
1465746489;00001-91;00001-91;Набір Speidel Braumeister PLUS 10 л — автоматична пивоварня з аксесуарами;125510.0000;999;1;2026-06-30 23:01:06;2026-07-01 10:43:46
668;00002-10;00002-10;Подрібнювач яблук і груш для соку і Гідропрес з нержавіючої сталі 40л;87550.0000;999;1;2026-06-30 23:00:14;2026-07-01 10:43:46
839;00100;00100;колона VM;9200.0000;999;1;2026-06-30 23:00:17;2026-07-01 10:43:46
840;00101;00101;"колона LM 2&quot;";7030.0000;0;1;2026-06-30 23:00:18;2026-07-01 10:43:46
841;00102;00102;"колона LM &quot;клюшка&quot;";7030.0000;0;1;2026-06-30 23:00:18;2026-07-01 10:43:46
177;01.03.07.01.02.02;01.03.07.01.02.02;Пивні дріжджі Safale US-05 - 11,5 гр;170.0000;0;1;2026-06-30 23:01:10;2026-07-01 10:43:46
508;01.03.07.01.03.05;01.03.07.01.03.05;Пивні дріжджі Safale Т-58 11.5гр;110.0000;0;1;2026-06-30 23:01:14;2026-07-01 10:43:46
1465746347;0100430;0100430;Ущільнення алюмінієве для арматури зі з’єднанням GOK (GF);45.0000;999;0;2026-05-05 10:30:54;2026-07-01 10:43:46
1465746348;0103812;0103812;Штуцер-перехідник IG 3/8LH x AG KLF;600.0000;999;0;2026-05-05 10:30:54;2026-07-01 10:43:46
1881;0106033;0106033;Регулятор тиску газу GOK 29мбар 1,5кг/год Kombi x наконечник ?8 мм під хомут;790.0000;999;0;2026-05-05 10:30:54;2026-07-01 10:43:46
1883;0106036;0106036 ;Регулятор тиску газу GOK 50мбар 1,5кг/год. Shell x G1/4 LH-KN;720.0000;999;0;2026-05-05 10:30:54;2026-07-01 10:43:46
1882;0106037;0106037;Регулятор давления газа GOK 29мбар 1,5 кг/ч Shell x G1/4 LH-KN;720.0000;998;0;2026-05-05 10:30:54;2026-07-01 10:43:46
1884;0111551;0111551;Регулятор тиску газу GOK 29мбар 1,5кг/год. Shell x наконечник  Ø8 мм під хомут;690.0000;996;0;2026-05-05 10:30:54;2026-07-01 10:43:46
1885;0111552;0111552;Регулятор тиску газу GOK 37мбар 1,5кг/год. Shell x наконечник ?8 мм під хомут;690.0000;999;0;2026-05-05 10:30:54;2026-07-01 10:43:46
1886;0152205;0152205;Регулятор тиску газу GOK 4кг/год 30-70мбар Kombi x G1/4LH-KN 11;2550.0000;0;0;2026-05-05 10:30:54;2026-07-01 10:43:46
1880;0152300;0152300;Регулятор тиску газу GOK 1 кг/рік 25-50 мбар KLF x G1/4LH-KN 11;2030.0000;999;0;2026-05-05 10:30:54;2026-07-01 10:43:46
1879;0152309;0152309;Регулятор давления газа GOK 1кг/ч 25-50мбар Komb.AxG1/4LH-KN 11;2030.0000;999;0;2026-05-05 10:30:54;2026-07-01 10:43:46
1465746342;0250714;0250714;Штуцер-перехідник AG GF х RVS12;555.0000;999;0;2026-05-05 10:30:54;2026-07-01 10:43:46
1465746336;0252501;0252501;Трубний з’єднувач GOK RST12x350ML + DL Тип 02 525 01;635.0000;999;0;2026-05-05 10:30:54;2026-07-01 10:43:46
385;04.03.27;04.03.27;Хмель  Citra® (USA) 50 гр., α-12.5%;240.0000;0;1;2026-06-30 23:01:13;2026-07-01 10:43:46
1465746356;0403500;0403500;Шланг GOK 9х3,5 PS10бар тип PS10 (ціна за м);355.0000;999;0;2026-05-05 10:30:54;2026-07-01 10:43:46
1465746358;0440730;0440730;Шланг GOK Ø6,3 мм з обох боків G1/4LH UEM x 80 см;410.0000;999;0;2026-05-05 10:30:54;2026-07-01 10:43:46
1465745896;0445530;0445530;Шланг GOK Ø6,3 мм з обох боків G1/4LH UEM x 1,5 м;585.0000;999;0;2026-05-05 10:30:54;2026-07-01 10:43:46
1465745895;0445630;0445630;Шланг GOK Ø6,3 мм з обох боків G1/4LH UEM x 2,0 м;695.0000;999;0;2026-05-05 10:30:54;2026-07-01 10:43:46
1465746353;0448900;0448900;Шланг GOK GFxAG GFx400 Тип PS30;1960.0000;999;0;2026-05-05 10:30:54;2026-07-01 10:43:46
1465746354;0449100;0449100;Шланг GOK GFxAG GFx300 Тип PS30;1960.0000;999;0;2026-05-05 10:30:54;2026-07-01 10:43:46
1465746355;0449700;0449700;Шланг GOK PS30 бар GF x RST12 x 400 ML + DL;1780.0000;999;0;2026-05-05 10:30:54;2026-07-01 10:43:46
1465746331;0454300;0454300;Шланг GOK 6,3 мм з обох боків G3/8LH UEM x 2000 мм;1525.0000;999;0;2026-05-05 10:30:54;2026-07-01 10:43:46
1465746359;0454600;0454600;Шланг GOK 6,3 мм з обох боків G3/8LH UEM x 5000 мм;2955.0000;999;0;2026-05-05 10:30:54;2026-07-01 10:43:46
1465746337;0457200;0457200;З’єднувач-трійник GOK AG GFxKomb.AxAG GF Тип 04 572 00;1685.0000;999;0;2026-05-05 10:30:54;2026-07-01 10:43:46
1465746338;0457202;0457202;З’єднувач-трійник GOK AG GFxKomb.A 100lg Тип 0457200;2095.0000;999;0;2026-05-05 10:30:54;2026-07-01 10:43:46
1465746357;0457300;0457300;Шланг GOK з обох боків Komb.A x 400 (PS30);1425.0000;999;0;2026-05-05 10:30:54;2026-07-01 10:43:46
1887;0515030;0515030;Регулятор тиску газу GOK EN61-DS 1,5 кг/год. 29мбар KLFxG1/4LH-KN ТАЄ UEDS;4060.0000;999;0;2026-05-05 10:30:54;2026-07-01 10:43:46
679;06.03.03;06.03.03;Хміль Mosaic® (USA) 50 g;249.0000;0;1;2026-06-30 23:01:15;2026-07-01 10:43:46
940;06.05.02;06.05.02;Хміль Chinook ® (USA) 50 g, α-11,4%;208.0000;0;1;2026-06-30 23:01:22;2026-07-01 10:43:46
1465746339;0600600;0600600;П’ять м трубки (три частини: 2х2 м і 1х1 м) 12х1 оцинковані;515.0000;999;0;2026-05-05 10:30:54;2026-07-01 10:43:46
396;060938030100;060938030100;Ручка для міні КЕГ 5л;25.0000;985;1;2026-06-30 23:00:09;2026-07-01 10:43:46
704;07046;07046;Органічний солод Organic Pilsen;100.0000;0;1;2026-06-30 23:00:14;2026-07-01 10:43:46
707;07077;07077;Солод органічний Organic Maris Otter PA Malt;100.0000;0;1;2026-06-30 23:00:14;2026-07-01 10:43:46
708;07084;07084;Солод органічний Organic Roast Barley;160.0000;0;1;2026-06-30 23:00:14;2026-07-01 10:43:46
1465746345;0710100;0710100;Штуцер GAIL 12 x G1/4 оцинк тип GAI;385.0000;999;0;2026-05-05 10:30:54;2026-07-01 10:43:46
1465746346;0771010;0771010;Кутовий штуцер WL 12 x 12 оцинк;445.0000;999;0;2026-05-05 10:30:54;2026-07-01 10:43:46
1465746343;0771610;0771610;T-штуцер TL 12 x 12 x 12 оцинкований;515.0000;999;0;2026-05-05 10:30:54;2026-07-01 10:43:46
1465746344;0772200;0772200;Штуцер KL 12 x 12 x 12 x 12 оцинк;1750.0000;999;0;2026-05-05 10:30:54;2026-07-01 10:43:46
1465745894;0973534;0973534;Фітинг різьбовий GOK AG KLF х IG W21,8x1/14“LH – перехідник с G4/G5 на G12 (євроредуктор - укр.балон);640.0000;999;0;2026-05-05 10:30:54;2026-07-01 10:43:46
1465745887;0973834;0973834;Фітинг різьбовий GOK D4 IG KLF на AG W21,8x1/14“LH – перехідник с G12 на G4/G5 (укр.редуктор-євробалон);640.0000;999;0;2026-05-05 10:30:54;2026-07-01 10:43:46
1465746063;100000012;100000012;Циліндр вимірювальний скляний з носиком 50 мл.;68.0000;0;1;2026-06-30 23:01:40;2026-07-01 10:43:46
1465746062;100000017;100000017;Циліндр вимірювальний пластиковий з носиком 50 мл.;35.0000;2;1;2026-06-30 23:01:40;2026-07-01 10:43:46
1465746060;100000019;100000019;Стакан вимірювальний пластиковий 1000 мл.;99.0000;0;1;2026-06-30 23:01:40;2026-07-01 10:43:46
1465746072;100000036;100000036;Нагрівач скляний з терморегулятором Xilong XL-999 100W для акваріума 100 л;253.0000;0;1;2026-06-30 23:01:40;2026-07-01 10:43:46
1465746106;100000037;100000037;Нагрівач металевий з терморегулятором Xilong XL-999 100W для акваріума 100 л;360.0000;0;1;2026-06-30 23:01:42;2026-07-01 10:43:46
1465746074;100000038;100000038;Регулятор напруги 4 кВт (пікове) з активним охолодженням | Робоче навантаження 2-2,5 кВт!;390.0000;0;1;2026-06-30 23:01:41;2026-07-01 10:43:46
1465746045;100000039;100000039;Регулятор напруги 10 кВт (пікове) з кнопками і дисплеєм | Робоче навантаження- 5-6 кВт!;1425.0000;1;1;2026-06-30 23:01:41;2026-07-01 10:43:46
1465746054;100000048;100000048;Кран голчастий латунь 8мм;105.0000;5;1;2026-06-30 23:01:40;2026-07-01 10:43:46
1465746056;100000049;100000049;Кран голчастий латунь 10 мм;120.0000;5;1;2026-06-30 23:01:40;2026-07-01 10:43:46
1465746064;100000069;100000069;Фітинг латунний для Пневмошланг МАМА, 10 мм, різьба 1,2;30.0000;6;1;2026-06-30 23:01:40;2026-07-01 10:43:46
1465746065;100000070;100000070;Фітинг латунний для Пневмошланг МАМА, 12мм, різьблення 1,2;30.0000;10;1;2026-06-30 23:01:40;2026-07-01 10:43:46
1465746066;100000077;100000077;Фітинг латунний для Пневмошланг ТАТО, 10 мм, різьба 1/2;23.0000;6;1;2026-06-30 23:01:40;2026-07-01 10:43:46
1465746067;100000078;100000078;Фітинг латунний для Пневмошланг ТАТО, 12 мм, різьба 1/2;30.0000;7;1;2026-06-30 23:01:40;2026-07-01 10:43:46
1465746053;100000081;100000081;Гумовий перехідник на кран без різьби;29.0000;0;1;2026-06-30 23:01:40;2026-07-01 10:43:46
1465746085;100000096;100000096;Перехідник з клампа DN1.5 на DN2;255.0000;5;1;2026-06-30 23:01:41;2026-07-01 10:43:46
1465746073;100000111;100000111;Пристрій для закупорювання пляшок кроненпробками;735.0000;0;0;2026-06-30 23:01:40;2026-07-01 10:43:46
1465746089;100000112;100000112;Перегінний куб 17л з купольною кришкою 2 дюйми;4017.0000;0;1;2026-06-30 23:01:41;2026-07-01 10:43:46
1465746090;100000113;100000113;Перегінний куб 25л з купольною кришкою під кламп;6150.0000;0;1;2026-06-30 23:01:41;2026-07-01 10:43:46
1465746091;100000114;100000114;Перегінний куб 36л з купольною кришкою під кламп;7050.0000;0;1;2026-06-30 23:01:41;2026-07-01 10:43:46
1236;100000121;100000121;"Силіконова прокладка з сіткою для КЛАМП 2&quot;, 2мм";63.0000;0;1;2026-06-30 23:01:25;2026-07-01 10:43:46
1465746055;100000128;100000128;Кран голчастий сталевий 8 мм;285.0000;6;1;2026-06-30 23:01:40;2026-07-01 10:43:46
1465746057;100000129;100000129;Кран голчастий сталевий 10мм;300.0000;6;1;2026-06-30 23:01:40;2026-07-01 10:43:46
1465746051;100000131;100000131;Дробарка (млин) для солоду двовальцева-роликова;4499.0000;4;1;2026-06-30 23:01:40;2026-07-01 10:43:46
1311;10000013115;10000013115;Винні дріжджі UVAFERM® CEG 0,5kg;1260.0000;5;1;2026-06-30 23:01:26;2026-07-01 10:43:46
1314;10000013146;10000013146;ПЕТ Кег 30л з фітингом A;265.0000;0;1;2026-06-30 23:00:24;2026-07-01 10:43:46
1465746070;100000135;100000135;Ніпель для монтажу цифрового термометра щупа-голчастого від 3 мм до 6 мм;30.0000;0;1;2026-06-30 23:01:40;2026-07-01 10:43:46
1465746059;100000144;100000144;Кран шароовий повітряний латунь 10-10 мм;42.0000;0;1;2026-06-30 23:01:40;2026-07-01 10:43:46
1465746058;100000147;100000147;Кран металевий зливний 16 мм;282.0000;9;1;2026-06-30 23:01:40;2026-07-01 10:43:46
1465746069;100000155;100000155;Фільтр Базука 30 см;192.0000;0;1;2026-06-30 23:01:40;2026-07-01 10:43:46
1465746080;100000157;100000157;Регулятор напруги 4кВт (пікове) з проводом та дисплеєм| Робоче навантаження 2-2,5 кВт!;1035.0000;0;1;2026-06-30 23:01:41;2026-07-01 10:43:46
1465746068;100000158;100000158;Мішок для затирання хмелю і солоду 10х15 МС200;27.0000;5;1;2026-06-30 23:01:40;2026-07-01 10:43:46
1465746086;100000163;100000163;Силіконова прокладка (ущільнювач) П-образна для кубів 17л. (D 28см);263.0000;0;1;2026-06-30 23:01:41;2026-07-01 10:43:46
1465746087;100000164;100000164;Силіконова прокладка (ущільнювач) П-подібна для кубів 25л. (D 31см);296.0000;0;1;2026-06-30 23:01:41;2026-07-01 10:43:46
1465746088;100000166;100000166;Силіконова прокладка (ущільнювач) П-подібна для кубів 50л. D 39см);417.0000;2;1;2026-06-30 23:01:41;2026-07-01 10:43:46
1465746075;100000173;100000173;"Перехідник з DN 1.5&quot; на трубку 10мм";135.0000;5;1;2026-06-30 23:01:41;2026-07-01 10:43:46
1465746076;100000174;100000174;Перехідник з DN 2 на трубку 10мм;179.0000;7;1;2026-06-30 23:01:41;2026-07-01 10:43:46
1465746052;100000190;100000190;Вугільна колона для фільтрації з нержавіючої сталі;975.0000;0;1;2026-06-30 23:01:40;2026-07-01 10:43:46
1465746081;100000197;100000197;Перехідник латунний для шланга 8мм;29.0000;0;1;2026-06-30 23:01:41;2026-07-01 10:43:46
1465746083;100000198;100000198;Перехідник латунний для шланга 12мм;29.0000;0;1;2026-06-30 23:01:41;2026-07-01 10:43:46
1465746082;100000199;100000199;Перехідник латунний для шланга 10мм;23.0000;0;1;2026-06-30 23:01:41;2026-07-01 10:43:46
1465746084;100000209;100000209;Врізка в кришку куба під Кламп 1.5;299.0000;0;1;2026-06-30 23:01:41;2026-07-01 10:43:46
1465746061;100000211;100000211;Стакан вимірювальний пластиковий 500 мл.;44.0000;0;1;2026-06-30 23:01:40;2026-07-01 10:43:46
1465746079;100000233;100000233;Шланг високого тиску|10х6.5 мм|синій, поліуретановий;33.0000;0;1;2026-06-30 23:01:41;2026-07-01 10:43:46
1465746078;100000312;100000312;Шланг високого тиску|10х6.5 мм|червоний, поліуретановий;33.0000;0;1;2026-06-30 23:01:41;2026-07-01 10:43:46
1465746077;100000313;100000313;Шланг високого тиску|10х6.5 мм|прозорий, поліуретановий;39.0000;7;1;2026-06-30 23:01:41;2026-07-01 10:43:46
1465746194;100000359;100000359;Дріжджі Турбо Alcotec Classic 24;179.0000;0;1;2026-06-30 23:01:45;2026-07-01 10:43:46
1465746092;100000384;100000384;Набір кришок для вакуумного зберігання продуктів з насосом 9 шт.;203.0000;0;1;2026-06-30 23:01:41;2026-07-01 10:43:46
1465746105;100000389;100000389;Сухі турбо дріжджі Double Snake C24, 175г.;180.0000;0;1;2026-06-30 23:01:42;2026-07-01 10:43:46
1465746144;100000390;100000390;Турбо дріжджі Alcotec vodka star, 66г;161.0000;0;1;2026-06-30 23:01:43;2026-07-01 10:43:46
1465746145;100000398;100000398;Сухі турбо дріжджі PuriFerm UK-24, 175г.;164.0000;0;1;2026-06-30 23:01:43;2026-07-01 10:43:46
1465746093;100000400;100000400;Сухі турбо дріжджі Turbo Batch 200, 86 г;149.0000;1;1;2026-06-30 23:01:41;2026-07-01 10:43:46
1465746094;100000401;100000401;Ковпачок гумовий для бутлів 40 мм;59.0000;2;1;2026-06-30 23:01:41;2026-07-01 10:43:46
1465746270;100000402;100000402;Ковпачок гумовий для бутлів 50 мм;73.0000;1;1;2026-06-30 23:01:47;2026-07-01 10:43:46
1465746269;100000403;100000403;Ковпачок гумовий для бутлів 60 мм.;80.0000;0;1;2026-06-30 23:01:47;2026-07-01 10:43:46
1465746494;10000040401;10000040401;"Перехідник з клампа 2&quot; на 3&quot; DN51–DN76 AISI 304";578.0000;0;1;2026-06-30 23:01:50;2026-07-01 10:43:46
1465746495;10000040418;10000040418;"Перехід фланець 165 мм на 3&quot; кламп";1380.0000;0;1;2026-06-30 23:01:50;2026-07-01 10:43:46
1465746107;100000405;100000405;Регулятор напруги 10кВт (пікове) | Робоче навантаження- 5-6 кВт!;585.0000;0;1;2026-06-30 23:01:42;2026-07-01 10:43:46
1465746097;100000412;100000412;Тримач спн конусний 2 дюйми (концентратор флегми);119.0000;5;1;2026-06-30 23:01:41;2026-07-01 10:43:46
1465746096;100000420;100000420;Кришка пляшки 10 л;44.0000;0;1;2026-06-30 23:01:41;2026-07-01 10:43:46
1465746095;100000421;100000421;Освітлювач ALcoCleaner, 10мл;224.0000;0;1;2026-06-30 23:01:41;2026-07-01 10:43:46
1465746099;100000443;100000443;Кламповий штуцер-перехідник 2 дюйма на DN15 (внутрішня різьба 1/2);195.0000;5;1;2026-06-30 23:01:41;2026-07-01 10:43:46
1465746100;100000444;100000444;Кламповий штуцер-перехідник 2 дюйма на DN15 (зовнішня різьба 1/2);298.0000;5;1;2026-06-30 23:01:41;2026-07-01 10:43:46
1465746101;100000445;100000445;Кламповий штуцер-перехідник 2 дюйма на DN20 (зовнішня різьба 3/4);235.0000;5;1;2026-06-30 23:01:42;2026-07-01 10:43:46
1465746102;100000447;100000447;Кламповий штуцер-перехідник 2 дюйма на DN40 (внутріщня різьба 1 1/2);260.0000;5;1;2026-06-30 23:01:42;2026-07-01 10:43:46
1465746098;100000462;100000462;Кріплення одинарне для вугільного картриджу 51мм;9.0000;9;1;2026-06-30 23:01:41;2026-07-01 10:43:46
1465746414;100000463;100000463;Фруктові турбо дріжджі Puriferm Fruit;125.0000;1;1;2026-06-30 23:01:48;2026-07-01 10:43:46
1465746158;100000469;100000469;Дріжджі Турбо Alcotec CARBON 48;244.0000;2;1;2026-06-30 23:01:43;2026-07-01 10:43:46
1465746157;100000492;100000492;Дріжджі Турбо Alcotec Single Strain (для віскі);138.0000;0;1;2026-06-30 23:01:43;2026-07-01 10:43:46
1465746103;100000501;100000501;Дріжджі Puriferm Carbon Turbo;104.0000;0;1;2026-06-30 23:01:42;2026-07-01 10:43:46
1465746104;100000522;100000522;Силіконова прокладка (ущільнювач) П-образна для кубів 70л.;449.0000;1;1;2026-06-30 23:01:42;2026-07-01 10:43:46
1465746114;100000540;100000540;Ковпачок (кришка, пробка) гуала, срібний;12.0000;0;1;2026-06-30 23:01:42;2026-07-01 10:43:46
1465746267;100000584;100000584;Сушка для 50 пляшок жовта | Італія;735.0000;0;1;2026-06-30 23:01:47;2026-07-01 10:43:46
1465746110;100000594;100000594;Перехідник швидкоз'ємний. З'єднання: ФІТИНГ/ФІТИНГ, 10 і 12 мм;15.0000;0;1;2026-06-30 23:01:42;2026-07-01 10:43:46
1465746113;100000595;100000595;Перехідник швидкоз'ємний. З'єднання: ФІТИНГ/ФІТИНГ, 10 мм;15.0000;0;1;2026-06-30 23:01:42;2026-07-01 10:43:46
1465746108;100000596;100000596;"Трійник швидкоз'ємний: &quot;Т-подібний&quot;, 10 мм";15.0000;5;1;2026-06-30 23:01:42;2026-07-01 10:43:46
1465746111;100000597;100000597;Трійник швидкоз'ємний: Т-подібний, 12 мм;15.0000;5;1;2026-06-30 23:01:42;2026-07-01 10:43:46
1465746109;100000598;100000598;Хрестовина швидкоз'ємна х-подібна, 10 мм;29.0000;0;1;2026-06-30 23:01:42;2026-07-01 10:43:46
1465746112;100000599;100000599;Хрестовина швидкоз'ємна х-подібна, 12 мм;29.0000;0;1;2026-06-30 23:01:42;2026-07-01 10:43:46
1465746130;100000606;100000606;Сито-бункер для хмелю 7*18;398.0000;0;1;2026-06-30 23:01:42;2026-07-01 10:43:46
1465746131;100000607;100000607;Сито-бункер для хмелю 7*30;447.0000;0;1;2026-06-30 23:01:42;2026-07-01 10:43:46
1465746133;100000612;100000612;Шланг харчовий силіконовий 6х2 мм;98.0000;0;1;2026-06-30 23:01:43;2026-07-01 10:43:46
1465746134;100000613;100000613;Шланг харчовий силіконовий 8х2 мм;102.0000;0;1;2026-06-30 23:01:43;2026-07-01 10:43:46
1465746135;100000615;100000615;Шланг харчовий силіконовий 10х2 мм;105.0000;0;1;2026-06-30 23:01:43;2026-07-01 10:43:46
1465746128;100000631;100000631;Сургуч паличка. Золото.;27.0000;0;1;2026-06-30 23:01:42;2026-07-01 10:43:46
1465746129;100000632;100000632;Сургуч паличка. Срібло.;27.0000;4;1;2026-06-30 23:01:42;2026-07-01 10:43:46
1465746127;100000633;100000633;Сургуч паличка. Бордо.;27.0000;4;1;2026-06-30 23:01:42;2026-07-01 10:43:46
1465746146;100000634;100000634;Сургуч під пістолет. Бордо;30.0000;0;1;2026-06-30 23:01:43;2026-07-01 10:43:46
1465746137;100000636;100000636;Термоковпачок зі смужкою, червоний;3.0000;30;1;2026-06-30 23:01:43;2026-07-01 10:43:46
1465746136;100000637;100000637;Термоковпачок зі смужкою, чорний;3.0000;30;1;2026-06-30 23:01:43;2026-07-01 10:43:46
1465746138;100000638;100000638;Термоковпачок зі смужкою, золотий;3.0000;20;1;2026-06-30 23:01:43;2026-07-01 10:43:46
1465746139;100000648;100000648;Боросилікатне скло для диоптра 2 дюйма (довжина 100 мм);225.0000;5;1;2026-06-30 23:01:43;2026-07-01 10:43:46
1465746140;100000649;100000649;Боросилікатне скло для диоптра 2 дюйма (довжина 200 мм);285.0000;5;1;2026-06-30 23:01:43;2026-07-01 10:43:46
1465746141;100000650;100000650;Боросилікатне скло для диоптра 2 дюйма (довжина 300 мм);375.0000;5;1;2026-06-30 23:01:43;2026-07-01 10:43:46
1465746142;100000651;100000651;Боросилікатне скло для диоптра 2 дюйма (довжина 500 мм);495.0000;5;1;2026-06-30 23:01:43;2026-07-01 10:43:46
1465746126;100000659;100000659;Кільца Рашига, 1кг, мідні. Марка міді М0;1785.0000;5;1;2026-06-30 23:01:42;2026-07-01 10:43:46
1465746121;100000671;100000671;Корок корковий, коньячна 19,5 Т-Корок;9.0000;0;1;2026-06-30 23:01:42;2026-07-01 10:43:46
1465746122;100000672;100000672;Ковпачок алюмінієвий (Білий з різьбою 28х18 мм);6.0000;0;1;2026-06-30 23:01:42;2026-07-01 10:43:46
1465746124;100000673;100000673;Ковпачок алюмінієвий (Золотий з різьбою 28х18 мм);6.0000;0;1;2026-06-30 23:01:42;2026-07-01 10:43:46
1465746125;100000674;100000674;Ковпачок алюмінієвий (Срібло з різьбою 28х18 мм);6.0000;0;1;2026-06-30 23:01:42;2026-07-01 10:43:46
1465746196;100000675;100000675;Ковпачок алюмінієвий (Червоний з різьбою 28х18 мм);6.0000;0;1;2026-06-30 23:01:45;2026-07-01 10:43:46
1465746115;100000676;100000676;Ковпак 28 (НВР 28х40 чорний);11.0000;0;1;2026-06-30 23:01:42;2026-07-01 10:43:46
1465746119;100000677;100000677;Ковпак 28 (НВР 28х40 бордовий);11.0000;0;1;2026-06-30 23:01:42;2026-07-01 10:43:46
1465746116;100000678;100000678;Ковпак 28 (НВР 28х40 білий);11.0000;0;1;2026-06-30 23:01:42;2026-07-01 10:43:46
1465746120;100000679;100000679;Ковпак 28 (НВР 28х40 зелений);11.0000;0;1;2026-06-30 23:01:42;2026-07-01 10:43:46
1465746117;100000680;100000680;Ковпак 28 (НВР 28х40 синій);11.0000;0;1;2026-06-30 23:01:42;2026-07-01 10:43:46
1465746118;100000681;100000681;Ковпак 28 (НВР 28х40 жовтий);11.0000;0;1;2026-06-30 23:01:42;2026-07-01 10:43:46
1465746132;100000690;100000690;Насос 24V, 19Wt, 800л/г. відцентровий;495.0000;0;1;2026-06-30 23:01:43;2026-07-01 10:43:46
1465746143;100000699;100000699;Боніфікатор (пом'якшення та очистка) 100 г.;108.0000;0;1;2026-06-30 23:01:43;2026-07-01 10:43:46
1465746150;100000713;100000713;Термометр короткий поворотний цифровий зі звуковим сигналом, ТА-288s-к ПАКЕТ;200.0000;1;1;2026-06-30 23:01:43;2026-07-01 10:43:46
1465746149;100000714;100000714;Термометр поворотний 14 см, цифровий зі звуковим сигналом ТА-288s (пакет);200.0000;0;1;2026-06-30 23:01:43;2026-07-01 10:43:46
1465746123;100000750;100000750;Ковпачок алюмінієвий (Чорний з різьбою 28х18 мм);6.0000;0;1;2026-06-30 23:01:42;2026-07-01 10:43:46
1465746147;100000753;100000753;Ніпель для монтажу термометра від 3 мм до 6 мм (силікон);45.0000;7;1;2026-06-30 23:01:43;2026-07-01 10:43:46
1465746148;100000758;100000758;Боніфікатор 250 г;203.0000;0;1;2026-06-30 23:01:43;2026-07-01 10:43:46
1465746241;100000799;100000799;Мотор JGY370 12В 30об;300.0000;1;1;2026-06-30 23:01:46;2026-07-01 10:43:46
1465746180;100000800;100000800;Мотор 5840-31ZY з блоком 12В 27об;975.0000;0;1;2026-06-30 23:01:44;2026-07-01 10:43:46
1465746152;100000818;100000818;"Холодильник Дімрота 2&quot; МІДЬ -350";3585.0000;5;1;2026-06-30 23:01:43;2026-07-01 10:43:46
1465746151;100000820;100000820;"Холодильник Дімрота 2&quot; МІДЬ -180";2325.0000;5;1;2026-06-30 23:01:43;2026-07-01 10:43:46
1465746153;100000832;100000832;Сушка для 80 пляшок | Італія;1185.0000;0;1;2026-06-30 23:01:43;2026-07-01 10:43:46
1465746156;100000834;100000834;Корокова пробка 21*33 агломерована;7.0000;10;1;2026-06-30 23:01:43;2026-07-01 10:43:46
1465746154;100000835;100000835;Мюзле дротик для шампанського;4.0000;0;1;2026-06-30 23:01:43;2026-07-01 10:43:46
1465746155;100000836;100000836;Пробка для шампанського пластикова;3.0000;0;1;2026-06-30 23:01:43;2026-07-01 10:43:46
1465746162;100000903;100000903;Екстрактор Сокслета кламп 2;3450.0000;5;1;2026-06-30 23:01:44;2026-07-01 10:43:46
1465746159;100000904;100000904;Дріжджі Турбо Alcotec Restart;128.0000;0;1;2026-06-30 23:01:43;2026-07-01 10:43:46
1465746160;100000905;100000905;Дріжджі Турбо Alcotec Express 24;210.0000;0;1;2026-06-30 23:01:43;2026-07-01 10:43:46
1465746163;100000908;100000908;Силікон листовий 1000*1000*3 мм;1830.0000;0;1;2026-06-30 23:01:44;2026-07-01 10:43:46
1465746161;100000910;100000910;Екстрактор Сокслета кламп 1,5;2550.0000;5;1;2026-06-30 23:01:43;2026-07-01 10:43:46
1465746182;100000912;100000912;Папір для фільтрації 520х520мм, 74 г / м2;15.0000;0;1;2026-06-30 23:01:44;2026-07-01 10:43:46
1465746164;100000924;100000924;Домашня пивоварня 60 л з чиллером;20500.0000;2;0;2026-06-30 23:01:44;2026-07-01 10:43:46
1465746165;100000939;100000939;Дріжджі Spirit ferm Cider;79.0000;0;1;2026-06-30 23:01:44;2026-07-01 10:43:46
1465746174;100000944;100000944;Насос MP-15RM сталь вихід папа 1/2;2700.0000;0;1;2026-06-30 23:01:44;2026-07-01 10:43:46
1465746175;100000945;100000945;Насос MP-20RM сталь вихід папа 3/4;3735.0000;0;1;2026-06-30 23:01:44;2026-07-01 10:43:46
1465746176;100000946;100000946;Насос MP-40RM сталь вихід папа 3/4;4950.0000;0;1;2026-06-30 23:01:44;2026-07-01 10:43:46
1465746178;100000947;100000947;Корокова пробка для бутля, агломерована 43х50х40;30.0000;0;1;2026-06-30 23:01:44;2026-07-01 10:43:46
1465746463;100000948;100000948;Коркова пробка винна 23х33 мм ;7.0000;5;1;2026-06-30 23:01:49;2026-07-01 10:43:46
1465746170;100000963;100000963;Сургуч під пістолет. Зелений;30.0000;0;1;2026-06-30 23:01:44;2026-07-01 10:43:46
1465746169;100000964;100000964;Сургуч паличка. Рожевий;27.0000;0;1;2026-06-30 23:01:44;2026-07-01 10:43:46
1465746167;100000965;100000965;Сургуч паличка. Коричневий;27.0000;4;1;2026-06-30 23:01:44;2026-07-01 10:43:46
1465746166;100000966;100000966;Сургуч паличка. Чорний;27.0000;0;1;2026-06-30 23:01:44;2026-07-01 10:43:46
1465746168;100000967;100000967;Сургуч паличка. Зелений;27.0000;4;1;2026-06-30 23:01:44;2026-07-01 10:43:46
1465746179;100000968;100000968;Сталевий стакан для ароматизації (Кламп 3 );200.0000;5;1;2026-06-30 23:01:44;2026-07-01 10:43:46
1465746468;100000969;100000969;Голчастий пластиковий кран 8 мм для точного регулювання ;99.0000;1;1;2026-06-30 23:01:49;2026-07-01 10:43:46
1465746181;100000983;100000983;Ущільнювач для гідрозатвора (маленький) з ковпачком;18.0000;4;1;2026-06-30 23:01:44;2026-07-01 10:43:46
1465746183;100001000;100001000;Сіль нітритна 1 кг;59.0000;0;1;2026-06-30 23:01:44;2026-07-01 10:43:46
1465746171;100001005;100001005;Винні дріжджі Турбо Alcotec BULLDOG WINE YEAST NUTR;66.0000;0;1;2026-06-30 23:01:44;2026-07-01 10:43:46
1465746173;100001006;100001006;Дріжджі IFERMENT Classic 48 /аналог Alcotec CLASSIC 48/;152.0000;2;1;2026-06-30 23:01:44;2026-07-01 10:43:46
1465746172;100001007;100001007;Дріжджі IFERMENT MEGA PACK /аналог Alcotec MEGA Pack 100l /;304.0000;0;1;2026-06-30 23:01:44;2026-07-01 10:43:46
1465746177;100001008;100001008;Мийка-стерилізатор для пляшок червона, 18х18х18 см| Китай;570.0000;0;1;2026-06-30 23:01:44;2026-07-01 10:43:46
1465746189;100001015;100001015;Шланг харчовий силіконовий 4х1.5 мм;45.0000;0;1;2026-06-30 23:01:44;2026-07-01 10:43:46
1465746190;100001016;100001016;Шланг харчовий силіконовий 14х2 мм;128.0000;0;1;2026-06-30 23:01:44;2026-07-01 10:43:46
1465746191;100001017;100001017;Шланг харчовий силіконовий 16х2 мм;143.0000;0;1;2026-06-30 23:01:44;2026-07-01 10:43:46
1465746192;100001018;100001018;Шланг харчовий силіконовий 18х2 мм;158.0000;0;1;2026-06-30 23:01:44;2026-07-01 10:43:46
1465746193;100001019;100001019;Шланг харчовий силіконовий 20х2 мм;180.0000;0;1;2026-06-30 23:01:44;2026-07-01 10:43:46
1465746195;100001053;100001053;Екстрактор Сокслета кламп 3;4950.0000;5;1;2026-06-30 23:01:45;2026-07-01 10:43:46
1465746188;100001056;100001056;Боросилікатне скло для диоптра 44х5х100 мм (довжина 100 мм);149.0000;5;1;2026-06-30 23:01:44;2026-07-01 10:43:46
1465746185;100001061;100001061;Мюзлеватель Lux ручний для загвинчування дротяних кошиків;1199.0000;5;1;2026-06-30 23:01:44;2026-07-01 10:43:46
1465746184;100001062;100001062;Мюзлеватель ручний для загвинчування дротяних кошиків;269.0000;5;1;2026-06-30 23:01:44;2026-07-01 10:43:46
1465746187;100001073;100001073;Дріжджі TOP Ferm BIG PACK;342.0000;0;1;2026-06-30 23:01:44;2026-07-01 10:43:46
1465746186;100001074;100001074;Дріжджі TOP Ferm 21,5%;161.0000;0;1;2026-06-30 23:01:44;2026-07-01 10:43:46
1465746197;100001147;100001147;Дріжджі Турбо Alcotec WHISKY Turbo 73 г;175.0000;0;1;2026-06-30 23:01:45;2026-07-01 10:43:46
1465746199;100001148;100001148;Дріжджі Турбо DoubleSnake C-Star;113.0000;0;1;2026-06-30 23:01:45;2026-07-01 10:43:46
1465746198;100001149;100001149;Дріжджі Турбо Alcotec MEGA PACK, 1,8 kg;1688.0000;0;1;2026-06-30 23:01:45;2026-07-01 10:43:46
1465746200;100001151;100001151;Дріжджі COOBRA Cider;84.0000;0;1;2026-06-30 23:01:45;2026-07-01 10:43:46
1465746071;100001154;100001154;Нагрівач для браги (металевий) 100W 25см євровилка;449.0000;0;1;2026-06-30 23:01:40;2026-07-01 10:43:46
1465746220;100001156;100001156;Есенція Strands COCOS RUM 250 мл;795.0000;0;1;2026-06-30 23:01:45;2026-07-01 10:43:46
1465746221;100001157;100001157;Есенція Strands GRUSZKA WILLIAMS 250 мл;645.0000;0;1;2026-06-30 23:01:45;2026-07-01 10:43:46
1465746404;100001158;100001158;Есенція Baltmore Long Blended Whisky style 250 мл;830.0000;1;1;2026-06-30 23:01:45;2026-07-01 10:43:46
1465746229;100001159;100001159;Есенція Strands CHERRY VODKA/LIKIER 250 мл;555.0000;0;1;2026-06-30 23:01:46;2026-07-01 10:43:46
1465746223;100001160;100001160;Есенція Strands CYTRYNÓWKA 250 мл;675.0000;0;1;2026-06-30 23:01:45;2026-07-01 10:43:46
1465746224;100001161;100001161;Есенція Strands TENNESSEE WHISKY 250 мл;730.0000;2;1;2026-06-30 23:01:45;2026-07-01 10:43:46
1465746230;100001162;100001162;Есенція Strands BALTMORE LONG BLENDED 250 мл;698.0000;0;1;2026-06-30 23:01:46;2026-07-01 10:43:46
1465746225;100001163;100001163;Есенція Strands BOURBON 250 мл;638.0000;0;1;2026-06-30 23:01:46;2026-07-01 10:43:46
1465746228;100001164;100001164;Есенція Strands APPLE BRANDY 250 мл;593.0000;0;1;2026-06-30 23:01:46;2026-07-01 10:43:46
1465746226;100001165;100001165;Есенція Strands HONEY WHISKY 250 мл;653.0000;0;1;2026-06-30 23:01:46;2026-07-01 10:43:46
1465746227;100001166;100001166;Есенція Strands I CREAM 250 мл;865.0000;1;1;2026-06-30 23:01:46;2026-07-01 10:43:46
1465746202;100001167;100001167;Есенція Strands HONEY WHISKY 25 мл;139.0000;1;1;2026-06-30 23:01:45;2026-07-01 10:43:46
1465746203;100001168;100001168;Есенція Strands TENNESSEE WHISKY 25 мл;139.0000;0;1;2026-06-30 23:01:45;2026-07-01 10:43:46
1465746219;100001169;100001169;Есенція Strands  Apple brandy style flavour, 25 мл;139.0000;1;1;2026-06-30 23:01:45;2026-07-01 10:43:46
1465746204;100001170;100001170;Есенція Strands BOURBON 25 мл;139.0000;0;1;2026-06-30 23:01:45;2026-07-01 10:43:46
1465746205;100001171;100001171;Есенція Strands LONG BLEND WHISKY 25 мл;139.0000;1;1;2026-06-30 23:01:45;2026-07-01 10:43:46
1465746206;100001172;100001172;Есенція Strands CASCADE LAKES WHISKY 25 мл;139.0000;4;1;2026-06-30 23:01:45;2026-07-01 10:43:46
1465746207;100001173;100001173;Есенція Strands BALTMORE LONG BLENDED WHISKY 25 мл;139.0000;2;1;2026-06-30 23:01:45;2026-07-01 10:43:46
1465746208;100001174;100001174;Есенція Blend Whiskey Style Flavour Strands (Ірландський віскі) , 25 мл;139.0000;0;1;2026-06-30 23:01:45;2026-07-01 10:43:46
1465746210;100001175;100001175;Есенція Strands CHERRY BRANDY 25 мл;139.0000;4;1;2026-06-30 23:01:45;2026-07-01 10:43:46
1465746211;100001176;100001176;Есенція Strands APPLE (JABŁKO) VODKA 25 мл;135.0000;0;1;2026-06-30 23:01:45;2026-07-01 10:43:46
1465746212;100001177;100001177;Есенція Strands LIME VODKA 25 мл;135.0000;0;1;2026-06-30 23:01:45;2026-07-01 10:43:46
1465746213;100001178;100001178;Есенція Strands TEQULLA 25 мл;139.0000;0;1;2026-06-30 23:01:45;2026-07-01 10:43:46
1465746214;100001179;100001179;Есенція Strands TEQULLA GOLD 25 мл;139.0000;1;1;2026-06-30 23:01:45;2026-07-01 10:43:46
1465746215;100001180;100001180;Есенція Strands LONDON GIN 25 мл;139.0000;3;1;2026-06-30 23:01:45;2026-07-01 10:43:46
1465746216;100001181;100001181;Есенція Strands ABSINTHE 25 мл;139.0000;0;1;2026-06-30 23:01:45;2026-07-01 10:43:46
1465746217;100001182;100001182;Есенція Strands GRAPPA 25 мл;135.0000;0;1;2026-06-30 23:01:45;2026-07-01 10:43:46
1465746218;100001183;100001183;Есенція Strands BOURBON CHERRY 25 мл;139.0000;1;1;2026-06-30 23:01:45;2026-07-01 10:43:46
1465746201;100001184;100001184;Дріжджі COOBRA BASIC VODKA;119.0000;0;1;2026-06-30 23:01:45;2026-07-01 10:43:46
1465746232;100001186;100001186;Дріжджі COOBRA RUM YEAST;150.0000;0;1;2026-06-30 23:01:46;2026-07-01 10:43:46
1465746233;100001187;100001187;Дріжджі COOBRA WHISKY YEAST 72 г;219.0000;0;1;2026-06-30 23:01:46;2026-07-01 10:43:46
1465746234;100001188;100001188;Дріжджі COOBRA PURE;171.0000;0;1;2026-06-30 23:01:46;2026-07-01 10:43:46
1465746235;100001189;100001189;Дріжджі Spirit ferm Turbo 24;167.0000;0;1;2026-06-30 23:01:46;2026-07-01 10:43:46
1465746268;100001190;100001190;Додаткова ступінь для сушки на 50 пляшок жовта;135.0000;0;1;2026-06-30 23:01:47;2026-07-01 10:43:46
1465746209;100001192;100001192;Есенція Strands SMOKED WHISKY 25 мл;139.0000;0;1;2026-06-30 23:01:45;2026-07-01 10:43:46
1465746263;100001193;100001193;Сушка для пляшок стійка 25/16 з піддоном;1155.0000;0;1;2026-06-30 23:01:47;2026-07-01 10:43:46
1465746264;100001194;100001194;Сушка для пляшок стійка 50/32 з піддоном;1620.0000;0;1;2026-06-30 23:01:47;2026-07-01 10:43:46
1465746236;100001218;100001218;Дріжджі IFERMENT Pure 48, 135 г;183.0000;5;1;2026-06-30 23:01:46;2026-07-01 10:43:46
1465746237;100001313;100001313;Дріжджі COOBRA Mjоd;123.0000;0;1;2026-06-30 23:01:46;2026-07-01 10:43:46
1465746238;100001314;100001314;Дріжджі Spirit ferm XXL (75G), 6kg;120.0000;0;1;2026-06-30 23:01:46;2026-07-01 10:43:46
1465746239;100001315;100001315;Дріжджі Spirit ferm WHISKY YEAST, 48g;93.0000;0;1;2026-06-30 23:01:46;2026-07-01 10:43:46
1465746240;100001316;100001316;Дріжджі COOPERS Australia;126.0000;0;1;2026-06-30 23:01:46;2026-07-01 10:43:46
1465746242;100001336;100001336;Дріжджі Турбо Alcotec Turbo 3;119.0000;0;1;2026-06-30 23:01:46;2026-07-01 10:43:46
1465746243;100001337;100001337;Дріжджі Турбо BLACK BULL;128.0000;0;1;2026-06-30 23:01:46;2026-07-01 10:43:46
1465746244;100001338;100001338;Дріжджі Турбо Double Snake C3;128.0000;0;1;2026-06-30 23:01:46;2026-07-01 10:43:46
1465746260;100001358;100001358;"Холодильник Дімрота мідний однорядний 2&quot; кламп під діоптр 365 мм";3885.0000;5;1;2026-06-30 23:01:47;2026-07-01 10:43:46
1465746257;100001385;100001385;Дріжджі ALCOPRO T48;156.0000;0;1;2026-06-30 23:01:47;2026-07-01 10:43:46
1465746258;100001386;100001386;Дріжджі ALCOPRO T48 MEGAPACK;330.0000;0;1;2026-06-30 23:01:47;2026-07-01 10:43:46
1465746245;100001387;100001387;Дріжджі COOBRA 24H;233.0000;0;1;2026-06-30 23:01:46;2026-07-01 10:43:46
1465746248;100001390;100001390;Дріжджі COOBRA 7;171.0000;0;1;2026-06-30 23:01:46;2026-07-01 10:43:46
1465746246;100001391;100001391;Дріжджі COOBRA 8;189.0000;0;1;2026-06-30 23:01:46;2026-07-01 10:43:46
1465746255;100001392;100001392;Дріжджі COOBRA 6 MAGNUM;144.0000;1;1;2026-06-30 23:01:46;2026-07-01 10:43:46
1465746247;100001393;100001393;Дріжджі COOBRA Винні VITVIN WINA BIALE 10 г;95.0000;0;1;2026-06-30 23:01:46;2026-07-01 10:43:46
1465746254;100001394;100001394;Дріжджі COOBRA Винні BERGURION 10 г;95.0000;0;1;2026-06-30 23:01:46;2026-07-01 10:43:46
1465746249;100001395;100001395;Дріжджі COOBRA Винні PORTERO 10 г;95.0000;0;1;2026-06-30 23:01:46;2026-07-01 10:43:46
1465746259;100001396;100001396;Дріжджі COOBRA Винні JERRY 10 г;95.0000;0;1;2026-06-30 23:01:47;2026-07-01 10:43:46
1465746256;100001397;100001397;Дріжджі Spirit ferm TC6 BLACK MAGIC 120G;139.0000;2;1;2026-06-30 23:01:47;2026-07-01 10:43:46
1465746253;100001398;100001398;Дріжджі Spirit ferm KOJI MIX;107.0000;0;1;2026-06-30 23:01:46;2026-07-01 10:43:46
1465746251;100001399;100001399;Засіб для освітлення Spirit Ferm SuperKlar 24h;85.0000;0;1;2026-06-30 23:01:46;2026-07-01 10:43:46
1465746252;100001401;100001401;Дріжджі Spirit ferm MIODOWE HY-15 15G;86.0000;0;1;2026-06-30 23:01:46;2026-07-01 10:43:46
1465746250;100001402;100001402;Дріжджі Spirit ferm BAYANUS G995 10G винні;56.0000;0;1;2026-06-30 23:01:46;2026-07-01 10:43:46
1465746470;100001416;100001416;Шланг високого тиску|8х5 мм|прозорий, поліуретановий;30.0000;0;1;2026-06-30 23:01:49;2026-07-01 10:43:46
1465746471;100001640;100001640;"Силіконова прокладка з сіткою для КЛАМП 2&quot;, 0,5 мм";63.0000;2;1;2026-06-30 23:01:50;2026-07-01 10:43:46
1465746261;100001644;100001644;Мюзлеватель, прямокутна ручка;375.0000;5;1;2026-06-30 23:01:47;2026-07-01 10:43:46
1465746265;100001645;100001645;Сушка для пляшок стійка 50/32;1230.0000;0;1;2026-06-30 23:01:47;2026-07-01 10:43:46
1465746266;100001646;100001646;Сушка для пляшок стійка 25/16;720.0000;0;1;2026-06-30 23:01:47;2026-07-01 10:43:46
1465746262;100001647;100001647;Піддон для сушилок;495.0000;0;1;2026-06-30 23:01:47;2026-07-01 10:43:46
1465746415;100001891;100001891;Термоковпачок зі смужкою, прозорий;3.0000;30;1;2026-06-30 23:01:48;2026-07-01 10:43:46
1465746465;100001900;100001900;Коркова пробка для бутля з агломерату 35×25×40 мм;36.0000;3;1;2026-06-30 23:01:49;2026-07-01 10:43:46
1465746466;100001901;100001901;Коркова пробка для бутля з агломерату 45×35×40 мм;36.0000;1;1;2026-06-30 23:01:49;2026-07-01 10:43:46
1465746464;100001907;100001907;Коркова пробка для бутля з агломерату 19×14×38 мм;25.0000;3;1;2026-06-30 23:01:49;2026-07-01 10:43:46
1465746467;100001910;100001910;Коркова пробка для бутля з агломерату 42×38×32 мм;36.0000;3;1;2026-06-30 23:01:49;2026-07-01 10:43:46
1465746472;100001933;100001933;Голковий кран (нержавійка) 1/4 МАМА кутовий;300.0000;1;1;2026-06-30 23:01:50;2026-07-01 10:43:46
1465746469;100002020;100002020;Латунний фітинг для пневмошланга МАМА, 8 мм, різьба 1/2;38.0000;0;1;2026-06-30 23:01:49;2026-07-01 10:43:46
1849;10028606;10028606;Інфрачервоний обігрівач електричний 2 кВт Blumfeldt Hot Roddy;7065.0000;999;0;2026-05-05 10:34:03;2026-07-01 10:43:46
1861;10032516;10032516;Інфрачервоний обігрівач електричний стельовий 2,5 кВт Blumfeldt Camden Heat , manual;8970.0000;998;0;2026-05-05 10:34:03;2026-07-01 10:43:46
1850;10033290;10033290;Інфрачервоний обігрівач електричний 2,7 кВт Blumfeldt Megalith;19880.0000;999;0;2026-05-05 10:34:03;2026-07-01 10:43:46
1863;10033691;10033691;Інфрачервоний обігрівач електричний 2 кВт Blumfeldt Heat Guru Plus L чорний;18455.0000;999;0;2026-05-05 10:34:03;2026-07-01 10:43:46
1856;10033692;10033692;Інфрачервоний обігрівач електричний 2 кВт Blumfeldt Heat Guru Plus L;16610.0000;994;0;2026-05-05 10:34:03;2026-07-01 10:43:46
1848;10035096;10035096;Інфрачервоний обігрівач електричний 1,2 кВт Blumfeldt Heat Guru Plus;7830.0000;999;0;2026-05-05 10:34:03;2026-07-01 10:43:46
1837;10035285;10035285;Інфрачервоний обігрівач електричний стельовий 2 кВт Blumfeldt Heat Hexa;9550.0000;999;0;2026-05-05 10:34:03;2026-07-01 10:43:46
1836;10035346;10035346;Інфрачервоний обігрівач електричний стельовий 2,5 кВт Blumfeldt Camden Heat Deluxe;9850.0000;999;0;2026-05-05 10:34:03;2026-07-01 10:43:46
1838;10035347;10035347;Інфрачервоний обігрівач електричний стельовий 2,1 кВт Blumfeldt Camden Heat Deluxe ( white );9850.0000;999;0;2026-05-05 10:34:03;2026-07-01 10:43:46
1862;10038409;10038409;Розумний інфрачервоний обігрівач 2кВт Blumfeldt Heatbell Tower;17600.0000;999;0;2026-05-05 10:34:03;2026-07-01 10:43:46
1864;10038413;10038413;Інфрачервоний обігрівач електричний 2 кВт Blumfeldt Heatbell Wall Smart;11985.0000;999;0;2026-05-05 10:34:03;2026-07-01 10:43:46
1865;10038417;10038417;Інфрачервоний обігрівач електричний 2 кВт Blumfeldt Heatbell Ceiling Smart;11985.0000;999;0;2026-05-05 10:34:03;2026-07-01 10:43:46
877;100836;100836;Ареометр для цукру АС-3 (0-25%), Україна;240.0000;1;1;2026-06-30 23:01:21;2026-07-01 10:43:46
152;100906;100906;Ареометр для спирту 70-100%, Україна;159.0000;9;1;2026-06-30 23:01:10;2026-07-01 10:43:46
153;100914;100914;Ареометр для цукру з термометром 0-10% АСТ-2;140.0000;0;1;2026-06-30 23:01:10;2026-07-01 10:43:46
154;100918;100918;Ареометр для цукру з термометром 10-20% АСТ-2;140.0000;0;1;2026-06-30 23:01:10;2026-07-01 10:43:46
1018;1018;1018;Дріжджі спиртові Pinnacle M, 500g;1950.0000;0;1;2026-06-30 23:01:23;2026-07-01 10:43:46
1019;1019;1019;Дріжджі Pinnacle MG+ для віскі та бурбону, 500g;4400.0000;0;1;2026-06-30 23:01:23;2026-07-01 10:43:46
1020;1020;1020;Кришка ПЕТ пляшки 28мм, червона;1.0000;642;1;2026-06-30 23:00:20;2026-07-01 10:43:46
1021;1021;1021;Кришка ПЕТ пляшки 28мм, біла;1.0000;924;1;2026-06-30 23:00:20;2026-07-01 10:43:46
1022;1022;1022;Кришка ПЕТ пляшки 28мм, золотиста;1.0000;423;1;2026-06-30 23:00:20;2026-07-01 10:43:46
1033;1033;1033;Лужний хлорвмісний миючий засіб, 22кг;1990.0000;0;1;2026-06-30 23:01:23;2026-07-01 10:43:46
1465745618;1034422164;1034422164;Терморегулятор HEAT PLUS iTeo4 (програмований сенсорний);1944.0000;999;0;2026-05-05 10:29:42;2026-07-01 10:43:46
150;103719;103719;Ареометр для спирту 0-40%, Україна;146.0000;7;1;2026-06-30 23:01:09;2026-07-01 10:43:46
149;103745;103745;Ареометр АЗП-2 1000-1080 ГОСТ 18481-81;197.0000;0;1;2026-06-30 23:01:09;2026-07-01 10:43:46
664;10400;10400;400-літровий транспортний контейнер;1.0000;0;0;2026-06-30 23:00:14;2026-07-01 10:43:46
151;105062;105062;Ареометр для спирту 40-70%, Україна;159.0000;10;1;2026-06-30 23:01:10;2026-07-01 10:43:46
665;10600;10600;600-літровий транспортний контейнер;1.0000;0;0;2026-06-30 23:00:14;2026-07-01 10:43:46
1063;1063;1063;Солодовий екстракт ячмінний світлий, 5кг;599.0000;0;1;2026-06-30 23:01:24;2026-07-01 10:43:46
1065;1065;1065;Солодовий екстракт пшеничний світлий 5кг;620.0000;1;1;2026-06-30 23:01:24;2026-07-01 10:43:46
1066;1066;1066;Солодовий екстракт пшеничний світлий 14кг;1647.0000;0;1;2026-06-30 23:01:24;2026-07-01 10:43:46
1067;1067;1067;Солодовий екстракт ячмінний світлий 14кг;1588.0000;5;1;2026-06-30 23:01:24;2026-07-01 10:43:46
1465746271;1067-2;1067-2;Солодовий екстракт ячмінний карамельний 14кг;1670.0000;5;1;2026-06-30 23:01:47;2026-07-01 10:43:46
1465745226;1067314717;1067314717;"Металокерамічний дизайн-обігрівач UDEN-500D &quot;Спокій&quot;";6104.0000;999;0;2026-05-05 10:34:03;2026-07-01 10:43:46
1465745228;1067340015;1067340015;"Металокерамічний дизайн-обігрівач UDEN-500D &quot;Шелест&quot;";6104.0000;999;0;2026-05-05 10:34:03;2026-07-01 10:43:46
1465745358;1067344170;1067344170;"Металокерамічний дизайн-обігрівач UDEN-700 &quot;Тиша&quot;";6429.0000;999;0;2026-05-05 10:34:03;2026-07-01 10:43:46
1465745380;1067346413;1067346413;"Металокерамічний дизайн-обігрівач UDEN-S &quot;Вічність&quot; (триптих)";17705.0000;999;0;2026-05-05 10:34:03;2026-07-01 10:43:46
1068;1068;1068;Солодовий екстракт пшеничний охмілений 5кг;539.0000;0;1;2026-06-30 23:01:24;2026-07-01 10:43:46
1075;1075;1075;Стакан вимірювальний 400мл;99.0000;1;1;2026-06-30 23:01:24;2026-07-01 10:43:46
1076;1076;1076;Кронен кришка чорна 26мм, 50шт.;30.0000;923;1;2026-06-30 23:00:22;2026-07-01 10:43:46
269;10812791277711V;10812791277711V;Пивні дріжджі Nottingham Ale (Ноттингем), 11 гр;247.0000;25;1;2026-06-30 23:01:11;2026-07-01 10:43:46
1465744471;1087213273;1087213273;"Керамогранітний обігрівач KEN-500 &quot;Вів'єн&quot;";4800.0000;999;0;2026-05-05 10:34:03;2026-07-01 10:43:46
1465745294;1178968849;1178968849;"Металокерамічний дизайн-обігрівач UDEN-700 &quot;Дерево життя&quot;";7052.0000;999;0;2026-05-05 10:34:03;2026-07-01 10:43:46
1465745230;1212256272;1212256272;"Металокерамічний дизайн-обігрівач UDEN-500К &quot;Авокадо&quot;";6104.0000;999;0;2026-05-05 10:34:03;2026-07-01 10:43:46
1465745196;1212433564;1212433564;"Металокерамічний дизайн-обігрівач UDEN-500 &quot;Аннапурна&quot;";5710.0000;999;0;2026-05-05 10:34:03;2026-07-01 10:43:46
1465745233;1212435026;1212435026;"Металокерамічний дизайн-обігрівач UDEN-500К &quot;Вишні&quot;";6104.0000;999;0;2026-05-05 10:34:03;2026-07-01 10:43:46
1465745277;1212436408;1212436408;"Металокерамічний дизайн-обігрівач UDEN-700 &quot;Аурум&quot;";6015.0000;999;0;2026-05-05 10:34:03;2026-07-01 10:43:46
1465745274;1212437356;1212437356;"Металокерамічний дизайн-обігрівач UDEN-700 &quot;Аргентум&quot;";6015.0000;999;0;2026-05-05 10:34:03;2026-07-01 10:43:46
1465745241;1212438398;1212438398;"Металокерамічний дизайн-обігрівач UDEN-500К &quot;Інжир&quot;";6104.0000;999;0;2026-05-05 10:34:03;2026-07-01 10:43:46
1465745248;1212438819;1212438819;"Металокерамічний дизайн-обігрівач UDEN-500К &quot;Мандарин&quot;";6104.0000;999;0;2026-05-05 10:34:03;2026-07-01 10:43:46
1465745199;1212439519;1212439519;"Металокерамічний дизайн-обігрівач UDEN-500 &quot;Еверест&quot;";5710.0000;999;0;2026-05-05 10:34:03;2026-07-01 10:43:46
1465745342;1212440054;1212440054;"Металокерамічний дизайн-обігрівач UDEN-700 &quot;Поцілунок&quot;";7052.0000;0;0;2026-05-05 10:34:03;2026-07-01 10:43:46
1465745381;1212443940;1212443940;"Металокерамічний дизайн-обігрівач UDEN-S &quot;Гірська долина&quot; (диптих)";10849.0000;999;0;2026-05-05 10:34:03;2026-07-01 10:43:46
1465745387;1212671229;1212671229;"Металокерамічний дизайн-обігрівач UDEN-S &quot;Насолода&quot; (квадриптих)";23195.0000;999;0;2026-05-05 10:34:03;2026-07-01 10:43:46
1465745615;1221393717;1221393717;Ніжки-підставки для обігрівачів KEN-500, KEN-600 (чорні);350.0000;999;0;2026-05-05 10:29:42;2026-07-01 10:43:46
1465744987;1225727902;1225727902;"Керамогранітний обігрівач KEN-600 &quot;Ізморозь жаккард&quot; кораловий";6000.0000;999;0;2026-05-05 10:34:03;2026-07-01 10:43:46
1465744681;1225874853;1225874853;"Керамогранітний обігрівач KEN-500 &quot;Полотно жаккард&quot; полуничний";5400.0000;999;0;2026-05-05 10:34:03;2026-07-01 10:43:46
1465744942;1225928550;1225928550;"Керамогранітний обігрівач KEN-600 &quot;Гранж жаккард&quot; кораловий";6000.0000;999;0;2026-05-05 10:34:03;2026-07-01 10:43:46
1227;1227;1227;Хміль Simcoe® (USA) 50 g;200.0000;0;1;2026-06-30 23:01:25;2026-07-01 10:43:46
1229;1229;1229;Таблетки Whirlfloc T 10 шт - засіб для освітлення гарячого сусла;110.0000;87;1;2026-06-30 23:01:25;2026-07-01 10:43:46
1230;1230;1230;Ірландський мох 100 г - засіб для освітлення гарячого сусла;161.0000;0;1;2026-06-30 23:01:25;2026-07-01 10:43:46
1465745561;1231283488;1231283488;"Металокерамічний обігрівач UDEN-700 &quot;універсал&quot; з ДУ + ніжка-підставка";6268.0000;999;0;2026-05-05 10:34:03;2026-07-01 10:43:46
1465745490;1233425095;1233425095;"Металокерамічний обігрівач UDEN-500 &quot;універсал&quot; з ДК";5538.0000;999;0;2026-05-05 10:34:03;2026-07-01 10:43:46
1465745511;1233427460;1233427460;"Металокерамічний обігрівач UDEN-500D &quot;універсал&quot; з ДК";5538.0000;999;0;2026-05-05 10:34:03;2026-07-01 10:43:46
1465745538;1233431278;1233431278;"Металокерамічний обігрівач UDEN-500К &quot;універсал&quot; з ДУ";5538.0000;999;0;2026-05-05 10:34:03;2026-07-01 10:43:46
1465745469;1233432411;1233432411;"Металокерамічний обігрівач UDEN-300 &quot;універсал&quot; з ДК";4800.0000;999;0;2026-05-05 10:34:03;2026-07-01 10:43:46
1465745454;1233435409;1233435409;"Металокерамічний обігрівач UDEN-250 &quot;універсал&quot; з ДУ";4600.0000;999;0;2026-05-05 10:34:03;2026-07-01 10:43:46
1465744577;1238618422;1238618422;"Керамогранітний обігрівач KEN-500 &quot;Ізморозь жаккард&quot; медовий";5400.0000;0;0;2026-05-05 10:34:03;2026-07-01 10:43:46
1465744570;1238626658;1238626658;"Керамогранітний обігрівач KEN-500 &quot;Ізморозь жаккард&quot; кораловий";5400.0000;999;0;2026-05-05 10:34:03;2026-07-01 10:43:46
1465744585;1238669476;1238669476;"Керамогранітний обігрівач KEN-500 &quot;Ізморозь жаккард&quot; горіховий";5400.0000;999;0;2026-05-05 10:34:03;2026-07-01 10:43:46
1465744704;1239314934;1239314934;"Керамогранітний обігрівач KEN-500 &quot;Полотно жаккард&quot; горіховий";5400.0000;999;0;2026-05-05 10:34:03;2026-07-01 10:43:46
1465744988;1239325241;1239325241;"Керамогранітний обігрівач KEN-600 &quot;Ізморозь жаккард&quot; кораловий";6000.0000;999;0;2026-05-05 10:34:03;2026-07-01 10:43:46
1245;1245;1245;Дріжджі для КВАСУ VI-A-DRY PDM, 500g;1181.0000;12;1;2026-06-30 23:01:25;2026-07-01 10:43:46
1246;1246;1246;Дріжджі для КВАСУ VI-A-DRY PDM, 25гр;94.0000;15;1;2026-06-30 23:01:25;2026-07-01 10:43:46
1247;1247;1247;"Відвід нержавіючий 90 КЛАМП 3&quot; дюйми DN76 AISI304";720.0000;5;1;2026-06-30 23:01:25;2026-07-01 10:43:46
1248;1248;1248;"Перехід короткий 2&quot;";480.0000;5;1;2026-06-30 23:01:25;2026-07-01 10:43:46
1249;1249;1249;Хомут із шарніром на перегінний куб 37л;680.0000;999;1;2026-06-30 23:00:23;2026-07-01 10:43:46
1465744818;1249488434;1249488434;"Керамогранітний обігрівач KEN-500K &quot;Космос жаккард&quot;";5400.0000;999;0;2026-05-05 10:34:03;2026-07-01 10:43:46
1465744709;1249610604;1249610604;"Керамогранітний обігрівач KEN-500 &quot;Полотно жаккард&quot; персиковий";5400.0000;999;0;2026-05-05 10:34:03;2026-07-01 10:43:46
1465744997;1249896290;1249896290;"Керамогранітний обігрівач KEN-600 &quot;Ізморозь жаккард&quot; медовий";6000.0000;999;0;2026-05-05 10:34:03;2026-07-01 10:43:46
1465744699;1249898497;1249898497;"Керамогранітний обігрівач KEN-500 &quot;Полотно жаккард&quot; нефритовий";5400.0000;999;0;2026-05-05 10:34:03;2026-07-01 10:43:46
1465744588;1249899420;1249899420;"Керамогранітний обігрівач KEN-500 &quot;Ізморозь жаккард&quot; рудий";5400.0000;999;0;2026-05-05 10:34:03;2026-07-01 10:43:46
1465744966;1249905683;1249905683;"Керамогранітний обігрівач KEN-600 &quot;Гранж жаккард&quot; рудий";6000.0000;999;0;2026-05-05 10:34:03;2026-07-01 10:43:46
1465744794;1250205273;1250205273;"Керамогранітний обігрівач KEN-500K &quot;Глянець&quot; бежевий";8640.0000;999;0;2026-05-05 10:34:03;2026-07-01 10:43:46
1465744543;1254101243;1254101243;"Керамогранітний обігрівач KEN-500 &quot;Гранж жаккард&quot; персиковий";5400.0000;999;0;2026-05-05 10:34:03;2026-07-01 10:43:46
1465744717;1254103649;1254103649;"Керамогранітний обігрівач KEN-500 &quot;Полотно жаккард&quot; шоколадний";5400.0000;999;0;2026-05-05 10:34:03;2026-07-01 10:43:46
1465744574;1254250372;1254250372;"Керамогранітний обігрівач KEN-500 &quot;Ізморозь жаккард&quot; малиновий";5400.0000;999;0;2026-05-05 10:34:03;2026-07-01 10:43:46
1465744937;1254250478;1254250478;"Керамогранітний обігрівач KEN-600 &quot;Гранж жаккард&quot; полуничний";6000.0000;999;0;2026-05-05 10:34:03;2026-07-01 10:43:46
1465744985;1254279490;1254279490;"Керамогранітний обігрівач KEN-600 &quot;Ізморозь жаккард&quot; полуничний";6000.0000;999;0;2026-05-05 10:34:03;2026-07-01 10:43:46
1465744668;1254859010;1254859010;"Керамогранітний обігрівач KEN-500 &quot;Філігри жаккард&quot; шоколадний";5400.0000;999;0;2026-05-05 10:34:03;2026-07-01 10:43:46
1465744590;1254898062;1254898062;"Керамогранітний обігрівач KEN-500 &quot;Ізморозь жаккард&quot; шоколадний";5400.0000;999;0;2026-05-05 10:34:03;2026-07-01 10:43:46
1465744591;1254901755;1254901755;"Керамогранітний обігрівач KEN-500 &quot;Ізморозь жаккард&quot; шоколадний";5400.0000;999;0;2026-05-05 10:34:03;2026-07-01 10:43:46
1465744519;1255100370;1255100370;"Керамогранітний обігрівач KEN-500 &quot;Гранж жаккард&quot; полуничний";5400.0000;999;0;2026-05-05 10:34:03;2026-07-01 10:43:46
1967;1258;1258;Мідний чайник з порцеляновою ручкою;3500.0000;3;1;2026-06-30 23:00:45;2026-07-01 10:43:46
1962;1258M;1258M;Мідний кований чайник з порцеляновою ручкою;2655.0000;0;1;2026-06-30 23:00:45;2026-07-01 10:43:46
1465744687;1261872071;1261872071;"Керамогранітний обігрівач KEN-500 &quot;Полотно жаккард&quot; малахітовий";5400.0000;999;0;2026-05-05 10:34:03;2026-07-01 10:43:46
1465744916;1261874429;1261874429;"Керамогранітний обігрівач KEN-600 &quot;Гранж жаккард&quot; аквамариновий";6000.0000;0;0;2026-05-05 10:34:03;2026-07-01 10:43:46
1465744674;1261876725;1261876725;"Керамогранітний обігрівач KEN-500 &quot;Полотно жаккард&quot; аквамариновий";5400.0000;0;0;2026-05-05 10:34:03;2026-07-01 10:43:46
1465744482;1261885075;1261885075;"Керамогранітний обігрівач KEN-500 &quot;Глянець&quot; кварцовий";6376.0000;0;0;2026-05-05 10:34:03;2026-07-01 10:43:46
1465744733;1261892013;1261892013;"Керамогранітний обігрівач KEN-500D &quot;Глянець&quot; оливковий";8640.0000;999;0;2026-05-05 10:34:03;2026-07-01 10:43:46
1465744886;1261900317;1261900317;"Керамогранітний обігрівач KEN-600 &quot;Глянець&quot; бежевий";6915.0000;0;0;2026-05-05 10:34:03;2026-07-01 10:43:46
1465745045;1261920592;1261920592;"Керамогранітний обігрівач KEN-600 &quot;Космос жаккард&quot; нефритовий";6000.0000;999;0;2026-05-05 10:34:03;2026-07-01 10:43:46
1465745020;1261949888;1261949888;"Керамогранітний обігрівач KEN-600 &quot;Космос жаккард&quot; аквамариновий";6000.0000;0;0;2026-05-05 10:34:03;2026-07-01 10:43:46
1465745090;1261967348;1261967348;"Керамогранітний обігрівач KEN-600 &quot;Полотно жаккард&quot; аквамариновий";6000.0000;0;0;2026-05-05 10:34:03;2026-07-01 10:43:46
1465744783;1261988592;1261988592;"Керамогранітний обігрівач KEN-500D &quot;Полотно жаккард&quot; аквамариновий";5400.0000;0;0;2026-05-05 10:34:03;2026-07-01 10:43:46
1465744582;1262060632;1262060632;"Керамогранітний обігрівач KEN-500 &quot;Ізморозь жаккард&quot; нефритовий";5400.0000;0;0;2026-05-05 10:34:03;2026-07-01 10:43:46
1465744613;1262061793;1262061793;"Керамогранітний обігрівач KEN-500 &quot;Космос жаккард&quot; м'ятний";5400.0000;999;0;2026-05-05 10:34:03;2026-07-01 10:43:46
1465745002;1262062651;1262062651;"Керамогранітний обігрівач KEN-600 &quot;Ізморозь жаккард&quot; м'ятний";6000.0000;999;0;2026-05-05 10:34:03;2026-07-01 10:43:46
1465744700;1262064023;1262064023;"Керамогранітний обігрівач KEN-500 &quot;Полотно жаккард&quot; нефритовий";5400.0000;999;0;2026-05-05 10:34:03;2026-07-01 10:43:46
1465744663;1262142652;1262142652;"Керамогранітний обігрівач KEN-500 &quot;Філігри жаккард&quot; нефритовий";5400.0000;999;0;2026-05-05 10:34:03;2026-07-01 10:43:46
1465744618;1262142808;1262142808;"Керамогранітний обігрівач KEN-500 &quot;Космос жаккард&quot; нефритовий";5400.0000;0;0;2026-05-05 10:34:03;2026-07-01 10:43:46
1465744710;1262142853;1262142853;"Керамогранітний обігрівач KEN-500 &quot;Полотно жаккард&quot; персиковий";5400.0000;999;0;2026-05-05 10:34:03;2026-07-01 10:43:46
1465744731;1262146873;1262146873;"Керамогранітний обігрівач KEN-500D &quot;Глянець&quot; медовий";8640.0000;999;0;2026-05-05 10:34:03;2026-07-01 10:43:46
1465745121;1262149840;1262149840;"Керамогранітний обігрівач KEN-600 &quot;Полотно жаккард&quot; горіховий";6000.0000;999;0;2026-05-05 10:34:03;2026-07-01 10:43:46
1465744705;1262150176;1262150176;"Керамогранітний обігрівач KEN-500 &quot;Полотно жаккард&quot; горіховий";5400.0000;999;0;2026-05-05 10:34:03;2026-07-01 10:43:46
1465745012;1262150742;1262150742;"Керамогранітний обігрівач KEN-600 &quot;Ізморозь жаккард&quot; горіховий";6000.0000;999;0;2026-05-05 10:34:03;2026-07-01 10:43:46
1465745100;1262152639;1262152639;"Керамогранітний обігрівач KEN-600 &quot;Полотно жаккард&quot; полуничний";6000.0000;999;0;2026-05-05 10:34:03;2026-07-01 10:43:46
1465744689;1262154771;1262154771;"Керамогранітний обігрівач KEN-500 &quot;Полотно жаккард&quot; малиновий";5400.0000;999;0;2026-05-05 10:34:03;2026-07-01 10:43:46
1465745106;1262155005;1262155005;"Керамогранітний обігрівач KEN-600 &quot;Полотно жаккард&quot; малиновий";6000.0000;999;0;2026-05-05 10:34:03;2026-07-01 10:43:46
1465744977;1262158429;1262158429;"Керамогранітний обігрівач KEN-600 &quot;Ізморозь жаккард&quot; кварцовий";6000.0000;999;0;2026-05-05 10:34:03;2026-07-01 10:43:46
1465744589;1262158652;1262158652;"Керамогранітний обігрівач KEN-500 &quot;Ізморозь жаккард&quot; рудий";5400.0000;999;0;2026-05-05 10:34:03;2026-07-01 10:43:46
1465745054;1262161034;1262161034;"Керамогранітний обігрівач KEN-600 &quot;Космос жаккард&quot;";4939.0000;0;0;2026-05-05 10:34:03;2026-07-01 10:43:46
1465744745;1262264675;1262264675;"Керамогранітний обігрівач KEN-500D &quot;Гранж жаккард&quot; медовий";5400.0000;999;0;2026-05-05 10:34:03;2026-07-01 10:43:46
1465744776;1262267780;1262267780;"Керамогранітний обігрівач KEN-500D &quot;Філігри жаккард&quot; бежевий";5400.0000;999;0;2026-05-05 10:34:03;2026-07-01 10:43:46
1465744819;1262269341;1262269341;"Керамогранітний обігрівач KEN-500K &quot;Філігри жаккард&quot; кварцовий";5400.0000;999;0;2026-05-05 10:34:03;2026-07-01 10:43:46
1465744778;1262270847;1262270847;"Керамогранітний обігрівач KEN-500D &quot;Філігри жаккард&quot; кварцовий";5400.0000;999;0;2026-05-05 10:34:03;2026-07-01 10:43:46
1465744685;1262287698;1262287698;"Керамогранітний обігрівач KEN-500 &quot;Полотно жаккард&quot; кораловий";5400.0000;999;0;2026-05-05 10:34:03;2026-07-01 10:43:46
1465744786;1262399688;1262399688;"Керамогранітний обігрівач KEN-500D &quot;Полотно жаккард&quot; джинс";4554.0000;0;0;2026-05-05 10:34:03;2026-07-01 10:43:46
1465744949;1262410083;1262410083;"Керамогранітний обігрівач KEN-600 &quot;Гранж жаккард&quot; мармуровий";6000.0000;999;0;2026-05-05 10:34:03;2026-07-01 10:43:46
1465745039;1262626375;1262626375;"Керамогранітний обігрівач KEN-600 &quot;Космос жаккард&quot; меланж";6000.0000;999;0;2026-05-05 10:34:03;2026-07-01 10:43:46
1465744483;1262652129;1262652129;"Керамогранітний обігрівач KEN-500 &quot;Глянець&quot; кварцовий";8640.0000;999;0;2026-05-05 10:34:03;2026-07-01 10:43:46
1465744484;1262652585;1262652585;"Керамогранітний обігрівач KEN-500 &quot;Глянець&quot; кварцовий";8640.0000;999;0;2026-05-05 10:34:03;2026-07-01 10:43:46
1465744610;1262654186;1262654186;"Керамогранітний обігрівач KEN-500 &quot;Космос жаккард&quot; меланж";5400.0000;999;0;2026-05-05 10:34:03;2026-07-01 10:43:46
1465744703;1262655260;1262655260;"Керамогранітний обігрівач KEN-500 &quot;Полотно жаккард&quot; онікс";5400.0000;999;0;2026-05-05 10:34:03;2026-07-01 10:43:46
1465744584;1262656400;1262656400;"Керамогранітний обігрівач KEN-500 &quot;Ізморозь жаккард&quot; опал";5400.0000;999;0;2026-05-05 10:34:03;2026-07-01 10:43:46
1465744579;1262667931;1262667931;"Керамогранітний обігрівач KEN-500 &quot;Ізморозь жаккард&quot; мармуровий";5400.0000;999;0;2026-05-05 10:34:03;2026-07-01 10:43:46
1465745041;1262671237;1262671237;"Керамогранітний обігрівач KEN-600 &quot;Космос жаккард&quot; мармуровий";6000.0000;0;0;2026-05-05 10:34:03;2026-07-01 10:43:46
1465744791;1262673638;1262673638;"Керамогранітний обігрівач KEN-500D &quot;Полотно жаккард&quot; опал";5400.0000;999;0;2026-05-05 10:34:03;2026-07-01 10:43:46
1465745047;1262677747;1262677747;"Керамогранітний обігрівач KEN-600 &quot;Космос жаккард&quot; онікс";6000.0000;999;0;2026-05-05 10:34:03;2026-07-01 10:43:46
1465744694;1262684266;1262684266;"Керамогранітний обігрівач KEN-500 &quot;Полотно жаккард&quot; мармуровий";5400.0000;999;0;2026-05-05 10:34:03;2026-07-01 10:43:46
1465744749;1262689815;1262689815;"Керамогранітний обігрівач KEN-500D &quot;Гранж жаккард&quot; персиковий";5400.0000;999;0;2026-05-05 10:34:03;2026-07-01 10:43:46
1264;1264;1264;Таблетки Whirlfloc T 1 кг - засіб для освітлення гарячого сусла;3741.0000;5;1;2026-06-30 23:01:25;2026-07-01 10:43:46
1465745968;12699466;12699466;Мідна тарілка (для скляних ковпачкових колон) 4 дюйма ;360.0000;999;1;2026-06-30 23:00:51;2026-07-01 10:43:46
1273;1273;1273;Хміль Amarillo® Brand (50гр) α-7,7%;205.0000;0;1;2026-06-30 23:01:26;2026-07-01 10:43:46
1277;1277;1277;Дріжджі для сидру SafCider™ AC-4, 500g;2956.0000;5;1;2026-06-30 23:01:26;2026-07-01 10:43:46
1280;1280;1280;"Колона для подовження 4&quot;";3820.0000;5;1;2026-06-30 23:01:26;2026-07-01 10:43:46
1281;1281;1281;Надоцтова кислота 1кг;315.0000;0;1;2026-06-30 23:01:26;2026-07-01 10:43:46
1293;1293;1293;Миючий дезинфікуючий засіб Бланідас-Ц Стар 1 кг;210.0000;6;1;2026-06-30 23:01:26;2026-07-01 10:43:46
1465744485;1293360784;1293360784;"Керамогранітний обігрівач KEN-500 &quot;Глянець&quot; кварцовий";8640.0000;999;0;2026-05-05 10:34:03;2026-07-01 10:43:46
1465744799;1293374431;1293374431;"Керамогранітний обігрівач KEN-500K &quot;Глянець&quot; кварцовий";8640.0000;999;0;2026-05-05 10:34:03;2026-07-01 10:43:46
1465744795;1293378326;1293378326;"Керамогранітний обігрівач KEN-500K &quot;Глянець&quot; бежевий";8640.0000;999;0;2026-05-05 10:34:03;2026-07-01 10:43:46
1465744800;1293384722;1293384722;"Керамогранітний обігрівач KEN-500K &quot;Глянець&quot; кварцовий";8640.0000;999;0;2026-05-05 10:34:03;2026-07-01 10:43:46
1465744664;1293392297;1293392297;"Керамогранітний обігрівач KEN-500 &quot;Філігри жаккард&quot; опал";5400.0000;999;0;2026-05-05 10:34:03;2026-07-01 10:43:46
1294;1294;1294;Дріжджі для квасу SafKvas™ C-73, 0.5kg;2956.0000;5;1;2026-06-30 23:01:26;2026-07-01 10:43:46
1297;1297;1297;Метабісульфіт (піросульфіт) калію 100 гр;60.0000;10;1;2026-06-30 23:01:26;2026-07-01 10:43:46
1298;1298;1298;Метабісульфіт (піросульфіт) калію 10 гр;30.0000;9;1;2026-06-30 23:01:26;2026-07-01 10:43:46
1465744899;1298471031;1298471031;"Керамогранітний обігрівач KEN-600 &quot;Глянець&quot; кварцовий";9600.0000;0;0;2026-05-05 10:34:03;2026-07-01 10:43:46
1465744486;1298492601;1298492601;"Керамогранітний обігрівач KEN-500 &quot;Глянець&quot; кварцовий";8640.0000;999;0;2026-05-05 10:34:03;2026-07-01 10:43:46
1299;1299;1299;Метабісульфіт (піросульфіт) калію 1 кг;424.0000;22;1;2026-06-30 23:01:26;2026-07-01 10:43:46
1465746023;13009;13009;Метабісульфіт (піросульфіт) калію 25 кг;382.0000;0;1;2026-06-30 23:01:26;2026-07-01 10:43:46
1305;1305;1305;Мікроелементне живлення Go-Ferm Protect 1кг;2400.0000;2;1;2026-06-30 23:01:26;2026-07-01 10:43:46
1306;1306;1306;Концентрат квасного сусла (ККС), 1,3 кг;204.0000;1;1;2026-06-30 23:01:26;2026-07-01 10:43:46
1307;1307;1307;Дріжджі для квасу SafKvas™ C-73, 25гр;189.0000;0;1;2026-06-30 23:01:26;2026-07-01 10:43:46
1465744887;1307183516;1307183516;"Керамогранітний обігрівач KEN-600 &quot;Глянець&quot; бежевий";9600.0000;999;0;2026-05-05 10:34:03;2026-07-01 10:43:46
1465744477;1307191127;1307191127;"Керамогранітний обігрівач KEN-500 &quot;Глянець&quot; бежевий";8640.0000;999;0;2026-05-05 10:34:03;2026-07-01 10:43:46
1465744812;1307198523;1307198523;"Керамогранітний обігрівач KEN-500K &quot;Ізморозь жаккард&quot; нефритовий";5400.0000;999;0;2026-05-05 10:34:03;2026-07-01 10:43:46
1465744900;1307221067;1307221067;"Керамогранітний обігрівач KEN-600 &quot;Глянець&quot; кварцовий";9600.0000;999;0;2026-05-05 10:34:03;2026-07-01 10:43:46
1465744673;1307233409;1307233409;"Керамогранітний обігрівач KEN-500 &quot;Полотно жакард&quot; м'ятний";5400.0000;999;0;2026-05-05 10:34:03;2026-07-01 10:43:46
1465744662;1307234921;1307234921;"Керамогранітний обігрівач KEN-500 &quot;Філігри жаккард&quot; м'ятний";5400.0000;999;0;2026-05-05 10:34:03;2026-07-01 10:43:46
1465744898;1307312000;1307312000;"Керамогранітний обігрівач KEN-600 &quot;Глянець&quot; какао";9600.0000;999;0;2026-05-05 10:34:03;2026-07-01 10:43:46
1308;1308;1308;Мікроелементне живлення Go-Ferm Protect 25g;94.0000;29;1;2026-06-30 23:01:26;2026-07-01 10:43:46
1465745947;130MF;130MF;Самогонний апарат Магнум Фермер Ковпачкова колона 130л/4 дюйма ;48570.0000;999;1;2026-06-30 23:00:50;2026-07-01 10:43:46
1316;1316;1316;Винні дріжджі UVAFERM CEG 25g;95.0000;11;1;2026-06-30 23:01:26;2026-07-01 10:43:46
1317;1317;1317;Дріжджі для сидру SafCider™ AC-4, 25g;165.0000;9;1;2026-06-30 23:01:26;2026-07-01 10:43:46
1326;1326;1326;Набір для пива Англійський Портер Porter English Style 20л;680.0000;998;1;2026-06-30 23:00:25;2026-07-01 10:43:46
1465744676;1329147121;1329147121;"Керамогранітний обігрівач KEN-500 &quot;Полотно жаккард&quot; какао";5400.0000;999;0;2026-05-05 10:34:03;2026-07-01 10:43:46
1465744626;1331614494;1331614494;"Керамогранітний обігрівач KEN-500 &quot;Космос жаккард&quot; родоніт";5400.0000;999;0;2026-05-05 10:34:03;2026-07-01 10:43:46
1465744539;1331618792;1331618792;"Керамогранітний обігрівач KEN-500 &quot;Гранж жаккард&quot; горіховий";5400.0000;999;0;2026-05-05 10:34:03;2026-07-01 10:43:46
1465744586;1331634019;1331634019;"Керамогранітний обігрівач KEN-500 &quot;Ізморозь жаккард&quot; горіховий";5400.0000;999;0;2026-05-05 10:34:03;2026-07-01 10:43:46
1465744706;1331638586;1331638586;"Керамогранітний обігрівач KEN-500 &quot;Полотно жаккард&quot; горіховий";5400.0000;999;0;2026-05-05 10:34:03;2026-07-01 10:43:46
1465745122;1331647709;1331647709;"Керамогранітний обігрівач KEN-600 &quot;Полотно жаккард&quot; горіховий";6000.0000;999;0;2026-05-05 10:34:03;2026-07-01 10:43:46
1465744566;1331667102;1331667102;"Керамогранітний обігрівач KEN-500 &quot;Ізморозь жаккард&quot; какао";5400.0000;999;0;2026-05-05 10:34:03;2026-07-01 10:43:46
1465745107;1331677555;1331677555;"Керамогранітний обігрівач KEN-600 &quot;Полотно жаккард&quot; малиновий";6000.0000;999;0;2026-05-05 10:34:03;2026-07-01 10:43:46
1465744993;1331684268;1331684268;"Керамогранітний обігрівач KEN-600 &quot;Ізморозь жаккард&quot; малиновий";6000.0000;999;0;2026-05-05 10:34:03;2026-07-01 10:43:46
1465745095;1331746314;1331746314;"Керамогранітний обігрівач KEN-600 &quot;Полотно жаккард&quot; какао";6000.0000;999;0;2026-05-05 10:34:03;2026-07-01 10:43:46
1465744575;1331748128;1331748128;"Керамогранітний обігрівач KEN-500 &quot;Ізморозь жаккард&quot; малиновий";5400.0000;999;0;2026-05-05 10:34:03;2026-07-01 10:43:46
1465744677;1331751546;1331751546;"Керамогранітний обігрівач KEN-500 &quot;Полотно жаккард&quot; какао";5400.0000;999;0;2026-05-05 10:34:03;2026-07-01 10:43:46
1465744670;1331895835;1331895835;"Керамогранітний обігрівач KEN-500 &quot;Філігрі шовк&quot; горіховий";5940.0000;999;0;2026-05-05 10:34:03;2026-07-01 10:43:46
1465745019;1331899297;1331899297;"Керамогранітний обігрівач KEN-600 &quot;Ізморозь шовк&quot; полуничний";5433.0000;0;0;2026-05-05 10:34:03;2026-07-01 10:43:46
1465744682;1331906016;1331906016;"Керамогранітний обігрівач KEN-500 &quot;Полотно жаккард&quot; полуничний";5400.0000;999;0;2026-05-05 10:34:03;2026-07-01 10:43:46
1465744690;1331911318;1331911318;"Керамогранітний обігрівач KEN-500 &quot;Полотно жаккард&quot; малиновий";5400.0000;999;0;2026-05-05 10:34:03;2026-07-01 10:43:46
1465744840;1331914722;1331914722;"Керамогранітний обігрівач KEN-500К &quot;Гранж жаккард&quot; полуничний";5400.0000;0;0;2026-05-05 10:34:03;2026-07-01 10:43:46
1465745101;1332153550;1332153550;"Керамогранітний обігрівач KEN-600 &quot;Полотно жаккард&quot; полуничний";6000.0000;999;0;2026-05-05 10:34:03;2026-07-01 10:43:46
1465745025;1332446021;1332446021;"Керамогранітний обігрівач KEN-600 &quot;Космос жаккард&quot; полуничний";6000.0000;999;0;2026-05-05 10:34:03;2026-07-01 10:43:46
1465744788;1332451106;1332451106;"Керамогранітний обігрівач KEN-500D &quot;Полотно жаккард&quot; полуничний";5400.0000;999;0;2026-05-05 10:34:03;2026-07-01 10:43:46
1465744855;1332456035;1332456035;"Керамогранітний обігрівач KEN-500К &quot;Ізморозь жаккард&quot; кварцовий";5400.0000;0;0;2026-05-05 10:34:03;2026-07-01 10:43:46
1465744491;1332462905;1332462905;"Керамогранітний обігрівач KEN-500 &quot;Глянець&quot; малиновий";8640.0000;999;0;2026-05-05 10:34:03;2026-07-01 10:43:46
1465744494;1332464137;1332464137;"Керамогранітний обігрівач KEN-500 &quot;Глянець&quot; мармуровий";8640.0000;999;0;2026-05-05 10:34:03;2026-07-01 10:43:46
1465745052;1332466602;1332466602;"Керамогранітний обігрівач KEN-600 &quot;Космос жаккард&quot; горіховий";6000.0000;999;0;2026-05-05 10:34:03;2026-07-01 10:43:46
1465745013;1332469583;1332469583;"Керамогранітний обігрівач KEN-600 &quot;Ізморозь жаккард&quot; горіховий";6000.0000;999;0;2026-05-05 10:34:03;2026-07-01 10:43:46
1465744481;1332509816;1332509816;"Керамогранітний обігрівач KEN-500 &quot;Глянець&quot; джинс";8640.0000;0;0;2026-05-05 10:34:03;2026-07-01 10:43:46
1465744493;1332511412;1332511412;"Керамогранітний обігрівач KEN-500 &quot;Глянець&quot; меланж";8640.0000;999;0;2026-05-05 10:34:03;2026-07-01 10:43:46
1465745138;1332514249;1332514249;"Керамогранітний обігрівач KEN-700 &quot;Глянець&quot; персиковий";10400.0000;999;0;2026-05-05 10:34:03;2026-07-01 10:43:46
1465744851;1332655003;1332655003;"Керамогранітний обігрівач KEN-500К &quot;Ізморозь жаккард&quot; аквамариновий";5400.0000;0;0;2026-05-05 10:34:03;2026-07-01 10:43:46
1465745046;1332659261;1332659261;"Керамогранітний обігрівач KEN-600 &quot;Космос жаккард&quot; нефритовий";6000.0000;999;0;2026-05-05 10:34:03;2026-07-01 10:43:46
1465744533;1332692182;1332692182;"Керамогранітний обігрівач KEN-500 &quot;Гранж жаккард&quot; нефритовий";5400.0000;999;0;2026-05-05 10:34:03;2026-07-01 10:43:46
1465744623;1332697912;1332697912;"Керамогранітний обігрівач KEN-500 &quot;Космос жаккард&quot; горіховий";5400.0000;999;0;2026-05-05 10:34:03;2026-07-01 10:43:46
1465744696;1333142882;1333142882;"Керамогранітний обігрівач KEN-500 &quot;Полотно жаккард&quot; м'ятний";5400.0000;999;0;2026-05-05 10:34:03;2026-07-01 10:43:46
1465744532;1333144532;1333144532;"Керамогранітний обігрівач KEN-500 &quot;Гранж жаккард&quot; м'ятний";5400.0000;999;0;2026-05-05 10:34:03;2026-07-01 10:43:46
1465744619;1333146270;1333146270;"Керамогранітний обігрівач KEN-500 &quot;Космос жаккард&quot; нефритовий";5400.0000;999;0;2026-05-05 10:34:03;2026-07-01 10:43:46
1465744614;1333149475;1333149475;"Керамогранітний обігрівач KEN-500 &quot;Космос жаккард&quot; м'ятний";5400.0000;999;0;2026-05-05 10:34:03;2026-07-01 10:43:46
1465744954;1333152230;1333152230;"Керамогранітний обігрівач KEN-600 &quot;Гранж жаккард&quot; оливковий";6000.0000;999;0;2026-05-05 10:34:03;2026-07-01 10:43:46
1465744906;1333472839;1333472839;"Керамогранітний обігрівач KEN-600 &quot;Глянець&quot; меланж";9600.0000;999;0;2026-05-05 10:34:03;2026-07-01 10:43:46
1465744534;1333473923;1333473923;"Керамогранітний обігрівач KEN-500 &quot;Гранж жаккард&quot; нефритовий";5400.0000;999;0;2026-05-05 10:34:03;2026-07-01 10:43:46
1465744872;1333479521;1333479521;"Керамогранітний обігрівач KEN-500К &quot;Філігри жаккард&quot; персиковий";5400.0000;999;0;2026-05-05 10:34:03;2026-07-01 10:43:46
1465744611;1333485790;1333485790;"Керамогранітний обігрівач KEN-500 &quot;Космос жаккард&quot; меланж";5400.0000;999;0;2026-05-05 10:34:03;2026-07-01 10:43:46
1465744711;1333488620;1333488620;"Керамогранітний обігрівач KEN-500 &quot;Полотно жаккард&quot; персиковий";5400.0000;999;0;2026-05-05 10:34:03;2026-07-01 10:43:46
1465744913;1334339223;1334339223;"Керамогранітний обігрівач KEN-600 &quot;Глянець&quot; родоніт";9600.0000;999;0;2026-05-05 10:34:03;2026-07-01 10:43:46
1465744598;1334342675;1334342675;"Керамогранітний обігрівач KEN-500 &quot;Космос жаккард&quot; какао";5400.0000;999;0;2026-05-05 10:34:03;2026-07-01 10:43:46
1465745040;1334925595;1334925595;"Керамогранітний обігрівач KEN-600 &quot;Космос жаккард&quot; меланж";6000.0000;999;0;2026-05-05 10:34:03;2026-07-01 10:43:46
1465744876;1334944342;1334944342;"Керамогранітний обігрівач KEN-500К &quot;Полотно жаккард&quot; джинс";5400.0000;0;0;2026-05-05 10:34:03;2026-07-01 10:43:46
1465744953;1334950966;1334950966;"Керамогранітний обігрівач KEN-600 &quot;Гранж жаккард&quot; нефритовий";6000.0000;999;0;2026-05-05 10:34:03;2026-07-01 10:43:46
1465745006;1334953441;1334953441;"Керамогранітний обігрівач KEN-600 &quot;Ізморозь жаккард&quot; нефритовий";6000.0000;999;0;2026-05-05 10:34:03;2026-07-01 10:43:46
1465744603;1335010890;1335010890;"Керамогранітний обігрівач KEN-500 &quot;Космос жаккард&quot; полуничний";5400.0000;999;0;2026-05-05 10:34:03;2026-07-01 10:43:46
1465744548;1335012187;1335012187;"Керамогранітний обігрівач KEN-500 &quot;Гранж жаккард&quot; родоніт";5400.0000;999;0;2026-05-05 10:34:03;2026-07-01 10:43:46
1465744861;1335014072;1335014072;"Керамогранітний обігрівач KEN-500К &quot;Ізморозь жаккард&quot; малиновий";5400.0000;999;0;2026-05-05 10:34:03;2026-07-01 10:43:46
1465744888;1335024549;1335024549;"Керамогранітний обігрівач KEN-600 &quot;Глянець&quot; бежевий";9600.0000;999;0;2026-05-05 10:34:03;2026-07-01 10:43:46
1465745125;1335027214;1335027214;"Керамогранітний обігрівач KEN-600 &quot;Полотно жаккард&quot; персиковий";6000.0000;999;0;2026-05-05 10:34:03;2026-07-01 10:43:46
1465745055;1335029489;1335029489;"Керамогранітний обігрівач KEN-600 &quot;Космос жаккард&quot; персиковий";6000.0000;999;0;2026-05-05 10:34:03;2026-07-01 10:43:46
1465745127;1335139437;1335139437;"Керамогранітний обігрівач KEN-600 &quot;Полотно жаккард&quot; родоніт";6000.0000;999;0;2026-05-05 10:34:03;2026-07-01 10:43:46
1465745082;1335291070;1335291070;"Керамогранітний обігрівач KEN-600 &quot;Філігри жаккард&quot; опал";6000.0000;999;0;2026-05-05 10:34:03;2026-07-01 10:43:46
1465744578;1335868107;1335868107;"Керамогранітний обігрівач KEN-500 &quot;Ізморозь жаккард&quot; медовий";5400.0000;999;0;2026-05-05 10:34:03;2026-07-01 10:43:46
1465744782;1335871779;1335871779;"Керамогранітний обігрівач KEN-500D &quot;Філігри жаккард&quot; опал";5400.0000;999;0;2026-05-05 10:34:03;2026-07-01 10:43:46
1465744889;1336780886;1336780886;"Керамогранітний обігрівач KEN-600 &quot;Глянець&quot; бежевий";9600.0000;999;0;2026-05-05 10:34:03;2026-07-01 10:43:46
1465744558;1336804161;1336804161;"Керамогранітний обігрівач KEN-500 &quot;Ізморозь жаккард&quot; бежевий";5400.0000;999;0;2026-05-05 10:34:03;2026-07-01 10:43:46
1465744702;1336889629;1336889629;"Керамогранітний обігрівач KEN-500 &quot;Полотно жаккард&quot; оливковий";5400.0000;999;0;2026-05-05 10:34:03;2026-07-01 10:43:46
1465744765;1337314670;1337314670;"Керамогранітний обігрівач KEN-500D &quot;Космос жаккард&quot; блакитний";5400.0000;0;0;2026-05-05 10:34:03;2026-07-01 10:43:46
1465745096;1337315328;1337315328;"Керамогранітний обігрівач KEN-600 &quot;Полотно жаккард&quot; какао";6000.0000;999;0;2026-05-05 10:34:03;2026-07-01 10:43:46
1465745038;1337317040;1337317040;"Керамогранітний обігрівач KEN-600 &quot;Космос жаккард&quot; медовий";6000.0000;999;0;2026-05-05 10:34:03;2026-07-01 10:43:46
1465744632;1337320409;1337320409;"Керамогранітний обігрівач KEN-500 &quot;Котофей&quot; джинс";4800.0000;999;0;2026-05-05 10:34:03;2026-07-01 10:43:46
1465744998;1337815813;1337815813;"Керамогранітний обігрівач KEN-600 &quot;Ізморозь жаккард&quot; медовий";6000.0000;999;0;2026-05-05 10:34:03;2026-07-01 10:43:46
1800;13600;13600;Вуличний газовий обігрівач 9,3 кВт Activa Pyramide Cheops;31500.0000;999;0;2026-05-05 10:34:03;2026-07-01 10:43:46
1812;1360K;1360K;Вугільний гриль Enders Aurora Mint;5775.0000;999;0;2026-05-05 10:26:48;2026-07-01 10:43:46
1833;13610GB;13610GB;Вуличний газовий обігрівач Activa Pyramide Cheops II grey-black;27800.0000;999;0;2026-05-05 10:34:03;2026-07-01 10:43:46
1831;13610S;13610S;Вуличний газовий обігрівач Activa Pyramide Cheops II black;27800.0000;999;0;2026-05-05 10:34:03;2026-07-01 10:43:46
1832;13610W;13610W;Вуличний газовий обігрівач Activa Pyramide Cheops II white;29650.0000;999;0;2026-05-05 10:34:03;2026-07-01 10:43:46
1784;1362;1362;Вугільний гриль Enders Aurora корал;5775.0000;0;0;2026-05-05 10:26:48;2026-07-01 10:43:46
1845;1363;1363;Вугільний гриль Enders Aurora Taupe;5775.0000;0;0;2026-05-05 10:26:48;2026-07-01 10:43:46
1183;1364K;1364K;Вугільний гриль Enders Aurora Grey;5775.0000;999;0;2026-05-05 10:26:48;2026-07-01 10:43:46
1195;1365K;1365K;Вугільний гриль Enders Aurora Mirror Black;7125.0000;999;0;2026-05-05 10:26:48;2026-07-01 10:43:46
1149;1368;1368;Вугільний гриль Enders Aurora Mirror Copper;7125.0000;0;0;2026-05-05 10:26:48;2026-07-01 10:43:46
1182;1369K;1369K;Вугільний гриль Enders Aurora Mirror Gold;7125.0000;999;0;2026-05-05 10:26:48;2026-07-01 10:43:46
1379;1379;1379;Дубова бочка 20л;3200.0000;0;1;2026-06-30 23:00:26;2026-07-01 10:43:46
1828;13810;13810;Вуличний газовий обігрівач Activa Brolly Schwenk Eco Plus;8275.0000;999;0;2026-05-05 10:34:03;2026-07-01 10:43:46
1180;1382;1382;Вугільний гриль Enders Aurora Mirror Space;7125.0000;0;0;2026-05-05 10:26:48;2026-07-01 10:43:46
1152;1383;1383;Вугілля для гриля букове Aurora 1кг;400.0000;999;0;2026-05-05 10:27:59;2026-07-01 10:43:46
1465744752;1385892006;1385892006;"Керамогранітний обігрівач KEN-500D &quot;Гранж шовк&quot; кварцовий";5009.0000;0;0;2026-05-05 10:34:03;2026-07-01 10:43:46
1194;1386;1386;Гелевий розпалювач;195.0000;999;0;2026-05-05 10:27:59;2026-07-01 10:43:46
1465744525;1388200575;1388200575;"Керамогранітний обігрівач KEN-500 &quot;Гранж жаккард&quot; блакитний";5400.0000;0;0;2026-05-05 10:34:03;2026-07-01 10:43:46
1465744606;1388201576;1388201576;"Керамогранітний обігрівач KEN-500 &quot;Космос жаккард&quot; блакитний";5400.0000;0;0;2026-05-05 10:34:03;2026-07-01 10:43:46
1465744946;1388201780;1388201780;"Керамогранітний обігрівач KEN-600 &quot;Гранж жаккард&quot; меланж";6000.0000;999;0;2026-05-05 10:34:03;2026-07-01 10:43:46
1465744947;1388202885;1388202885;"Керамогранітний обігрівач KEN-600 &quot;Гранж жаккард&quot; меланж";6000.0000;999;0;2026-05-05 10:34:03;2026-07-01 10:43:46
1811;1389;1389;Сумка та чохол для грилів серії Enders Aurora;1115.0000;999;0;2026-05-05 10:27:59;2026-07-01 10:43:46
1465744762;1389019217;1389019217;"Керамогранітний обігрівач KEN-500D &quot;Космос жаккард&quot; бежевий";5400.0000;999;0;2026-05-05 10:34:03;2026-07-01 10:43:46
1465744645;1389085542;1389085542;"Керамогранітний обігрівач KEN-500 &quot;Софі&quot; кварцовий";5400.0000;999;0;2026-05-05 10:34:03;2026-07-01 10:43:46
1465744796;1389115302;1389115302;"Керамогранітний обігрівач KEN-500K &quot;Глянець&quot; бежевий";8640.0000;999;0;2026-05-05 10:34:03;2026-07-01 10:43:46
1465744515;1389118418;1389118418;"Керамогранітний обігрівач KEN-500 &quot;Гранж жаккард&quot; кварцовий";5400.0000;0;0;2026-05-05 10:34:03;2026-07-01 10:43:46
1465744523;1389119500;1389119500;"Керамогранітний обігрівач KEN-500 &quot;Гранж жаккард&quot; кораловий";5400.0000;999;0;2026-05-05 10:34:03;2026-07-01 10:43:46
1465744559;1389124333;1389124333;"Керамогранітний обігрівач KEN-500 &quot;Ізморозь жаккард&quot; бежевий";5400.0000;999;0;2026-05-05 10:34:03;2026-07-01 10:43:46
1465744978;1389128726;1389128726;"Керамогранітний обігрівач KEN-600 &quot;Ізморозь жаккард&quot; кварцовий";6000.0000;999;0;2026-05-05 10:34:03;2026-07-01 10:43:46
1465744701;1389139924;1389139924;"Керамогранітний обігрівач KEN-500 &quot;Полотно жаккард&quot; нефритовий";5400.0000;999;0;2026-05-05 10:34:03;2026-07-01 10:43:46
1465745010;1389149970;1389149970;"Керамогранітний обігрівач KEN-600 &quot;Ізморозь жаккард&quot; опал";6000.0000;999;0;2026-05-05 10:34:03;2026-07-01 10:43:46
1465745049;1389151961;1389151961;"Керамогранітний обігрівач KEN-600 &quot;Космос жаккард&quot; опал";6000.0000;999;0;2026-05-05 10:34:03;2026-07-01 10:43:46
1465744557;1389155218;1389155218;"Керамогранітний обігрівач KEN-500 &quot;Ізморозь жаккард&quot; аквамариновий";5400.0000;0;0;2026-05-05 10:34:03;2026-07-01 10:43:46
1465745120;1389157515;1389157515;"Керамогранітний обігрівач KEN-600 &quot;Полотно жаккард&quot; опал";6000.0000;999;0;2026-05-05 10:34:03;2026-07-01 10:43:46
1465744487;1389162378;1389162378;"Керамогранітний обігрівач KEN-500 &quot;Глянець&quot; кварцовий";8640.0000;999;0;2026-05-05 10:34:03;2026-07-01 10:43:46
1465745050;1389167875;1389167875;"Керамогранітний обігрівач KEN-600 &quot;Космос жаккард&quot; опал";6000.0000;999;0;2026-05-05 10:34:03;2026-07-01 10:43:46
1465744826;1389170654;1389170654;"Керамогранітний обігрівач KEN-500K &quot;Полотно жаккард&quot; опал";5400.0000;999;0;2026-05-05 10:34:03;2026-07-01 10:43:46
1465744680;1389176180;1389176180;"Керамогранітний обігрівач KEN-500 &quot;Полотно жаккард&quot; кварцовий";5400.0000;999;0;2026-05-05 10:34:03;2026-07-01 10:43:46
1465745023;1389177537;1389177537;"Керамогранітний обігрівач KEN-600 &quot;Космос жаккард&quot; какао";6000.0000;999;0;2026-05-05 10:34:03;2026-07-01 10:43:46
1390;13900;13900;Вуличний газовий обігрівач Activa Brolly Schwenk;8275.0000;999;0;2026-05-05 10:34:03;2026-07-01 10:43:46
1846;1391;1391;Вугільний гриль Enders Dallas;2080.0000;0;0;2026-05-05 10:26:48;2026-07-01 10:43:46
1465745108;1393970281;1393970281;"Керамогранітний обігрівач KEN-600 &quot;Полотно жаккард&quot; меланж";6000.0000;999;0;2026-05-05 10:34:03;2026-07-01 10:43:46
1465744797;1393970569;1393970569;"Керамогранітний обігрівач KEN-500K &quot;Глянець&quot; бежевий";8640.0000;999;0;2026-05-05 10:34:03;2026-07-01 10:43:46
1465744692;1393970812;1393970812;"Керамогранітний обігрівач KEN-500 &quot;Полотно жаккард&quot; меланж";5400.0000;999;0;2026-05-05 10:34:03;2026-07-01 10:43:46
1465745003;1393971150;1393971150;"Керамогранітний обігрівач KEN-600 &quot;Ізморозь жаккард&quot; м'ятний";6000.0000;999;0;2026-05-05 10:34:03;2026-07-01 10:43:46
1465744890;1393971470;1393971470;"Керамогранітний обігрівач KEN-600 &quot;Глянець&quot; бежевий";9600.0000;999;0;2026-05-05 10:34:03;2026-07-01 10:43:46
1465744891;1393971772;1393971772;"Керамогранітний обігрівач KEN-600 &quot;Глянець&quot; бежевий";9600.0000;999;0;2026-05-05 10:34:03;2026-07-01 10:43:46
1465744492;1393977738;1393977738;"Керамогранітний обігрівач KEN-500 &quot;Глянець&quot; медовий";8640.0000;999;0;2026-05-05 10:34:03;2026-07-01 10:43:46
1465744544;1393979371;1393979371;"Керамогранітний обігрівач KEN-500 &quot;Гранж жаккард&quot; персиковий";4554.0000;0;0;2026-05-05 10:34:03;2026-07-01 10:43:46
1465744655;1393981517;1393981517;"Керамогранітний обігрівач KEN-500 &quot;Філігри жаккард&quot; полуничний";5400.0000;999;0;2026-05-05 10:34:03;2026-07-01 10:43:46
1465744478;1393987380;1393987380;"Керамогранітний обігрівач KEN-500 &quot;Глянець&quot; бежевий";8640.0000;999;0;2026-05-05 10:34:03;2026-07-01 10:43:46
1465744580;1393991047;1393991047;"Керамогранітний обігрівач KEN-500 &quot;Ізморозь жаккард&quot; мармуровий";5400.0000;999;0;2026-05-05 10:34:03;2026-07-01 10:43:46
1465744958;1393991218;1393991218;"Керамогранітний обігрівач KEN-600 &quot;Гранж жаккард&quot; горіховий";6000.0000;999;0;2026-05-05 10:34:03;2026-07-01 10:43:46
1465744637;1393993769;1393993769;"Керамогранітний обігрівач KEN-500 &quot;Набережний квартал&quot; кварцовий";5000.0000;0;0;2026-05-05 10:34:03;2026-07-01 10:43:46
1394;1394;1394;Вакуумний наповнювач для пляшок Enolmatic;16500.0000;0;1;2026-06-30 23:01:27;2026-07-01 10:43:46
1465744666;1394003136;1394003136;"Керамогранітний обігрівач KEN-500 &quot;Філігри жаккард&quot; персиковий";5400.0000;999;0;2026-05-05 10:34:03;2026-07-01 10:43:46
1465744892;1394003736;1394003736;"Керамогранітний обігрівач KEN-600 &quot;Глянець&quot; бежевий";9600.0000;999;0;2026-05-05 10:34:03;2026-07-01 10:43:46
1465744960;1394004156;1394004156;"Керамогранітний обігрівач KEN-600 &quot;Гранж жаккард&quot; персиковий";6000.0000;999;0;2026-05-05 10:34:03;2026-07-01 10:43:46
1465744625;1394004473;1394004473;"Керамогранітний обігрівач KEN-500 &quot;Космос жаккард&quot; персиковий";5400.0000;999;0;2026-05-05 10:34:03;2026-07-01 10:43:46
1465744593;1394006684;1394006684;"Керамогранітний обігрівач KEN-500 &quot;Космос жаккард&quot; аквамариновий";5400.0000;0;0;2026-05-05 10:34:03;2026-07-01 10:43:46
1465744944;1394007625;1394007625;"Керамогранітний обігрівач KEN-600 &quot;Гранж жаккард&quot; малиновий";6000.0000;999;0;2026-05-05 10:34:03;2026-07-01 10:43:46
1465745392;1394837792;1394837792;"Металокерамічний дизайн-обігрівач UDEN-S &quot;Тріо&quot; (триптих)";17143.0000;999;0;2026-05-05 10:34:03;2026-07-01 10:43:46
1465745389;1394900835;1394900835;"Металокерамічний дизайн-обігрівач UDEN-S &quot;Дихання весни&quot; (триптих)";18323.0000;999;0;2026-05-05 10:34:03;2026-07-01 10:43:46
1465745890;1401100;1401100;Штуцер для шланга 9мм з накидною гайкою UEM G1/4LH-9;265.0000;999;0;2026-05-05 10:30:54;2026-07-01 10:43:46
1465744728;1403040668;1403040668;"Керамогранітний обігрівач KEN-500D &quot;Біг-Бен&quot; кварцовий";5700.0000;999;0;2026-05-05 10:34:03;2026-07-01 10:43:46
1465744979;1403048326;1403048326;"Керамогранітний обігрівач KEN-600 &quot;Ізморозь жаккард&quot; кварцовий";6000.0000;999;0;2026-05-05 10:34:03;2026-07-01 10:43:46
1465744901;1403075699;1403075699;"Керамогранітний обігрівач KEN-600 &quot;Глянець&quot; кварцовий";6915.0000;0;0;2026-05-05 10:34:03;2026-07-01 10:43:46
1465745137;1403097138;1403097138;"Керамогранітний обігрівач KEN-700 &quot;Глянець&quot; опал";10400.0000;999;0;2026-05-05 10:34:03;2026-07-01 10:43:46
1465744479;1403099770;1403099770;"Керамогранітний обігрівач KEN-500 &quot;Глянець&quot; бежевий";8640.0000;999;0;2026-05-05 10:34:03;2026-07-01 10:43:46
1465745007;1403102616;1403102616;"Керамогранітний обігрівач KEN-600 &quot;Ізморозь жаккард&quot; оливковий";6000.0000;999;0;2026-05-05 10:34:03;2026-07-01 10:43:46
1465744943;1403104278;1403104278;"Керамогранітний обігрівач KEN-600 &quot;Гранж жаккард&quot; малахітовий";6000.0000;999;0;2026-05-05 10:34:03;2026-07-01 10:43:46
1465745102;1403105762;1403105762;"Керамогранітний обігрівач KEN-600 &quot;Полотно жаккард&quot; полуничний";6000.0000;999;0;2026-05-05 10:34:03;2026-07-01 10:43:46
1465745070;1403107773;1403107773;"Керамогранітний обігрівач KEN-600 &quot;Філігри жаккард&quot; аквамариновий";7000.0000;0;0;2026-05-05 10:34:03;2026-07-01 10:43:46
1465744847;1403110198;1403110198;"Керамогранітний обігрівач KEN-500К &quot;Еспресо&quot; кварцовий";5693.0000;999;0;2026-05-05 10:34:03;2026-07-01 10:43:46
1465744980;1403117476;1403117476;"Керамогранітний обігрівач KEN-600 &quot;Ізморозь жаккард&quot; кварцовий";6000.0000;0;0;2026-05-05 10:34:03;2026-07-01 10:43:46
1465744488;1403792292;1403792292;"Керамогранітний обігрівач KEN-500 &quot;Глянець&quot; кварцовий";8640.0000;999;0;2026-05-05 10:34:03;2026-07-01 10:43:46
1465744904;1403795459;1403795459;"Керамогранітний обігрівач KEN-600 &quot;Глянець&quot; медовий";9600.0000;999;0;2026-05-05 10:34:03;2026-07-01 10:43:46
1465745029;1403797939;1403797939;"Керамогранітний обігрівач KEN-600 &quot;Космос жаккард&quot; блакитний";6000.0000;0;0;2026-05-05 10:34:03;2026-07-01 10:43:46
1465744981;1403799245;1403799245;"Керамогранітний обігрівач KEN-600 &quot;Ізморозь жаккард&quot; кварцовий";6000.0000;999;0;2026-05-05 10:34:03;2026-07-01 10:43:46
1465745129;1403801959;1403801959;"Керамогранітний обігрівач KEN-700 &quot;Геометрія&quot; кварцовий";6600.0000;999;0;2026-05-05 10:34:03;2026-07-01 10:43:46
1465745270;1407570291;1407570291;"Металокерамічний дизайн-обігрівач UDEN-700 &quot;Анастейша&quot;";6429.0000;999;0;2026-05-05 10:34:03;2026-07-01 10:43:46
1465745231;1407586203;1407586203;"Металокерамічний дизайн-обігрівач UDEN-500К &quot;Арчі&quot;";5710.0000;999;0;2026-05-05 10:34:03;2026-07-01 10:43:46
1465745254;1407588704;1407588704;"Металокерамічний дизайн-обігрівач UDEN-500К &quot;Ріо&quot;";6104.0000;999;0;2026-05-05 10:34:03;2026-07-01 10:43:46
1465745266;1407590802;1407590802;"Металокерамічний дизайн-обігрівач UDEN-700 &quot;Аквамарин&quot;";6429.0000;999;0;2026-05-05 10:34:03;2026-07-01 10:43:46
1465745190;1407597897;1407597897;"Металокерамічний дизайн-обігрівач UDEN-300 &quot;Лазурит&quot;";5038.0000;999;0;2026-05-05 10:34:03;2026-07-01 10:43:46
1804;14100;14100;Вуличний газовий обігрівач 13 кВт Activa Brolly Rattan;12266.0000;999;0;2026-05-05 10:34:03;2026-07-01 10:43:46
1465744723;1411065158;1411065158;"Керамогранітний обігрівач KEN-500D &quot;Адель&quot; кварцовий";5600.0000;999;0;2026-05-05 10:34:03;2026-07-01 10:43:46
1465744724;1411065641;1411065641;"Керамогранітний обігрівач KEN-500D &quot;Анет&quot; кварцовий";5600.0000;999;0;2026-05-05 10:34:03;2026-07-01 10:43:46
1465744627;1413283011;1413283011;"Керамогранітний обігрівач KEN-500 &quot;Космос жаккард&quot; родоніт";5400.0000;999;0;2026-05-05 10:34:03;2026-07-01 10:43:46
1465744503;1413287014;1413287014;"Керамогранітний обігрівач KEN-500 &quot;Глянець&quot; родоніт";8640.0000;999;0;2026-05-05 10:34:03;2026-07-01 10:43:46
1465744608;1413297012;1413297012;"Керамогранітний обігрівач KEN-500 &quot;Космос жаккард&quot; малиновий";5400.0000;999;0;2026-05-05 10:34:03;2026-07-01 10:43:46
1465744500;1413297641;1413297641;"Керамогранітний обігрівач KEN-500 &quot;Глянець&quot; опал";8640.0000;999;0;2026-05-05 10:34:03;2026-07-01 10:43:46
1465744932;1413299438;1413299438;"Керамогранітний обігрівач KEN-600 &quot;Гранж жаккард&quot; кварцовий";6000.0000;999;0;2026-05-05 10:34:03;2026-07-01 10:43:46
1465745099;1413301063;1413301063;"Керамогранітний обігрівач KEN-600 &quot;Полотно жаккард&quot; кварцовий";6000.0000;999;0;2026-05-05 10:34:03;2026-07-01 10:43:46
1465744499;1413309515;1413309515;"Керамогранітний обігрівач KEN-500 &quot;Глянець&quot; нефритовий";8640.0000;999;0;2026-05-05 10:34:03;2026-07-01 10:43:46
1465744474;1413310853;1413310853;"Керамогранітний обігрівач KEN-500 &quot;Глянець&quot; аквамариновий";8640.0000;0;0;2026-05-05 10:34:03;2026-07-01 10:43:46
1465744545;1413312384;1413312384;"Керамогранітний обігрівач KEN-500 &quot;Гранж жаккард&quot; персиковий";5400.0000;999;0;2026-05-05 10:34:03;2026-07-01 10:43:46
1465744910;1413316527;1413316527;"Керамогранітний обігрівач KEN-600 &quot;Глянець&quot; оливковий";9600.0000;999;0;2026-05-05 10:34:03;2026-07-01 10:43:46
1465744961;1413317247;1413317247;"Керамогранітний обігрівач KEN-600 &quot;Гранж жаккард&quot; персиковий";6000.0000;999;0;2026-05-05 10:34:03;2026-07-01 10:43:46
1465744506;1413328510;1413328510;"Керамогранітний обігрівач KEN-500 &quot;Гранж жаккард&quot; бежевий";5400.0000;999;0;2026-05-05 10:34:03;2026-07-01 10:43:46
1465744495;1413329273;1413329273;"Керамогранітний обігрівач KEN-500 &quot;Глянець&quot; мармуровий";8640.0000;999;0;2026-05-05 10:34:03;2026-07-01 10:43:46
1465744893;1413329707;1413329707;"Керамогранітний обігрівач KEN-600 &quot;Глянець&quot; бежевий";9600.0000;999;0;2026-05-05 10:34:03;2026-07-01 10:43:46
1465745042;1413331949;1413331949;"Керамогранітний обігрівач KEN-600 &quot;Космос жаккард&quot; мармуровий";6000.0000;999;0;2026-05-05 10:34:03;2026-07-01 10:43:46
1465745105;1413334664;1413334664;"Керамогранітний обігрівач KEN-600 &quot;Полотно жаккард&quot; малахітовий";6000.0000;999;0;2026-05-05 10:34:03;2026-07-01 10:43:46
1465744764;1413336803;1413336803;"Керамогранітний обігрівач KEN-500D &quot;Космос жаккард&quot; кварцовий";5400.0000;999;0;2026-05-05 10:34:03;2026-07-01 10:43:46
1465744856;1413385627;1413385627;"Керамогранітний обігрівач KEN-500К &quot;Ізморозь жаккард&quot; кварцовий";5400.0000;999;0;2026-05-05 10:34:03;2026-07-01 10:43:46
1465744911;1413429042;1413429042;"Керамогранітний обігрівач KEN-600 &quot;Глянець&quot; оливковий";9600.0000;999;0;2026-05-05 10:34:03;2026-07-01 10:43:46
1465744933;1413432388;1413432388;"Керамогранітний обігрівач KEN-600 &quot;Гранж жаккард&quot; кварцовий";6000.0000;999;0;2026-05-05 10:34:03;2026-07-01 10:43:46
1465744801;1413435232;1413435232;"Керамогранітний обігрівач KEN-500K &quot;Глянець&quot; кварцовий";8640.0000;999;0;2026-05-05 10:34:03;2026-07-01 10:43:46
1465744991;1413852979;1413852979;"Керамогранітний обігрівач KEN-600 &quot;Ізморозь жаккард&quot; малахітовий";6000.0000;999;0;2026-05-05 10:34:03;2026-07-01 10:43:46
1465745030;1413853585;1413853585;"Керамогранітний обігрівач KEN-600 &quot;Космос жаккард&quot; блакитний";6000.0000;0;0;2026-05-05 10:34:03;2026-07-01 10:43:46
1465744490;1413853799;1413853799;"Керамогранітний обігрівач KEN-500 &quot;Глянець&quot; блакитний";8640.0000;0;0;2026-05-05 10:34:03;2026-07-01 10:43:46
1465744894;1413854406;1413854406;"Керамогранітний обігрівач KEN-600 &quot;Глянець&quot; бежевий";9600.0000;999;0;2026-05-05 10:34:03;2026-07-01 10:43:46
1465744442;1416012356;1416012356;"Керамогранітний обігрівач &quot;Горі&quot; (триптих)";18810.0000;999;0;2026-05-05 10:34:03;2026-07-01 10:43:46
1465745247;1417384655;1417384655;"Металокерамічний дизайн-обігрівач UDEN-500К &quot;Лісова мавка&quot;";6695.0000;999;0;2026-05-05 10:34:03;2026-07-01 10:43:46
1465745285;1417385453;1417385453;"Металокерамічний дизайн-обігрівач UDEN-700 &quot;Варвара&quot;";6015.0000;999;0;2026-05-05 10:34:03;2026-07-01 10:43:46
1465745234;1417390174;1417390174;"Металокерамічний дизайн-обігрівач UDEN-500К &quot;Гравітація&quot;";6104.0000;999;0;2026-05-05 10:34:03;2026-07-01 10:43:46
1465745391;1417500824;1417500824;"Металокерамічний дизайн-обігрівач UDEN-S &quot;Тендітна лілія&quot; (диптих)";10894.0000;999;0;2026-05-05 10:34:03;2026-07-01 10:43:46
1465745278;1417814611;1417814611;"Металокерамічний дизайн-обігрівач UDEN-700 &quot;Багаття&quot;";6429.0000;999;0;2026-05-05 10:34:03;2026-07-01 10:43:46
1465744905;1418599112;1418599112;"Керамогранітний обігрівач KEN-600 &quot;Глянець&quot; медовий";9600.0000;999;0;2026-05-05 10:34:03;2026-07-01 10:43:46
1465744607;1418603520;1418603520;"Керамогранітний обігрівач KEN-500 &quot;Космос жаккард&quot; малахітовий";5400.0000;999;0;2026-05-05 10:34:03;2026-07-01 10:43:46
1465744759;1418608089;1418608089;"Керамогранітний обігрівач KEN-500D &quot;Квіткова Франція&quot; кварцовий";5693.0000;999;0;2026-05-05 10:34:03;2026-07-01 10:43:46
1465745080;1418755489;1418755489;"Керамогранітний обігрівач KEN-600 &quot;Філігри жаккард&quot; мармуровий";6000.0000;999;0;2026-05-05 10:34:03;2026-07-01 10:43:46
1465744553;1418757113;1418757113;"Керамогранітний обігрівач KEN-500 &quot;Жизель&quot; кварцовий";5600.0000;999;0;2026-05-05 10:34:03;2026-07-01 10:43:46
1465744628;1418759536;1418759536;"Керамогранітний обігрівач KEN-500 &quot;Космос жаккард&quot; родоніт";5400.0000;999;0;2026-05-05 10:34:03;2026-07-01 10:43:46
1465745043;1418761314;1418761314;"Керамогранітний обігрівач KEN-600 &quot;Космос жаккард&quot; м'ятний";6000.0000;999;0;2026-05-05 10:34:03;2026-07-01 10:43:46
1465744516;1418763192;1418763192;"Керамогранітний обігрівач KEN-500 &quot;Гранж жаккард&quot; кварцовий";5400.0000;999;0;2026-05-05 10:34:03;2026-07-01 10:43:46
1465744504;1418764741;1418764741;"Керамогранітний обігрівач KEN-500 &quot;Глянець&quot; родоніт";8640.0000;999;0;2026-05-05 10:34:03;2026-07-01 10:43:46
1465744914;1418765180;1418765180;"Керамогранітний обігрівач KEN-600 &quot;Глянець&quot; родоніт";9600.0000;999;0;2026-05-05 10:34:03;2026-07-01 10:43:46
1465744732;1418765846;1418765846;"Керамогранітний обігрівач KEN-500D &quot;Глянець&quot; м'ятний";8640.0000;999;0;2026-05-05 10:34:03;2026-07-01 10:43:46
1465745073;1418771349;1418771349;"Керамогранітний обігрівач KEN-600 &quot;Філігри жаккард&quot; бірюзовий";7000.0000;0;0;2026-05-05 10:34:03;2026-07-01 10:43:46
1465744908;1418804539;1418804539;"Керамогранітний обігрівач KEN-600 &quot;Глянець&quot; м'ятний";9600.0000;999;0;2026-05-05 10:34:03;2026-07-01 10:43:46
1465745074;1418810187;1418810187;"Керамогранітний обігрівач KEN-600 &quot;Філігри жаккард&quot; какао";6000.0000;999;0;2026-05-05 10:34:03;2026-07-01 10:43:46
1465745109;1418824922;1418824922;"Керамогранітний обігрівач KEN-600 &quot;Полотно жаккард&quot; меланж";6000.0000;999;0;2026-05-05 10:34:03;2026-07-01 10:43:46
1465744973;1418827958;1418827958;"Керамогранітний обігрівач KEN-600 &quot;Ізморозь жаккард&quot; аквамариновий";6000.0000;0;0;2026-05-05 10:34:03;2026-07-01 10:43:46
1465744604;1418828648;1418828648;"Керамогранітний обігрівач KEN-500 &quot;Космос жаккард&quot; полуничний";5400.0000;999;0;2026-05-05 10:34:03;2026-07-01 10:43:46
1465744962;1418829965;1418829965;"Керамогранітний обігрівач KEN-600 &quot;Гранж жаккард&quot; персиковий";6000.0000;999;0;2026-05-05 10:34:03;2026-07-01 10:43:46
1465744895;1418830363;1418830363;"Керамогранітний обігрівач KEN-600 &quot;Глянець&quot; бежевий";9600.0000;999;0;2026-05-05 10:34:03;2026-07-01 10:43:46
1465744517;1418833230;1418833230;"Керамогранітний обігрівач KEN-500 &quot;Гранж жаккард&quot; кварцовий";5400.0000;999;0;2026-05-05 10:34:03;2026-07-01 10:43:46
1465744982;1418834042;1418834042;"Керамогранітний обігрівач KEN-600 &quot;Ізморозь жаккард&quot; кварцовий";6000.0000;999;0;2026-05-05 10:34:03;2026-07-01 10:43:46
1465745031;1418835414;1418835414;"Керамогранітний обігрівач KEN-600 &quot;Космос жаккард&quot; блакитний";6000.0000;0;0;2026-05-05 10:34:03;2026-07-01 10:43:46
1465744802;1418839318;1418839318;"Керамогранітний обігрівач KEN-500K &quot;Глянець&quot; кварцовий";8640.0000;999;0;2026-05-05 10:34:03;2026-07-01 10:43:46
1465745051;1419235500;1419235500;"Керамогранітний обігрівач KEN-600 &quot;Космос жаккард&quot; опал";6000.0000;999;0;2026-05-05 10:34:03;2026-07-01 10:43:46
1465744526;1419238192;1419238192;"Керамогранітний обігрівач KEN-500 &quot;Гранж жаккард&quot; блакитний";5400.0000;0;0;2026-05-05 10:34:03;2026-07-01 10:43:46
1465745113;1419245572;1419245572;"Керамогранітний обігрівач KEN-600 &quot;Полотно жаккард&quot; мармуровий";6000.0000;999;0;2026-05-05 10:34:03;2026-07-01 10:43:46
1465744938;1419250466;1419250466;"Керамогранітний обігрівач KEN-600 &quot;Гранж жаккард&quot; полуничний";6000.0000;999;0;2026-05-05 10:34:03;2026-07-01 10:43:46
1465745048;1419251888;1419251888;"Керамогранітний обігрівач KEN-600 &quot;Космос жаккард&quot; онікс";6000.0000;999;0;2026-05-05 10:34:03;2026-07-01 10:43:46
1465745087;1419254322;1419254322;"Керамогранітний обігрівач KEN-600 &quot;Філігрі шовк&quot; опал";6600.0000;999;0;2026-05-05 10:34:03;2026-07-01 10:43:46
1465744970;1419255178;1419255178;"Керамогранітний обігрівач KEN-600 &quot;Гранж шовк&quot; графітовий";6600.0000;999;0;2026-05-05 10:34:03;2026-07-01 10:43:46
1465744669;1421692214;1421692214;"Керамогранітний обігрівач KEN-500 &quot;Філігрі шовк&quot; малиновий";5940.0000;999;0;2026-05-05 10:34:03;2026-07-01 10:43:46
1465744615;1422083838;1422083838;"Керамогранітний обігрівач KEN-500 &quot;Космос жаккард&quot; м'ятний";5400.0000;999;0;2026-05-05 10:34:03;2026-07-01 10:43:46
1465745016;1422084963;1422084963;"Керамогранітний обігрівач KEN-600 &quot;Ізморозь жаккард&quot; персиковий";6000.0000;999;0;2026-05-05 10:34:03;2026-07-01 10:43:46
1465744518;1422086524;1422086524;"Керамогранітний обігрівач KEN-500 &quot;Гранж жаккард&quot; кварцовий";5400.0000;999;0;2026-05-05 10:34:03;2026-07-01 10:43:46
1465744529;1422092573;1422092573;"Керамогранітний обігрівач KEN-500 &quot;Гранж жаккард&quot; малиновий";5400.0000;999;0;2026-05-05 10:34:03;2026-07-01 10:43:46
1465745011;1422093871;1422093871;"Керамогранітний обігрівач KEN-600 &quot;Ізморозь жаккард&quot; опал";6000.0000;999;0;2026-05-05 10:34:03;2026-07-01 10:43:46
1465745028;1422095166;1422095166;"Керамогранітний обігрівач KEN-600 &quot;Космос жаккард&quot; кавовий";6000.0000;999;0;2026-05-05 10:34:03;2026-07-01 10:43:46
1465744642;1422096201;1422096201;"Керамогранітний обігрівач KEN-500 &quot;Римляни&quot; медовий";7514.0000;0;0;2026-05-05 10:34:03;2026-07-01 10:43:46
1465745009;1422128530;1422128530;"Керамогранітний обігрівач KEN-600 &quot;Ізморозь жаккард&quot; онікс";6000.0000;0;0;2026-05-05 10:34:03;2026-07-01 10:43:46
1465744597;1422129754;1422129754;"Керамогранітний обігрівач KEN-500 &quot;Космос жаккард&quot; бірюзовий";5400.0000;0;0;2026-05-05 10:34:03;2026-07-01 10:43:46
1465744572;1422132811;1422132811;"Керамогранітний обігрівач KEN-500 &quot;Ізморозь жаккард&quot; малахітовий";5400.0000;999;0;2026-05-05 10:34:03;2026-07-01 10:43:46
1465745032;1422134528;1422134528;"Керамогранітний обігрівач KEN-600 &quot;Космос жаккард&quot; блакитний";6000.0000;0;0;2026-05-05 10:34:03;2026-07-01 10:43:46
1465744573;1422138411;1422138411;"Керамогранітний обігрівач KEN-500 &quot;Ізморозь жаккард&quot; малахітовий";5400.0000;999;0;2026-05-05 10:34:03;2026-07-01 10:43:46
1465744983;1422140338;1422140338;"Керамогранітний обігрівач KEN-600 &quot;Ізморозь жаккард&quot; кварцовий";6000.0000;0;0;2026-05-05 10:34:03;2026-07-01 10:43:46
1465745123;1422148122;1422148122;"Керамогранітний обігрівач KEN-600 &quot;Полотно жаккард&quot; горіховий";6000.0000;0;0;2026-05-05 10:34:03;2026-07-01 10:43:46
1465745116;1422149163;1422149163;"Керамогранітний обігрівач KEN-600 &quot;Полотно жаккард&quot; м'ятний";6000.0000;999;0;2026-05-05 10:34:03;2026-07-01 10:43:46
1465744537;1422150330;1422150330;"Керамогранітний обігрівач KEN-500 &quot;Гранж Жаккард&quot; опал";5400.0000;999;0;2026-05-05 10:34:03;2026-07-01 10:43:46
1465744877;1422153115;1422153115;"Керамогранітний обігрівач KEN-500К &quot;Полотно жаккард&quot; горіховий";5400.0000;999;0;2026-05-05 10:34:03;2026-07-01 10:43:46
1465744594;1422166917;1422166917;"Керамогранітний обігрівач KEN-500 &quot;Космос жаккард&quot; аквамариновий";4554.0000;0;0;2026-05-05 10:34:03;2026-07-01 10:43:46
1465744536;1422167857;1422167857;"Керамогранітний обігрівач KEN-500 &quot;Гранж жаккард&quot; онікс";5400.0000;0;0;2026-05-05 10:34:03;2026-07-01 10:43:46
1465744707;1422186962;1422186962;"Керамогранітний обігрівач KEN-500 &quot;Полотно жаккард&quot; горіховий";5400.0000;999;0;2026-05-05 10:34:03;2026-07-01 10:43:46
1465744462;1430329607;1430329607;"Керамогранітний обігрівач KEN-1400 &quot;Космос жаккард&quot; медовий";9800.0000;0;0;2026-05-05 10:34:03;2026-07-01 10:43:46
1465744924;1434686740;1434686740;"Керамогранітний обігрівач KEN-600 &quot;Гранж жаккард&quot; графітовий";4939.0000;0;0;2026-05-05 10:34:03;2026-07-01 10:43:46
1465745083;1434728463;1434728463;"Керамогранітний обігрівач KEN-600 &quot;Філігри жаккард&quot; персиковий";6000.0000;999;0;2026-05-05 10:34:03;2026-07-01 10:43:46
1465744665;1434729326;1434729326;"Керамогранітний обігрівач KEN-500 &quot;Філігри жаккард&quot; опал";5400.0000;999;0;2026-05-05 10:34:03;2026-07-01 10:43:46
1465744854;1434733537;1434733537;"Керамогранітний обігрівач KEN-500К &quot;Ізморозь жаккард&quot; какао";4554.0000;0;0;2026-05-05 10:34:03;2026-07-01 10:43:46
1465744994;1434734386;1434734386;"Керамогранітний обігрівач KEN-600 &quot;Ізморозь жаккард&quot; малиновий";6000.0000;999;0;2026-05-05 10:34:03;2026-07-01 10:43:46
1465744658;1434737006;1434737006;"Керамогранітний обігрівач KEN-500 &quot;Філігри жаккард&quot; медовий";5400.0000;999;0;2026-05-05 10:34:03;2026-07-01 10:43:46
1465744688;1434754748;1434754748;"Керамогранітний обігрівач KEN-500 &quot;Полотно жаккард&quot; малахітовий";5400.0000;999;0;2026-05-05 10:34:03;2026-07-01 10:43:46
1465744995;1435153603;1435153603;"Керамогранітний обігрівач KEN-600 &quot;Ізморозь жаккард&quot; малиновий";6000.0000;999;0;2026-05-05 10:34:03;2026-07-01 10:43:46
1465745091;1437313778;1437313778;"Керамогранітний обігрівач KEN-600 &quot;Полотно жаккард&quot; бежевий";6000.0000;999;0;2026-05-05 10:34:03;2026-07-01 10:43:46
1465744984;1437316788;1437316788;"Керамогранітний обігрівач KEN-600 &quot;Ізморозь жаккард&quot; кварцовий";4939.0000;0;0;2026-05-05 10:34:03;2026-07-01 10:43:46
1465744595;1437317626;1437317626;"Керамогранітний обігрівач KEN-500 &quot;Космос жаккард&quot; бежевий";5400.0000;999;0;2026-05-05 10:34:03;2026-07-01 10:43:46
1465744489;1437318893;1437318893;"Керамогранітний обігрівач KEN-500 &quot;Глянець&quot; кварцовий";8640.0000;999;0;2026-05-05 10:34:03;2026-07-01 10:43:46
1465744600;1437319199;1437319199;"Керамогранітний обігрівач KEN-500 &quot;Космос жаккард&quot; кварцовий";5400.0000;999;0;2026-05-05 10:34:03;2026-07-01 10:43:46
1465744989;1437320302;1437320302;"Керамогранітний обігрівач KEN-600 &quot;Ізморозь жаккард&quot; блакитний";6000.0000;0;0;2026-05-05 10:34:03;2026-07-01 10:43:46
1465744860;1437322656;1437322656;"Керамогранітний обігрівач KEN-500К &quot;Ізморозь жаккард&quot; блакитний";5400.0000;0;0;2026-05-05 10:34:03;2026-07-01 10:43:46
1465744596;1437327862;1437327862;"Керамогранітний обігрівач KEN-500 &quot;Космос жаккард&quot; бежевий";5400.0000;999;0;2026-05-05 10:34:03;2026-07-01 10:43:46
1465744601;1437330479;1437330479;"Керамогранітний обігрівач KEN-500 &quot;Космос жаккард&quot; кварцовий";5400.0000;0;0;2026-05-05 10:34:03;2026-07-01 10:43:46
1465744816;1437950560;1437950560;"Керамогранітний обігрівач KEN-500K &quot;Космос жаккард&quot; м'ятний";5400.0000;999;0;2026-05-05 10:34:03;2026-07-01 10:43:46
1465745084;1437954576;1437954576;"Керамогранітний обігрівач KEN-600 &quot;Філігри жаккард&quot; персиковий";6000.0000;999;0;2026-05-05 10:34:03;2026-07-01 10:43:46
1465744569;1437956564;1437956564;"Керамогранітний обігрівач KEN-500 &quot;Ізморозь жаккард&quot; полуничний";5400.0000;999;0;2026-05-05 10:34:03;2026-07-01 10:43:46
1465744760;1437958063;1437958063;"Керамогранітний обігрівач KEN-500D &quot;Космос жаккард&quot; аквамариновий";5400.0000;0;0;2026-05-05 10:34:03;2026-07-01 10:43:46
1465744939;1437958584;1437958584;"Керамогранітний обігрівач KEN-600 &quot;Гранж жаккард&quot; полуничний";6000.0000;999;0;2026-05-05 10:34:03;2026-07-01 10:43:46
1465744656;1437959487;1437959487;"Керамогранітний обігрівач KEN-500 &quot;Філігри жаккард&quot; полуничний";4554.0000;0;0;2026-05-05 10:34:03;2026-07-01 10:43:46
1465744683;1437961433;1437961433;"Керамогранітний обігрівач KEN-500 &quot;Полотно жаккард&quot; полуничний";5400.0000;999;0;2026-05-05 10:34:03;2026-07-01 10:43:46
1465744751;1437963895;1437963895;"Керамогранітний обігрівач KEN-500D &quot;Гранж шовк&quot; бірюзовий";5940.0000;0;0;2026-05-05 10:34:03;2026-07-01 10:43:46
1465744551;1437975516;1437975516;"Керамогранітний обігрівач KEN-500 &quot;Гранж шовк&quot; кораловий";5009.0000;0;0;2026-05-05 10:34:03;2026-07-01 10:43:46
1465744806;1437977870;1437977870;"Керамогранітний обігрівач KEN-500K &quot;Глянець&quot; персиковий";8640.0000;999;0;2026-05-05 10:34:03;2026-07-01 10:43:46
1465744524;1437983316;1437983316;"Керамогранітний обігрівач KEN-500 &quot;Гранж жаккард&quot; кораловий";5400.0000;999;0;2026-05-05 10:34:03;2026-07-01 10:43:46
1465744712;1437983526;1437983526;"Керамогранітний обігрівач KEN-500 &quot;Полотно жаккард&quot; персиковий";5400.0000;999;0;2026-05-05 10:34:03;2026-07-01 10:43:46
1465744620;1437984326;1437984326;"Керамогранітний обігрівач KEN-500 &quot;Космос жаккард&quot; нефритовий";5400.0000;0;0;2026-05-05 10:34:03;2026-07-01 10:43:46
1465744729;1437985752;1437985752;"Керамогранітний обігрівач KEN-500D &quot;Глянець&quot; какао";8640.0000;999;0;2026-05-05 10:34:03;2026-07-01 10:43:46
1465744742;1437986418;1437986418;"Керамогранітний обігрівач KEN-500D &quot;Гранж жаккард&quot; полуничний";5400.0000;999;0;2026-05-05 10:34:03;2026-07-01 10:43:46
1465744616;1437987334;1437987334;"Керамогранітний обігрівач KEN-500 &quot;Космос жаккард&quot; м'ятний";5400.0000;999;0;2026-05-05 10:34:03;2026-07-01 10:43:46
1465744814;1437987762;1437987762;"Керамогранітний обігрівач KEN-500K &quot;Космос жаккард&quot; полуничний";5400.0000;999;0;2026-05-05 10:34:03;2026-07-01 10:43:46
1465744697;1437989203;1437989203;"Керамогранітний обігрівач KEN-500 &quot;Полотно жаккард&quot; м'ятний";5400.0000;999;0;2026-05-05 10:34:03;2026-07-01 10:43:46
1465744817;1438027001;1438027001;"Керамогранітний обігрівач KEN-500K &quot;Космос жаккард&quot; онікс";5400.0000;0;0;2026-05-05 10:34:03;2026-07-01 10:43:46
1465744622;1438030008;1438030008;"Керамогранітний обігрівач KEN-500 &quot;Космос жаккард&quot; опал";4554.0000;0;0;2026-05-05 10:34:03;2026-07-01 10:43:46
1465744757;1438031663;1438031663;"Керамогранітний обігрівач KEN-500D &quot;Ізморозь жаккард&quot; опал";5400.0000;999;0;2026-05-05 10:34:03;2026-07-01 10:43:46
1465744661;1438032913;1438032913;"Керамогранітний обігрівач KEN-500 &quot;Філігри жаккард&quot; мармуровий";5400.0000;999;0;2026-05-05 10:34:03;2026-07-01 10:43:46
1465744952;1438035104;1438035104;"Керамогранітний обігрівач KEN-600 &quot;Гранж жаккард&quot; м'ятний";6000.0000;999;0;2026-05-05 10:34:03;2026-07-01 10:43:46
1465745077;1438053782;1438053782;"Керамогранітний обігрівач KEN-600 &quot;Філігри жаккард&quot; малиновий";6000.0000;999;0;2026-05-05 10:34:03;2026-07-01 10:43:46
1465744779;1438055989;1438055989;"Керамогранітний обігрівач KEN-500D &quot;Філігри жаккард&quot; малиновий";5400.0000;999;0;2026-05-05 10:34:03;2026-07-01 10:43:46
1465744538;1438091294;1438091294;"Керамогранітний обігрівач KEN-500 &quot;Гранж Жаккард&quot; опал";4554.0000;0;0;2026-05-05 10:34:03;2026-07-01 10:43:46
1465745033;1438094894;1438094894;"Керамогранітний обігрівач KEN-600 &quot;Космос жаккард&quot; блакитний";6000.0000;0;0;2026-05-05 10:34:03;2026-07-01 10:43:46
1465744964;1438119831;1438119831;"Керамогранітний обігрівач KEN-600 &quot;Гранж жаккард&quot; родоніт";6000.0000;999;0;2026-05-05 10:34:03;2026-07-01 10:43:46
1465744909;1438121161;1438121161;"Керамогранітний обігрівач KEN-600 &quot;Глянець&quot; нефритовий";9600.0000;0;0;2026-05-05 10:34:03;2026-07-01 10:43:46
1465744475;1438122357;1438122357;"Керамогранітний обігрівач KEN-500 &quot;Глянець&quot; аквамариновий";8640.0000;0;0;2026-05-05 10:34:03;2026-07-01 10:43:46
1465744531;1438122485;1438122485;"Керамогранітний обігрівач KEN-500 &quot;Гранж жаккард&quot; мармуровий";5400.0000;0;0;2026-05-05 10:34:03;2026-07-01 10:43:46
1465744657;1438122874;1438122874;"Керамогранітний обігрівач KEN-500 &quot;Філігри жаккард&quot; полуничний";5400.0000;999;0;2026-05-05 10:34:03;2026-07-01 10:43:46
1465744996;1438124321;1438124321;"Керамогранітний обігрівач KEN-600 &quot;Ізморозь жаккард&quot; малиновий";6000.0000;999;0;2026-05-05 10:34:03;2026-07-01 10:43:46
1465744581;1438139689;1438139689;"Керамогранітний обігрівач KEN-500 &quot;Ізморозь жаккард&quot; мармуровий";5400.0000;999;0;2026-05-05 10:34:03;2026-07-01 10:43:46
1465744713;1438141673;1438141673;"Керамогранітний обігрівач KEN-500 &quot;Полотно жаккард&quot; персиковий";5400.0000;999;0;2026-05-05 10:34:03;2026-07-01 10:43:46
1465744621;1438142356;1438142356;"Керамогранітний обігрівач KEN-500 &quot;Космос жаккард&quot; нефритовий";5400.0000;0;0;2026-05-05 10:34:03;2026-07-01 10:43:46
1465744576;1438143357;1438143357;"Керамогранітний обігрівач KEN-500 &quot;Ізморозь жаккард&quot; малиновий";5400.0000;999;0;2026-05-05 10:34:03;2026-07-01 10:43:46
1465745056;1438144676;1438144676;"Керамогранітний обігрівач KEN-600 &quot;Космос жаккард&quot; персиковий";6000.0000;999;0;2026-05-05 10:34:03;2026-07-01 10:43:46
1465744810;1438147261;1438147261;"Керамогранітний обігрівач KEN-500K &quot;Гранж жаккард&quot; меланж";5400.0000;999;0;2026-05-05 10:34:03;2026-07-01 10:43:46
1465744535;1438148416;1438148416;"Керамогранітний обігрівач KEN-500 &quot;Гранж жаккард&quot; нефритовий";5400.0000;0;0;2026-05-05 10:34:03;2026-07-01 10:43:46
1465744863;1441526858;1441526858;"Керамогранітний обігрівач KEN-500К &quot;Макове поле&quot;";5200.0000;999;0;2026-05-05 10:34:03;2026-07-01 10:43:46
1465744540;1445885160;1445885160;"Керамогранітний обігрівач KEN-500 &quot;Гранж жаккард&quot; горіховий";5400.0000;999;0;2026-05-05 10:34:03;2026-07-01 10:43:46
1465744879;1445891516;1445891516;"Керамогранітний обігрівач KEN-500К &quot;Полотно шовк&quot; графітовий";5940.0000;999;0;2026-05-05 10:34:03;2026-07-01 10:43:46
1465744552;1445895915;1445895915;"Керамогранітний обігрівач KEN-500 &quot;Гранж шовк&quot;";5940.0000;0;0;2026-05-05 10:34:03;2026-07-01 10:43:46
1465744878;1445896231;1445896231;"Керамогранітний обігрівач KEN-500К &quot;Полотно шовк&quot; бірюзове";5009.0000;0;0;2026-05-05 10:34:03;2026-07-01 10:43:46
1465744873;1445906400;1445906400;"Керамогранітний обігрівач KEN-500К &quot;Філігрі шовк&quot; графітовий";5940.0000;0;0;2026-05-05 10:34:03;2026-07-01 10:43:46
1465744956;1445906771;1445906771;"Керамогранітний обігрівач KEN-600 &quot;Гранж Жаккард&quot; опал";4939.0000;0;0;2026-05-05 10:34:03;2026-07-01 10:43:46
1465744940;1445907760;1445907760;"Керамогранітний обігрівач KEN-600 &quot;Гранж жаккард&quot; полуничний";6000.0000;999;0;2026-05-05 10:34:03;2026-07-01 10:43:46
1465744787;1445907840;1445907840;"Керамогранітний обігрівач KEN-500D &quot;Полотно жаккард&quot; кварцовий";5400.0000;999;0;2026-05-05 10:34:03;2026-07-01 10:43:46
1465744520;1445908160;1445908160;"Керамогранітний обігрівач KEN-500 &quot;Гранж жаккард&quot; полуничний";5400.0000;999;0;2026-05-05 10:34:03;2026-07-01 10:43:46
1465744992;1445908910;1445908910;"Керамогранітний обігрівач KEN-600 &quot;Ізморозь жаккард&quot; малахітовий";6000.0000;999;0;2026-05-05 10:34:03;2026-07-01 10:43:46
1465745034;1445912567;1445912567;"Керамогранітний обігрівач KEN-600 &quot;Космос жаккард&quot; блакитний";6000.0000;0;0;2026-05-05 10:34:03;2026-07-01 10:43:46
1465745057;1445913020;1445913020;"Керамогранітний обігрівач KEN-600 &quot;Космос жаккард&quot; персиковий";6000.0000;999;0;2026-05-05 10:34:03;2026-07-01 10:43:46
1447;1447;1447;Солодовий екстракт кукурудзяний 5 кг;829.0000;0;1;2026-06-30 23:01:27;2026-07-01 10:43:46
1451;1451;1451;Перегінний куб 60 літрів з мідною кришкою 3 дюйма з клампом під тен;11650.0000;999;0;2026-06-30 23:00:28;2026-07-01 10:43:46
1465744719;1454114260;1454114260;"Керамогранітний обігрівач KEN-500 &quot;Полотно шовк&quot; бірюзове";5940.0000;0;0;2026-05-05 10:34:03;2026-07-01 10:43:46
1465744496;1454115851;1454115851;"Керамогранітний обігрівач KEN-500 &quot;Глянець&quot; мармуровий";8640.0000;999;0;2026-05-05 10:34:03;2026-07-01 10:43:46
1465744571;1454120822;1454120822;"Керамогранітний обігрівач KEN-500 &quot;Ізморозь жаккард&quot; блакитний";5400.0000;0;0;2026-05-05 10:34:03;2026-07-01 10:43:46
1465745018;1454122442;1454122442;"Керамогранітний обігрівач KEN-600 &quot;Ізморозь жаккард&quot; родоніт";6000.0000;999;0;2026-05-05 10:34:03;2026-07-01 10:43:46
1465745008;1454226438;1454226438;"Керамогранітний обігрівач KEN-600 &quot;Ізморозь жаккард&quot; оливковий";6000.0000;999;0;2026-05-05 10:34:03;2026-07-01 10:43:46
1465744587;1454227942;1454227942;"Керамогранітний обігрівач KEN-500 &quot;Ізморозь жаккард&quot; горіховий";5400.0000;999;0;2026-05-05 10:34:03;2026-07-01 10:43:46
1465744612;1454230538;1454230538;"Керамогранітний обігрівач KEN-500 &quot;Космос жаккард&quot; мармуровий";5400.0000;999;0;2026-05-05 10:34:03;2026-07-01 10:43:46
1465744769;1454231957;1454231957;"Керамогранітний обігрівач KEN-500D &quot;Мелані&quot; кварцовий";6300.0000;0;0;2026-05-05 10:34:03;2026-07-01 10:43:46
1465744521;1454247889;1454247889;"Керамогранітний обігрівач KEN-500 &quot;Гранж жаккард&quot; полуничний";5400.0000;999;0;2026-05-05 10:34:03;2026-07-01 10:43:46
1465745093;1454249019;1454249019;"Керамогранітний обігрівач KEN-600 &quot;Полотно жаккард&quot; бірюзовий";6000.0000;0;0;2026-05-05 10:34:03;2026-07-01 10:43:46
1465744907;1454253506;1454253506;"Керамогранітний обігрівач KEN-600 &quot;Глянець&quot; мармуровий";9600.0000;999;0;2026-05-05 10:34:03;2026-07-01 10:43:46
1465744830;1454253763;1454253763;"Керамогранітний обігрівач KEN-500К &quot;Глянець&quot; опал";8640.0000;999;0;2026-05-05 10:34:03;2026-07-01 10:43:46
1465744965;1454255298;1454255298;"Керамогранітний обігрівач KEN-600 &quot;Гранж жаккард&quot; родоніт";6000.0000;999;0;2026-05-05 10:34:03;2026-07-01 10:43:46
1465744476;1454275979;1454275979;"Керамогранітний обігрівач KEN-500 &quot;Глянець&quot; аквамариновий";8640.0000;0;0;2026-05-05 10:34:03;2026-07-01 10:43:46
1465744497;1454277815;1454277815;"Керамогранітний обігрівач KEN-500 &quot;Глянець&quot; мармуровий";8640.0000;999;0;2026-05-05 10:34:03;2026-07-01 10:43:46
1465744695;1454278832;1454278832;"Керамогранітний обігрівач KEN-500 &quot;Полотно жаккард&quot; мармуровий";5400.0000;999;0;2026-05-05 10:34:03;2026-07-01 10:43:46
1465745617;1462115686;1462115686;Терморегулятор Heat Plus BHT 306 (програмований);1419.0000;999;0;2026-05-05 10:29:42;2026-07-01 10:43:46
1078;1462676535;1462676535;Набір трав і спецій Абсент (1л.);72.0000;0;0;2026-05-04 23:00:26;2026-07-01 10:43:46
1079;1462676540;1462676540;Набір спецій для настойки Аквавіта (пряна з цитрусом);40.0000;0;0;2026-05-04 23:00:26;2026-07-01 10:43:46
1080;1462676545;1462676545;Набір спецій для настойки Анісівка (1-2л.);42.0000;0;0;2026-05-04 23:00:26;2026-07-01 10:43:46
1081;1462676550;1462676550;Набір трав і спецій Бехеровка (Чешський травяний лікер);63.0000;0;0;2026-05-04 23:00:26;2026-07-01 10:43:46
1082;1462676555;1462676555;Набір спецій для настойки Бородінська (3л.);53.0000;0;0;2026-05-04 23:00:26;2026-07-01 10:43:46
1083;1462676560;1462676560;Набір спецій для Глінтвейну (0.7л.);59.0000;0;0;2026-05-04 23:00:26;2026-07-01 10:43:46
1084;1462676565;1462676565;Набір спецій для Джина (1.5л.);66.0000;0;0;2026-05-04 23:00:26;2026-07-01 10:43:46
1085;1462676570;1462676570;Набір трав і спецій Ерофеич трав'яний (2-3л.);53.0000;0;0;2026-05-04 23:00:26;2026-07-01 10:43:46
1086;1462676575;1462676575;Набір спецій для настійки Зубрівка (3л.);53.0000;999;1;2026-05-04 23:00:26;2026-07-01 10:43:46
1087;1462676580;1462676580;Набір трав і спецій для лікеру М'ятна (3л.);59.0000;0;0;2026-05-04 23:00:26;2026-07-01 10:43:46
1089;1462676590;1462676590;Набір трав і спецій Кедрівка (1 л.);48.0000;0;0;2026-05-04 23:00:26;2026-07-01 10:43:46
1090;1462676595;1462676595;Набір спецій для настойки Цитрусово-імбирна (3л);47.0000;0;0;2026-05-04 23:00:26;2026-07-01 10:43:46
1091;1462676600;1462676600;Набір трав і спецій Французька на яблуках (1-2л.);42.0000;0;0;2026-05-04 23:00:26;2026-07-01 10:43:46
1092;1462676605;1462676605;Набір трав і спецій солодово-часниковий (1-2л.);42.0000;0;0;2026-05-04 23:00:26;2026-07-01 10:43:46
1093;1462676610;1462676610;Набір трав і спецій Самбука (3л.);59.0000;0;0;2026-05-04 23:00:26;2026-07-01 10:43:46
1095;1462676620;1462676620;Набір трав і спецій Перцівка (3л.);55.0000;0;0;2026-05-04 23:00:26;2026-07-01 10:43:46
1096;1462676625;1462676625;Набір трав і спецій для настойки Особлива на корі дуба (2л.);42.0000;0;0;2026-05-04 23:00:26;2026-07-01 10:43:46
1097;1462676630;1462676630;Набір трав і спецій Мисливська (2л.);59.0000;0;0;2026-05-04 23:00:26;2026-07-01 10:43:46
1098;1462676635;1462676635;Набір трав і спецій «Кримська ароматна» (2-3л.);42.0000;0;0;2026-05-04 23:00:26;2026-07-01 10:43:46
1099;1462676640;1462676640;Набір спецій Моно «Кориця» (50г.);32.0000;0;0;2026-05-04 23:00:26;2026-07-01 10:43:46
1100;1462676645;1462676645;Набір спецій моно «Калган» (50г.);75.0000;0;0;2026-05-04 23:00:26;2026-07-01 10:43:46
1101;1462676650;1462676650;Набір спецій Моно «Зубрівка» (50г.);75.0000;0;1;2026-05-04 23:00:26;2026-07-01 10:43:46
1102;1462677615;1462677615;Набір трав та спецій Коньяк домашній (1л.);40.0000;0;0;2026-05-04 23:00:26;2026-07-01 10:43:46
1465745340;1463679197;1463679197;"Металокерамічний дизайн-обігрівач UDEN-700 &quot;Полум'я&quot;";6429.0000;999;0;2026-05-05 10:34:03;2026-07-01 10:43:46
1465745221;1463681599;1463681599;"Металокерамічний дизайн-обігрівач UDEN-500D &quot;Кора&quot;";6104.0000;999;0;2026-05-05 10:34:03;2026-07-01 10:43:46
1465745265;1463681951;1463681951;"Металокерамічний дизайн-обігрівач UDEN-700 &quot;Айлант&quot;";7052.0000;999;0;2026-05-05 10:34:03;2026-07-01 10:43:46
1103;1465741886;1465741886;Набір спецій для настойки Морська;40.0000;0;0;2026-05-04 23:00:26;2026-07-01 10:43:46
1465745923;1465745923-011;1465745923-011;Царга нержавійка 70см  2 дюйма;1060.0000;5;1;2026-06-30 23:01:38;2026-07-01 10:43:46
1465746301;1465746301;1465746301;Утеплювач для царги 2 дюйми 50см;236.0000;6;1;2026-06-30 23:01:47;2026-07-01 10:43:46
1465746373;1465746373-gv;1465746373-gv;Дріжджі для бурбонів Distilamax GW 500гр;1850.0000;6;1;2026-06-30 23:01:47;2026-07-01 10:43:46
1465746401;1465746401;1465746401;Солод вівсяний Viking Oat Malt;113.2000;99;1;2026-06-30 23:01:53;2026-07-01 10:43:46
1465746403;1465746402;1465746402;Дріжджі Pinnacle MG+ для віскі та бурбонів, 25g;240.0000;21;1;2026-06-30 23:01:48;2026-07-01 10:43:46
1465746222;1465746404;1465746404;Есенція Strands OLD BALTIMORE 250 мл;830.0000;0;1;2026-06-30 23:01:48;2026-07-01 10:43:46
1465746406;1465746406;1465746406;Винні дріжджі Coobra RESTART (21 г);116.0000;0;1;2026-06-30 23:01:48;2026-07-01 10:43:46
1465746408;1465746408;1465746408;Вузол відбору по пару кламп 2 дюйми;1090.0000;0;1;2026-06-30 23:01:48;2026-07-01 10:43:46
1465746409;1465746409;1465746409;Барботер кламп 2 дюйми;774.0000;1;1;2026-06-30 23:01:48;2026-07-01 10:43:46
1465746411;1465746411;1465746411;Самогонний апарат 85 л з дефлегматором 2 дюйми;19500.0000;999;1;2026-06-30 23:01:03;2026-07-01 10:43:46
1465746421;1465746421;1465746421;Подарунковий сертифікат на 500 грн;500.0000;999;1;2025-09-25 13:20:52;2026-07-01 10:43:46
1465746422;1465746422;1465746422;Подарунковий сертифікат на 1000 грн;1000.0000;999;1;2025-09-25 13:24:28;2026-07-01 10:43:46
1465746423;1465746423;1465746423;Подарунковий сертифікат на 2000 грн;2000.0000;999;1;2025-09-25 13:32:18;2026-07-01 10:43:46
1465746424;1465746424;1465746424;Ємність для бродіння з гідрозатвором, краном та шкалою 33л;587.0000;2;1;2026-06-30 23:01:04;2026-07-01 10:43:46
1465746425;1465746425;1465746425;Заглушка для клампа DN12,7 діаметр 25,4мм;170.0000;0;1;2026-06-30 23:01:48;2026-07-01 10:43:46
1465746426;1465746426;1465746426;Пивні дріжджі Lallemand LalBrew Voss™ Kveik, 11грам;220.0000;0;1;2026-06-30 23:01:48;2026-07-01 10:43:46
1465746428;1465746428;1465746428;Мензурка 100мл;279.0000;1;1;2026-06-30 23:01:49;2026-07-01 10:43:46
1465746429;1465746429;1465746429;Мензурка 50мл;229.0000;1;1;2026-06-30 23:01:49;2026-07-01 10:43:46
1465746430;1465746430;1465746430;Мензурка 250мл;389.0000;1;1;2026-06-30 23:01:49;2026-07-01 10:43:46
1465746435;1465746435;1465746435;Бочка з-під бурбона 225 л;24000.0000;10;1;2026-06-30 23:01:04;2026-07-01 10:43:46
1465746454;1465746454;1465746454;"Вузол відбору по пару з ніпелем під термометр 2&quot;";1630.0000;1;1;2026-06-30 23:01:49;2026-07-01 10:43:46
1465746455;1465746455;1465746455;"Перехідник з клампа 1.5&quot; на 3&quot;";650.0000;1;1;2026-06-30 23:01:49;2026-07-01 10:43:46
1465746456;1465746456;1465746456;"Міні дефлегматор 1,5&quot; 120мм";1400.0000;1;1;2026-06-30 23:01:49;2026-07-01 10:43:46
1465746457;1465746457;1465746457;Солодовий екстракт ячмінний темний, 5кг;589.0000;5;1;2026-06-30 23:01:49;2026-07-01 10:43:46
1465746461;1465746461;1465746461;Конектор для шланга зелений, внутрішня різьба 1/2;39.0000;10;1;2026-06-30 23:01:49;2026-07-01 10:43:46
1465746462;1465746462;1465746462;Конектор для шланга помаранчевий, внутрішня різьба 1/2;39.0000;10;1;2026-06-30 23:01:49;2026-07-01 10:43:46
1465746473;1465746473;1465746473;Перегінний куб на 85 літрів, 2 дюйми, з фальшдном та теном— б/в;12200.0000;1;1;2026-06-30 23:01:05;2026-07-01 10:43:46
1465746474;1465746474;1465746474;Вживана пластикова ємність для бродіння Speidel 120 л з гідрозатвором та краном;5160.0000;2;1;2026-06-30 23:01:05;2026-07-01 10:43:46
1465746475;1465746475;1465746475;"Вузол дистиляції для отримання спирту-сирцю 2&quot; б/в";2780.0000;1;1;2026-06-30 23:01:06;2026-07-01 10:43:46
1465746476;1465746476;1465746476;Папуга металевий для самогону з нержавіючої сталі б/в;670.0000;1;1;2026-06-30 23:01:06;2026-07-01 10:43:46
1465746477;1465746477;1465746477;Б/в ємність ферментаційна SPEIDEL Fermentegg 250 л;27950.0000;2;1;2026-06-30 23:01:05;2026-07-01 10:43:46
1465746478;1465746478;1465746478;Б/в домашня пивоварня SPEIDEL Braumeister 50 L Plus, з Wi-Fi модулем;82000.0000;1;1;2026-06-30 23:01:06;2026-07-01 10:43:46
1465746490;1465746490;1465746490;Хміль Ekuanot® / Екванот, α-13%, 50гр;98.0000;104;1;2026-06-30 23:01:50;2026-07-01 10:43:46
1465746491;1465746491;1465746491;Малий шаровий кран DN8;100.0000;1;1;2026-06-30 23:01:50;2026-07-01 10:43:46
1465746492;1465746492;1465746492;"Додатковий рівень 3&quot; до тарільчастої колони з діоптра";2929.0000;0;1;2026-06-30 23:01:50;2026-07-01 10:43:46
1465746493;1465746493;1465746493;"Додатковий рівень 2&quot; до тарільчастої колони з діоптра";2149.0000;0;1;2026-06-30 23:01:50;2026-07-01 10:43:46
1465746533;1465746533;1465746533;Солод копчений BESTMALZ BEST Smoked Malt;189.0000;999;1;2026-06-30 23:01:06;2026-07-01 10:43:46
1465746534;1465746534;1465746534;Торф’яний солод BESTMALZ BEST Peated;199.0000;999;1;2026-06-30 23:01:06;2026-07-01 10:43:46
1822;14845;14845;Вуличний газовий камін для терас ACTIVA ASANO 12,5 кВт;34950.0000;999;0;2026-05-05 10:34:03;2026-07-01 10:43:46
1465745362;1492296141;1492296141;"Металокерамічний дизайн-обігрівач UDEN-700 &quot;Фламінго&quot; універсал";6015.0000;999;0;2026-05-05 10:34:03;2026-07-01 10:43:46
1465745375;1492300666;1492300666;"Металокерамічний дизайн-обігрівач UDEN-900 &quot;Майя&quot;";8480.0000;999;0;2026-05-05 10:34:03;2026-07-01 10:43:46
1465744741;1495511300;1495511300;"Керамогранітний обігрівач KEN-500D &quot;Гранж жаккард&quot; кварцовий";5400.0000;999;0;2026-05-05 10:34:03;2026-07-01 10:43:46
1465744793;1495512283;1495512283;"Керамогранітний обігрівач KEN-500K &quot;Глянець&quot; аквамариновий";8640.0000;0;0;2026-05-05 10:34:03;2026-07-01 10:43:46
1465744498;1495513914;1495513914;"Керамогранітний обігрівач KEN-500 &quot;Глянець&quot; мармуровий";8640.0000;999;0;2026-05-05 10:34:03;2026-07-01 10:43:46
1465744501;1495515588;1495515588;"Керамогранітний обігрівач KEN-500 &quot;Глянець&quot; опал";8640.0000;999;0;2026-05-05 10:34:03;2026-07-01 10:43:46
1465744903;1495516234;1495516234;"Керамогранітний обігрівач KEN-600 &quot;Глянець&quot; кавовий";9600.0000;999;0;2026-05-05 10:34:03;2026-07-01 10:43:46
1465744813;1495536913;1495536913;"Керамогранітний обігрівач KEN-500K &quot;Космос жаккард&quot; аквамариновий";5400.0000;0;0;2026-05-05 10:34:03;2026-07-01 10:43:46
1465744684;1495545704;1495545704;"Керамогранітний обігрівач KEN-500 &quot;Полотно жаккард&quot; полуничний";5400.0000;999;0;2026-05-05 10:34:03;2026-07-01 10:43:46
1465744624;1495546837;1495546837;"Керамогранітний обігрівач KEN-500 &quot;Космос жаккард&quot; горіховий";5400.0000;999;0;2026-05-05 10:34:03;2026-07-01 10:43:46
1465744530;1495548236;1495548236;"Керамогранітний обігрівач KEN-500 &quot;Гранж жаккард&quot; меланж";5400.0000;999;0;2026-05-05 10:34:03;2026-07-01 10:43:46
1465745053;1495551533;1495551533;"Керамогранітний обігрівач KEN-600 &quot;Космос жаккард&quot; горіховий";6000.0000;999;0;2026-05-05 10:34:03;2026-07-01 10:43:46
309;1500514;1500514;Дріжджі SafSpirit FD-3, 500g;2956.0000;5;1;2026-06-30 23:01:12;2026-07-01 10:43:46
1465744864;1521401543;1521401543;"Керамогранітний обігрівач KEN-500К &quot;Марго&quot; графітовий";5400.0000;999;0;2026-05-05 10:34:03;2026-07-01 10:43:46
1465745058;1521405352;1521405352;"Керамогранітний обігрівач KEN-600 &quot;Космос жаккард&quot; родоніт";6000.0000;999;0;2026-05-05 10:34:03;2026-07-01 10:43:46
1465744643;1521409619;1521409619;"Керамогранітний обігрівач KEN-500 &quot;Римляни&quot; медовий";7514.0000;999;0;2026-05-05 10:34:03;2026-07-01 10:43:46
1465744820;1521411857;1521411857;"Керамогранітний обігрівач KEN-500K &quot;Філігрі шовк&quot; кварцовий";5940.0000;999;0;2026-05-05 10:34:03;2026-07-01 10:43:46
1465744567;1521415968;1521415968;"Керамогранітний обігрівач KEN-500 &quot;Ізморозь жаккард&quot; кварцовий";5400.0000;999;0;2026-05-05 10:34:03;2026-07-01 10:43:46
1465744858;1521426063;1521426063;"Керамогранітний обігрівач KEN-500К &quot;Ізморозь жаккард&quot; полуничний";5400.0000;999;0;2026-05-05 10:34:03;2026-07-01 10:43:46
1465744841;1521428842;1521428842;"Керамогранітний обігрівач KEN-500К &quot;Гранж жаккард&quot; полуничний";5400.0000;999;0;2026-05-05 10:34:03;2026-07-01 10:43:46
1465745062;1521453167;1521453167;"Керамогранітний обігрівач KEN-600 &quot;Медуза&quot; графітовий";5800.0000;999;0;2026-05-05 10:34:03;2026-07-01 10:43:46
1465744754;1521470894;1521470894;"Керамогранітний обігрівач KEN-500D &quot;Ізморозь жаккард&quot; графітовий";5400.0000;999;0;2026-05-05 10:34:03;2026-07-01 10:43:46
1465744809;1521484202;1521484202;"Керамогранітний обігрівач KEN-500K &quot;Гранж жаккард&quot; аквамариновий";5400.0000;0;0;2026-05-05 10:34:03;2026-07-01 10:43:46
1465744986;1521576736;1521576736;"Керамогранітний обігрівач KEN-600 &quot;Ізморозь жаккард&quot; полуничний";6000.0000;999;0;2026-05-05 10:34:03;2026-07-01 10:43:46
1465744896;1521578775;1521578775;"Керамогранітний обігрівач KEN-600 &quot;Глянець&quot; графітовий";9600.0000;999;0;2026-05-05 10:34:03;2026-07-01 10:43:46
1465744667;1521581557;1521581557;"Керамогранітний обігрівач KEN-500 &quot;Філігри жаккард&quot; родоніт";5400.0000;999;0;2026-05-05 10:34:03;2026-07-01 10:43:46
1465744541;1521595553;1521595553;"Керамогранітний обігрівач KEN-500 &quot;Гранж жаккард&quot; горіховий";4554.0000;0;0;2026-05-05 10:34:03;2026-07-01 10:43:46
1465744948;1521604683;1521604683;"Керамогранітний обігрівач KEN-600 &quot;Гранж жаккард&quot; меланж";6000.0000;999;0;2026-05-05 10:34:03;2026-07-01 10:43:46
1465745044;1521609144;1521609144;"Керамогранітний обігрівач KEN-600 &quot;Космос жаккард&quot; м'ятний";6000.0000;999;0;2026-05-05 10:34:03;2026-07-01 10:43:46
1465744522;1521617016;1521617016;"Керамогранітний обігрівач KEN-500 &quot;Гранж жаккард&quot; полуничний";5400.0000;999;0;2026-05-05 10:34:03;2026-07-01 10:43:46
1465745094;1521676173;1521676173;"Керамогранітний обігрівач KEN-600 &quot;Полотно жаккард&quot; графітовий";6000.0000;999;0;2026-05-05 10:34:03;2026-07-01 10:43:46
1465744880;1521689754;1521689754;"Керамогранітний обігрівач KEN-500К &quot;Полотно шовк&quot; бузковий";5940.0000;0;0;2026-05-05 10:34:03;2026-07-01 10:43:46
1465744842;1521696474;1521696474;"Керамогранітний обігрівач KEN-500К &quot;Гранж жаккард&quot; блакитний";5400.0000;0;0;2026-05-05 10:34:03;2026-07-01 10:43:46
1465744869;1521703152;1521703152;"Керамогранітний обігрівач KEN-500К &quot;Філігри жаккард&quot; блакитний";5400.0000;0;0;2026-05-05 10:34:03;2026-07-01 10:43:46
1465744722;1525968982;1525968982;"Керамогранітний обігрівач KEN-500 &quot;Шиповник&quot; кварцовий";4800.0000;999;0;2026-05-05 10:34:03;2026-07-01 10:43:46
1465744720;1525973773;1525973773;"Керамогранітний обігрівач KEN-500 &quot;Червоне сяйво&quot;";5600.0000;999;0;2026-05-05 10:34:03;2026-07-01 10:43:46
1465745061;1525975213;1525975213;"Керамогранітний обігрівач KEN-600 &quot;Марі&quot; кварцовий";5431.0000;999;0;2026-05-05 10:34:03;2026-07-01 10:43:46
1465745560;1537733458;1537733458;"Металокерамічний обігрівач UDEN-700 &quot;універсал&quot; з ДУ";5748.0000;999;0;2026-05-05 10:34:03;2026-07-01 10:43:46
1465745574;1539464266;1539464266;Металокерамічний обігрівач UDEN-900;4988.0000;999;0;2026-05-05 10:34:03;2026-07-01 10:43:46
1465745575;1539479802;1539479802;"Металокерамічний обігрівач UDEN-900 &quot;універсал&quot;";5138.0000;999;0;2026-05-05 10:34:03;2026-07-01 10:43:46
1465745405;1539482899;1539482899;Металокерамічний обігрівач UDEN-1000;5408.0000;999;0;2026-05-05 10:34:03;2026-07-01 10:43:46
1465745406;1539489617;1539489617;"Металокерамічний обігрівач UDEN-1000 &quot;універсал&quot;";5558.0000;999;0;2026-05-05 10:34:03;2026-07-01 10:43:46
1465745582;1539546663;1539546663;"Металокерамічний обігрівач UDEN-900 &quot;універсал&quot; з ДУ";6538.0000;999;0;2026-05-05 10:34:03;2026-07-01 10:43:46
1465745413;1539557281;1539557281;"Металокерамічний обігрівач UDEN-1000 &quot;універсал&quot; з ДУ";6958.0000;999;0;2026-05-05 10:34:03;2026-07-01 10:43:46
1465745376;1543872146;1543872146;"Металокерамічний дизайн-обігрівач UDEN-900 &quot;Талісман&quot;";8480.0000;999;0;2026-05-05 10:34:03;2026-07-01 10:43:46
1465744990;1546146722;1546146722;"Керамогранітний обігрівач KEN-600 &quot;Ізморозь жаккард&quot; блакитний";6000.0000;0;0;2026-05-05 10:34:03;2026-07-01 10:43:46
1465744675;1546160255;1546160255;"Керамогранітний обігрівач KEN-500 &quot;Полотно жаккард&quot; аквамариновий";5400.0000;0;0;2026-05-05 10:34:03;2026-07-01 10:43:46
1465744660;1546166224;1546166224;"Керамогранітний обігрівач KEN-500 &quot;Філігри жаккард&quot; меланж";5400.0000;999;0;2026-05-05 10:34:03;2026-07-01 10:43:46
1465744845;1546169498;1546169498;"Керамогранітний обігрівач KEN-500К &quot;Гранж жаккард&quot; нефритовий";5400.0000;999;0;2026-05-05 10:34:03;2026-07-01 10:43:46
1465744502;1546173956;1546173956;"Керамогранітний обігрівач KEN-500 &quot;Глянець&quot; горіховий";8640.0000;999;0;2026-05-05 10:34:03;2026-07-01 10:43:46
1465745059;1546177053;1546177053;"Керамогранітний обігрівач KEN-600 &quot;Космос жаккард&quot; родоніт";6000.0000;999;0;2026-05-05 10:34:03;2026-07-01 10:43:46
1465744768;1546177754;1546177754;"Керамогранітний обігрівач KEN-500D &quot;Космос шовк&quot; кавовий";5940.0000;999;0;2026-05-05 10:34:03;2026-07-01 10:43:46
1465745128;1546187910;1546187910;"Керамогранітний обігрівач KEN-600 &quot;Полотно шовк&quot; м'ятний";5433.0000;0;0;2026-05-05 10:34:03;2026-07-01 10:43:46
1465744957;1546190893;1546190893;"Керамогранітний обігрівач KEN-600 &quot;Гранж Жаккард&quot; опал";6000.0000;999;0;2026-05-05 10:34:03;2026-07-01 10:43:46
1465745217;1553798831;1553798831;"Металокерамічний дизайн-обігрівач UDEN-500D &quot;Аурум&quot; універсал";5638.0000;0;0;2026-05-05 10:34:03;2026-07-01 10:43:46
1465745370;1554660692;1554660692;Металокерамічний дизайн-обігрівач UDEN-700 C-3018;4480.0000;999;0;2026-05-05 10:34:03;2026-07-01 10:43:46
1465745187;1555934513;1555934513;Металокерамічний дизайн-обігрівач UDEN-200 C-6026;3240.0000;999;0;2026-05-05 10:34:03;2026-07-01 10:43:46
1465746420;1576;1576;Мідний казанок луджений на 5 л.;9360.0000;1;1;2026-06-30 23:01:04;2026-07-01 10:43:46
1465745068;1586879985;1586879985;"Керамогранітний обігрівач KEN-600 &quot;Тропіки&quot; малахітовий";6200.0000;999;0;2026-05-05 10:34:03;2026-07-01 10:43:46
1465745944;15880882-1;15880882-1;Ковпачкова колона 3 дюйма Cristal Spirit (без куба);18645.0000;999;1;2026-06-30 23:05:40;2026-07-01 10:43:46
1465745945;15880882-2;15880882-2;Ковпачкова колона 3 дюйма/4 рів. Cristal Spirit (без куба);20240.0000;999;1;2026-06-30 23:05:40;2026-07-01 10:43:46
1465745946;15880882-3;15880882-3;Ковпачкова колона 3 дюйма/5 рів. Cristal Spirit (без куба);21835.0000;999;1;2026-06-30 23:05:41;2026-07-01 10:43:46
176;1600214;1600214;Пивні дріжджі Safale S-04, 500 гр;2940.0000;0;1;2026-06-30 23:01:10;2026-07-01 10:43:46
1465744772;1608486364;1608486364;"Керамогранітний обігрівач KEN-500D &quot;Панда і команда&quot;";5400.0000;999;0;2026-05-05 10:34:03;2026-07-01 10:43:46
1465744775;1608518804;1608518804;"Керамогранітний обігрівач KEN-500D &quot;Теплий вечір&quot;";6000.0000;999;0;2026-05-05 10:34:03;2026-07-01 10:43:46
1465744771;1608520515;1608520515;"Керамогранітний обігрівач KEN-500D &quot;Місячна ніч&quot;";6000.0000;999;0;2026-05-05 10:34:03;2026-07-01 10:43:46
1465744848;1608522194;1608522194;"Керамогранітний обігрівач KEN-500К &quot;Зебра&quot;";5200.0000;999;0;2026-05-05 10:34:03;2026-07-01 10:43:46
1465744635;1608523147;1608523147;"Керамогранітний обігрівач KEN-500 &quot;Містечко&quot;";6000.0000;999;0;2026-05-05 10:34:03;2026-07-01 10:43:46
1465744866;1619013980;1619013980;"Керамогранітний обігрівач KEN-500К &quot;Тропікана&quot; кварцовий";5431.0000;999;0;2026-05-05 10:34:03;2026-07-01 10:43:46
1465744592;1623240292;1623240292;"Керамогранітний обігрівач KEN-500 &quot;Квартальчик&quot;";6000.0000;999;0;2026-05-05 10:34:03;2026-07-01 10:43:46
1465744641;1623240730;1623240730;"Керамогранітний обігрівач KEN-500 &quot;Райончик&quot;";6000.0000;999;0;2026-05-05 10:34:03;2026-07-01 10:43:46
1465744774;1623240781;1623240781;"Керамогранітний обігрівач KEN-500D &quot;Сонячний день&quot;";6000.0000;999;0;2026-05-05 10:34:03;2026-07-01 10:43:46
1465744721;1626664986;1626664986;"Керамогранітний обігрівач KEN-500 &quot;Шалені перегони&quot;";5693.0000;999;0;2026-05-05 10:34:03;2026-07-01 10:43:46
1465745236;1637276161;1637276161;"Металокерамічний дизайн-обігрівач UDEN-500К &quot;Джавеліна&quot;";5710.0000;999;0;2026-05-05 10:34:03;2026-07-01 10:43:46
1465745232;1637276281;1637276281;"Металокерамічний дизайн-обігрівач UDEN-500К &quot;Боріться-поборете&quot;";5710.0000;999;0;2026-05-05 10:34:03;2026-07-01 10:43:46
1465745200;1637276400;1637276400;"Металокерамічний дизайн-обігрівач UDEN-500 &quot;Колоски&quot;";5438.0000;0;0;2026-05-05 10:34:03;2026-07-01 10:43:46
1465744444;1637288450;1637288450;"Керамогранітний обігрівач &quot;Мінливість&quot; (триптих)";17100.0000;999;0;2026-05-05 10:34:03;2026-07-01 10:43:46
1465744443;1637298183;1637298183;"Керамогранітний обігрівач &quot;Сказкове місто&quot; (триптих)";17100.0000;999;0;2026-05-05 10:34:03;2026-07-01 10:43:46
1465745624;1644271775;1644271775;Терморегулятор Terneo Rol;719.0000;999;0;2026-05-05 10:29:42;2026-07-01 10:43:46
1465744441;1644287771;1644287771;Адаптер для накладного монтажу терморегулятора Terneo, білий;84.0000;999;0;2026-05-05 10:29:42;2026-07-01 10:43:46
1465745609;1644291055;1644291055;Механічний терморегулятор M5.16;625.0000;999;0;2026-05-05 10:29:42;2026-07-01 10:43:46
1465745263;1649162601;1649162601;"Металокерамічний дизайн-обігрівач UDEN-500К &quot;Цвіт нації&quot;";5710.0000;999;0;2026-05-05 10:34:03;2026-07-01 10:43:46
1465745259;1649163535;1649163535;"Металокерамічний дизайн-обігрівач UDEN-500К &quot;Стефанія&quot;";5438.0000;0;0;2026-05-05 10:34:03;2026-07-01 10:43:46
1465745229;1649164446;1649164446;"Металокерамічний дизайн-обігрівач UDEN-500D &quot;Шлях&quot;";5710.0000;999;0;2026-05-05 10:34:03;2026-07-01 10:43:46
1465745195;1649165107;1649165107;"Металокерамічний дизайн-обігрівач UDEN-500 &quot;Анджеліна&quot;";5710.0000;999;0;2026-05-05 10:34:03;2026-07-01 10:43:46
1465745291;1657536974;1657536974;"Металокерамічний дизайн-обігрівач UDEN-700 &quot;Воля&quot;";6000.0000;0;0;2026-05-05 10:34:03;2026-07-01 10:43:46
1465745204;1658512564;1658512564;"Металокерамічний дизайн-обігрівач UDEN-500 &quot;Патрон&quot;";6188.0000;0;0;2026-05-05 10:34:03;2026-07-01 10:43:46
1465745627;1666914698;1666914698;Терморегулятор terneo srz red;839.0000;0;0;2026-05-05 10:29:42;2026-07-01 10:43:46
1465745626;1690036869;1690036869;Терморегулятор terneo srz;1115.0000;999;0;2026-05-05 10:29:42;2026-07-01 10:43:46
1465745612;1694744406;1694744406;Стійка для обігрівача UDEN-1000, UDEN-500К;820.0000;999;0;2026-05-05 10:29:42;2026-07-01 10:43:46
310;1700098;1700098;Дріжджі SafSpirit M-1 (Whisky), 500g;2956.0000;5;1;2026-06-30 23:01:12;2026-07-01 10:43:46
182;1700383;1700383;Пивні дріжджі Saflager W-34/70, 500гр;5625.0000;0;1;2026-06-30 23:01:10;2026-07-01 10:43:46
1465745222;170040004;170040004;"Металокерамічний дизайн-обігрівач UDEN-500D &quot;Кристал&quot;";6104.0000;999;0;2026-05-05 10:34:03;2026-07-01 10:43:46
1465744647;1707967272;1707967272;"Керамогранітний обігрівач KEN-500 &quot;Фелікс&quot; рудий";4000.0000;0;0;2026-05-05 10:34:03;2026-07-01 10:43:46
1465744527;1710603459;1710603459;"Керамогранітний обігрівач KEN-500 &quot;Гранж жаккард&quot; блакитний";5400.0000;0;0;2026-05-05 10:34:03;2026-07-01 10:43:46
1465744505;1710603890;1710603890;"Керамогранітний обігрівач KEN-500 &quot;Гранж жаккард&quot; аквамариновий";5400.0000;0;0;2026-05-05 10:34:03;2026-07-01 10:43:46
1465744617;1710604262;1710604262;"Керамогранітний обігрівач KEN-500 &quot;Космос жаккард&quot; м'ятний";5400.0000;999;0;2026-05-05 10:34:03;2026-07-01 10:43:46
1465744718;1710604541;1710604541;"Керамогранітний обігрівач KEN-500 &quot;Полотно жаккард&quot; шоколадний";5400.0000;999;0;2026-05-05 10:34:03;2026-07-01 10:43:46
1465744698;1710604868;1710604868;"Керамогранітний обігрівач KEN-500 &quot;Полотно жаккард&quot; м'ятний";5400.0000;999;0;2026-05-05 10:34:03;2026-07-01 10:43:46
1465745097;1710605032;1710605032;"Керамогранітний обігрівач KEN-600 &quot;Полотно жаккард&quot; какао";6000.0000;999;0;2026-05-05 10:34:03;2026-07-01 10:43:46
1465745027;1710605179;1710605179;"Керамогранітний обігрівач KEN-600 &quot;Космос жаккард&quot; кораловий";6000.0000;999;0;2026-05-05 10:34:03;2026-07-01 10:43:46
1465744934;1710605336;1710605336;"Керамогранітний обігрівач KEN-600 &quot;Гранж жаккард&quot; кварцовий";6000.0000;999;0;2026-05-05 10:34:03;2026-07-01 10:43:46
1465744648;1710606035;1710606035;"Керамогранітний обігрівач KEN-500 &quot;Філігри жаккард&quot; бежевий";5400.0000;0;0;2026-05-05 10:34:03;2026-07-01 10:43:46
1465744686;1713034979;1713034979;"Керамогранітний обігрівач KEN-500 &quot;Полотно жаккард&quot; кавовий";5400.0000;0;0;2026-05-05 10:34:03;2026-07-01 10:43:46
1465744870;1713035506;1713035506;"Керамогранітний обігрівач KEN-500К &quot;Філігри жаккард&quot; мармуровий";4554.0000;0;0;2026-05-05 10:34:03;2026-07-01 10:43:46
1465745071;1713036823;1713036823;"Керамогранітний обігрівач KEN-600 &quot;Філігри жаккард&quot; бежевий";6000.0000;999;0;2026-05-05 10:34:03;2026-07-01 10:43:46
1465744857;1713045692;1713045692;"Керамогранітний обігрівач KEN-500К &quot;Ізморозь жаккард&quot; кварцовий";5400.0000;999;0;2026-05-05 10:34:03;2026-07-01 10:43:46
1465745110;1713058205;1713058205;"Керамогранітний обігрівач KEN-600 &quot;Полотно жаккард&quot; меланж";6000.0000;999;0;2026-05-05 10:34:03;2026-07-01 10:43:46
1465745130;1713060611;1713060611;"Керамогранітний обігрівач KEN-700 &quot;Глянець&quot; графітовий";7469.0000;0;0;2026-05-05 10:34:03;2026-07-01 10:43:46
1465744725;1713073699;1713073699;"Керамогранітний обігрівач KEN-500D &quot;Арін&quot;";5000.0000;999;0;2026-05-05 10:34:03;2026-07-01 10:43:46
1465744882;1713075008;1713075008;"Керамогранітний обігрівач KEN-600 &quot;Валері&quot;";5000.0000;999;0;2026-05-05 10:34:03;2026-07-01 10:43:46
1465744971;1713083850;1713083850;"Керамогранітний обігрівач KEN-600 &quot;Жасмін&quot;";6174.0000;0;0;2026-05-05 10:34:03;2026-07-01 10:43:46
1465744773;1713090114;1713090114;"Керамогранітний обігрівач KEN-500D &quot;Полін&quot;";5431.0000;999;0;2026-05-05 10:34:03;2026-07-01 10:43:46
1465744463;1713105306;1713105306;"Керамогранітний обігрівач KEN-400 &quot;Губка Боб&quot;";4000.0000;0;0;2026-05-05 10:34:03;2026-07-01 10:43:46
1465744468;1713107450;1713107450;"Керамогранітний обігрівач KEN-400 &quot;Хлоя&quot;";5400.0000;0;0;2026-05-05 10:34:03;2026-07-01 10:43:46
1465744633;1713110934;1713110934;"Керамогранітний обігрівач KEN-500 &quot;Кошеня Гав&quot;";3200.0000;999;0;2026-05-05 10:34:03;2026-07-01 10:43:46
1465744646;1713113557;1713113557;"Керамогранітний обігрівач KEN-500 &quot;Спайк&quot;";4500.0000;999;0;2026-05-05 10:34:03;2026-07-01 10:43:46
1465745131;1723568458;1723568458;"Керамогранітний обігрівач KEN-700 &quot;Глянець&quot; кварцовий";10400.0000;0;0;2026-05-05 10:34:03;2026-07-01 10:43:46
1465745159;1723570495;1723570495;"Керамогранітний обігрівач KEN-700 &quot;Космос жаккард&quot; бірюзовий";6500.0000;0;0;2026-05-05 10:34:03;2026-07-01 10:43:46
1465745163;1723970569;1723970569;"Керамогранітний обігрівач KEN-700 &quot;Космос жаккард&quot; нефритовий";6500.0000;0;0;2026-05-05 10:34:03;2026-07-01 10:43:46
1465744609;1731681014;1731681014;"Керамогранітний обігрівач KEN-500 &quot;Космос жаккард&quot; малиновий";5400.0000;999;0;2026-05-05 10:34:03;2026-07-01 10:43:46
1465744758;1731683343;1731683343;"Керамогранітний обігрівач KEN-500D &quot;Ізморозь жаккард&quot; персиковий";5400.0000;999;0;2026-05-05 10:34:03;2026-07-01 10:43:46
1465744748;1731683406;1731683406;"Керамогранітний обігрівач KEN-500D &quot;Гранж жаккард&quot; м'ятний";4554.0000;0;0;2026-05-05 10:34:03;2026-07-01 10:43:46
1465744999;1731684768;1731684768;"Керамогранітний обігрівач KEN-600 &quot;Ізморозь жаккард&quot; медовий";6000.0000;999;0;2026-05-05 10:34:03;2026-07-01 10:43:46
1465744828;1731685438;1731685438;"Керамогранітний обігрівач KEN-500К &quot;Глянець&quot; бежевий";8640.0000;999;0;2026-05-05 10:34:03;2026-07-01 10:43:46
1465745037;1731686695;1731686695;"Керамогранітний обігрівач KEN-600 &quot;Космос жаккард&quot; малахітовий";6000.0000;999;0;2026-05-05 10:34:03;2026-07-01 10:43:46
1465744747;1731690281;1731690281;"Керамогранітний обігрівач KEN-500D &quot;Гранж жаккард&quot; мармуровий";5400.0000;999;0;2026-05-05 10:34:03;2026-07-01 10:43:46
1465744650;1731699333;1731699333;"Керамогранітний обігрівач KEN-500 &quot;Філігри жаккард&quot; білий";5400.0000;999;0;2026-05-05 10:34:03;2026-07-01 10:43:46
1465744941;1731705236;1731705236;"Керамогранітний обігрівач KEN-600 &quot;Гранж жаккард&quot; полуничний";6000.0000;999;0;2026-05-05 10:34:03;2026-07-01 10:43:46
1465744560;1731708976;1731708976;"Керамогранітний обігрівач KEN-500 &quot;Ізморозь жаккард&quot; бежевий";5400.0000;999;0;2026-05-05 10:34:03;2026-07-01 10:43:46
1465744562;1731717200;1731717200;"Керамогранітний обігрівач KEN-500 &quot;Ізморозь жаккард&quot; білий";5400.0000;999;0;2026-05-05 10:34:03;2026-07-01 10:43:46
1465744975;1731717856;1731717856;"Керамогранітний обігрівач KEN-600 &quot;Ізморозь жаккард&quot; білий";6000.0000;999;0;2026-05-05 10:34:03;2026-07-01 10:43:46
1465744831;1731718048;1731718048;"Керамогранітний обігрівач KEN-500К &quot;Глянець&quot; родоніт";8640.0000;999;0;2026-05-05 10:34:03;2026-07-01 10:43:46
1465745017;1731718851;1731718851;"Керамогранітний обігрівач KEN-600 &quot;Ізморозь жаккард&quot; персиковий";6000.0000;999;0;2026-05-05 10:34:03;2026-07-01 10:43:46
1465744897;1731719099;1731719099;"Керамогранітний обігрівач KEN-600 &quot;Глянець&quot; смарагдовий";9600.0000;999;0;2026-05-05 10:34:03;2026-07-01 10:43:46
1465744716;1731719547;1731719547;"Керамогранітний обігрівач KEN-500 &quot;Полотно жаккард&quot; родоніт";5400.0000;999;0;2026-05-05 10:34:03;2026-07-01 10:43:46
1465744651;1731719643;1731719643;"Керамогранітний обігрівач KEN-500 &quot;Філігри жаккард&quot; білий";5400.0000;999;0;2026-05-05 10:34:03;2026-07-01 10:43:46
1465745111;1731740400;1731740400;"Керамогранітний обігрівач KEN-600 &quot;Полотно жаккард&quot; меланж";4939.0000;0;0;2026-05-05 10:34:03;2026-07-01 10:43:46
1465744784;1731748880;1731748880;"Керамогранітний обігрівач KEN-500D &quot;Полотно жаккард&quot; аквамариновий";5400.0000;0;0;2026-05-05 10:34:03;2026-07-01 10:43:46
1465745098;1731758127;1731758127;"Керамогранітний обігрівач KEN-600 &quot;Полотно жаккард&quot; какао";6000.0000;999;0;2026-05-05 10:34:03;2026-07-01 10:43:46
1465744743;1732542450;1732542450;"Керамогранітний обігрівач KEN-500D &quot;Гранж жаккард&quot; малиновий";5400.0000;999;0;2026-05-05 10:34:03;2026-07-01 10:43:46
174;174;174;Пивні дріжджі SAFALE K-97, 500 гр;1.0000;0;0;2026-06-30 23:01:10;2026-07-01 10:43:46
1742;1742;1742;Солодовий екстракт кукурудзяний 14 кг;1838.0000;0;1;2026-06-30 23:01:34;2026-07-01 10:43:46
1465745151;1748382144;1748382144;"Керамогранітний обігрівач KEN-700 &quot;Гранж жаккард&quot; кварцовий";6500.0000;999;0;2026-05-05 10:34:03;2026-07-01 10:43:46
1465745132;1748383342;1748383342;"Керамогранітний обігрівач KEN-700 &quot;Глянець&quot; мармуровий";10400.0000;999;0;2026-05-05 10:34:03;2026-07-01 10:43:46
1465745171;1748535937;1748535937;"Керамогранітний обігрівач KEN-900 &quot;Космос жаккард&quot; бежевий";7000.0000;999;0;2026-05-05 10:34:03;2026-07-01 10:43:46
1465745172;1748538286;1748538286;"Керамогранітний обігрівач KEN-900 &quot;Космос жаккард&quot; бежевий";7000.0000;999;0;2026-05-05 10:34:03;2026-07-01 10:43:46
1465745179;1748538677;1748538677;"Керамогранітний обігрівач KEN-900 &quot;Космос жаккард&quot; кварцовий";7000.0000;999;0;2026-05-05 10:34:03;2026-07-01 10:43:46
1465745173;1748539511;1748539511;"Керамогранітний обігрівач KEN-900 &quot;Космос жаккард&quot; бежевий";7000.0000;0;0;2026-05-05 10:34:03;2026-07-01 10:43:46
1465745175;1748539753;1748539753;"Керамогранітний обігрівач KEN-900 &quot;Космос жаккард&quot; білий";7000.0000;999;0;2026-05-05 10:34:03;2026-07-01 10:43:46
1465745180;1748540347;1748540347;"Керамогранітний обігрівач KEN-900 &quot;Космос жаккард&quot; кварцовий";7000.0000;999;0;2026-05-05 10:34:03;2026-07-01 10:43:46
1465745181;1748541182;1748541182;"Керамогранітний обігрівач KEN-900 &quot;Космос жаккард&quot; кварцовий";7000.0000;999;0;2026-05-05 10:34:03;2026-07-01 10:43:46
1465745176;1748542195;1748542195;"Керамогранітний обігрівач KEN-900 &quot;Космос жаккард&quot; білий";7000.0000;999;0;2026-05-05 10:34:03;2026-07-01 10:43:46
1465745177;1748551341;1748551341;"Керамогранітний обігрівач KEN-900 &quot;Космос жаккард&quot; білий";7000.0000;999;0;2026-05-05 10:34:03;2026-07-01 10:43:46
1465745136;1748553287;1748553287;"Керамогранітний обігрівач KEN-700 &quot;Глянець&quot; нефритовий";10400.0000;999;0;2026-05-05 10:34:03;2026-07-01 10:43:46
1465745139;1748558414;1748558414;"Керамогранітний обігрівач KEN-700 &quot;Гранж жаккард&quot; бежевий";6500.0000;0;0;2026-05-05 10:34:03;2026-07-01 10:43:46
1465745158;1748569188;1748569188;"Керамогранітний обігрівач KEN-700 &quot;Космос жаккард&quot; білий";5335.0000;0;0;2026-05-05 10:34:03;2026-07-01 10:43:46
1465745140;1748570543;1748570543;"Керамогранітний обігрівач KEN-700 &quot;Гранж жаккард&quot; бежевий";6500.0000;0;0;2026-05-05 10:34:03;2026-07-01 10:43:46
1465745152;1748570737;1748570737;"Керамогранітний обігрівач KEN-700 &quot;Гранж жаккард&quot; кварцовий";6500.0000;999;0;2026-05-05 10:34:03;2026-07-01 10:43:46
1465745950;17490465;17490465;"Багатотрубна мультиплівкова царга 2&quot; подовжена";3245.0000;999;1;2026-06-30 23:06:35;2026-07-01 10:43:46
1465745371;1761651723;1761651723;Металокерамічний дизайн-обігрівач UDEN-700 С-1015 універсал;4680.0000;0;0;2026-05-05 10:34:03;2026-07-01 10:43:46
1465745188;1761652073;1761652073;Металокерамічний дизайн-обігрівач UDEN-250 C-1013;3444.0000;999;0;2026-05-05 10:34:03;2026-07-01 10:43:46
1465744693;1761975223;1761975223;"Керамогранітний обігрівач KEN-500 &quot;Полотно жаккард&quot; меланж";5400.0000;999;0;2026-05-05 10:34:03;2026-07-01 10:43:46
1465744912;1778066043;1778066043;"Керамогранітний обігрівач KEN-600 &quot;Глянець&quot; онікс";6915.0000;0;0;2026-05-05 10:34:03;2026-07-01 10:43:46
1465744671;1778066439;1778066439;"Керамогранітний обігрівач KEN-500 &quot;Хоббітон&quot;";5600.0000;999;0;2026-05-05 10:34:03;2026-07-01 10:43:46
1465744672;1778067325;1778067325;"Керамогранітний обігрівач KEN-500 &quot;Хоббітон&quot;";5600.0000;999;0;2026-05-05 10:34:03;2026-07-01 10:43:46
1465744885;1778068326;1778068326;"Керамогранітний обігрівач KEN-600 &quot;Гарбузова пані&quot;";8000.0000;0;0;2026-05-05 10:34:03;2026-07-01 10:43:46
1465744832;1778070816;1778070816;"Керамогранітний обігрівач KEN-500К &quot;Глянець&quot; родоніт";8640.0000;999;0;2026-05-05 10:34:03;2026-07-01 10:43:46
1465744902;1778071851;1778071851;"Керамогранітний обігрівач KEN-600 &quot;Глянець&quot; кварцовий";9600.0000;0;0;2026-05-05 10:34:03;2026-07-01 10:43:46
1204;1790;1790;Газова плита портативна 2 х 2,3 кВт Canberra;3135.0000;999;0;2026-05-05 10:32:12;2026-07-01 10:43:46
1465745907;1790N12;1790N12;Портативна газова плита з балоном 12,7л та редуктором;9060.0000;999;0;2026-05-05 10:32:12;2026-07-01 10:43:46
1465745908;1790N18;1790N18;Портативна газова плита з балоном 18,2л та редуктором;9260.0000;999;0;2026-05-05 10:32:12;2026-07-01 10:43:46
1465745909;1790N24;1790N24;Портативна газова плита з балоном 24,5л та редуктором;9460.0000;999;0;2026-05-05 10:32:12;2026-07-01 10:43:46
1465745906;1790N26;1790N26;Портативна газова плита з балоном 26,2л та редуктором;9740.0000;998;0;2026-05-05 10:32:12;2026-07-01 10:43:46
1465744850;1816732174;1816732174;"Керамогранітний обігрівач KEN-500К &quot;Золота пора&quot;";7970.0000;999;0;2026-05-05 10:34:03;2026-07-01 10:43:46
1465744639;1816732866;1816732866;"Керамогранітний обігрівач KEN-500 &quot;Неповторність&quot;";5800.0000;999;0;2026-05-05 10:34:03;2026-07-01 10:43:46
1465744883;1816734198;1816734198;"Керамогранітний обігрівач KEN-600 &quot;Весняні квіти&quot;";8900.0000;0;0;2026-05-05 10:34:03;2026-07-01 10:43:46
1465744862;1816734998;1816734998;"Керамогранітний обігрівач KEN-500К &quot;Макі&quot;";7970.0000;999;0;2026-05-05 10:34:03;2026-07-01 10:43:46
1465745064;1816735610;1816735610;"Керамогранітний обігрівач KEN-600 &quot;Навколишній світ&quot;";7171.0000;999;0;2026-05-05 10:34:03;2026-07-01 10:43:46
1465744708;1822296819;1822296819;"Керамогранітний обігрівач KEN-500 &quot;Полотно жаккард&quot; горіховий";5400.0000;999;0;2026-05-05 10:34:03;2026-07-01 10:43:46
1465744542;1822310249;1822310249;"Керамогранітний обігрівач KEN-500 &quot;Гранж жаккард&quot; горіховий";5400.0000;999;0;2026-05-05 10:34:03;2026-07-01 10:43:46
1465744976;1822312322;1822312322;"Керамогранітний обігрівач KEN-600 &quot;Ізморозь жаккард&quot; какао";6000.0000;999;0;2026-05-05 10:34:03;2026-07-01 10:43:46
1465745133;1822315725;1822315725;"Керамогранітний обігрівач KEN-700 &quot;Глянець&quot; мармуровий";10400.0000;999;0;2026-05-05 10:34:03;2026-07-01 10:43:46
1465744460;1822316656;1822316656;"Керамогранітний обігрівач KEN-1400 &quot;Глянець&quot; мармуровий";15680.0000;0;0;2026-05-05 10:34:03;2026-07-01 10:43:46
1465744453;1822321875;1822321875;"Керамогранітний обігрівач KEN-1100 &quot;Глянець&quot; малиновий";14400.0000;999;0;2026-05-05 10:34:03;2026-07-01 10:43:46
1465745182;1824041505;1824041505;"Керамогранітний обігрівач KEN-900 &quot;Космос жаккард&quot; кварцовий";7000.0000;999;0;2026-05-05 10:34:03;2026-07-01 10:43:46
1465745183;1824041841;1824041841;"Керамогранітний обігрівач KEN-900 &quot;Космос жаккард&quot; кварцовий";7000.0000;999;0;2026-05-05 10:34:03;2026-07-01 10:43:46
1465745178;1824041997;1824041997;"Керамогранітний обігрівач KEN-900 &quot;Космос жаккард&quot; білий";7000.0000;999;0;2026-05-05 10:34:03;2026-07-01 10:43:46
1465744636;1828583743;1828583743;"Керамогранітний обігрівач KEN-500 &quot;Моніка&quot;";4800.0000;999;0;2026-05-05 10:34:03;2026-07-01 10:43:46
1465744822;1831008420;1831008420;"Керамогранітний обігрівач KEN-500K &quot;Полотно жаккард&quot; полуничний";5400.0000;999;0;2026-05-05 10:34:03;2026-07-01 10:43:46
1465745072;1831876621;1831876621;"Керамогранітний обігрівач KEN-600 &quot;Філігри жаккард&quot; білий";6000.0000;0;0;2026-05-05 10:34:03;2026-07-01 10:43:46
1465744449;1831877379;1831877379;"Керамогранітний обігрівач KEN-1000 &quot;Глянець&quot; родоніт";12480.0000;999;0;2026-05-05 10:34:03;2026-07-01 10:43:46
1465744974;1831879033;1831879033;"Керамогранітний обігрівач KEN-600 &quot;Ізморозь жаккард&quot; аквамариновий";6000.0000;0;0;2026-05-05 10:34:03;2026-07-01 10:43:46
1465744753;1834497678;1834497678;"Керамогранітний обігрівач KEN-500D &quot;Ізморозь жаккард&quot; білий";5400.0000;999;0;2026-05-05 10:34:03;2026-07-01 10:43:46
1465745153;1834509589;1834509589;"Керамогранітний обігрівач KEN-700 &quot;Гранж жаккард&quot; кварцовий";6500.0000;999;0;2026-05-05 10:34:03;2026-07-01 10:43:46
1465745174;1834513217;1834513217;"Керамогранітний обігрівач KEN-900 &quot;Космос жаккард&quot; бежевий";7000.0000;0;0;2026-05-05 10:34:03;2026-07-01 10:43:46
1465744874;1834518671;1834518671;"Керамогранітний обігрівач KEN-500К &quot;Полотно жаккард&quot; аквамариновий";5400.0000;0;0;2026-05-05 10:34:03;2026-07-01 10:43:46
1465744811;1834522681;1834522681;"Керамогранітний обігрівач KEN-500K &quot;Ізморозь жаккард&quot; кварцовий";5400.0000;999;0;2026-05-05 10:34:03;2026-07-01 10:43:46
1465744804;1834524390;1834524390;"Керамогранітний обігрівач KEN-500K &quot;Глянець&quot; м'ятний";8640.0000;999;0;2026-05-05 10:34:03;2026-07-01 10:43:46
1465744808;1834525223;1834525223;"Керамогранітний обігрівач KEN-500K &quot;Глянець&quot; родоніт";8640.0000;999;0;2026-05-05 10:34:03;2026-07-01 10:43:46
1465744447;1835498081;1835498081;"Керамогранітний обігрівач KEN-1000 &quot;Глянець&quot; мармуровий";9379.0000;0;0;2026-05-05 10:34:03;2026-07-01 10:43:46
1465745595;1835544049;1835544049;Металокерамічний сушка для рушників UDEN-180 (RAL 3003);3582.0000;0;0;2026-05-05 10:34:03;2026-07-01 10:43:46
1465745596;1835553526;1835553526;Металокерамічний сушка для рушників UDEN-290 (RAL 9016м);5053.0000;0;0;2026-05-05 10:34:03;2026-07-01 10:43:46
1465745597;1835576201;1835576201;Металокерамічний сушка для рушників UDEN-360 (RAL-1014);5248.0000;999;0;2026-05-05 10:34:03;2026-07-01 10:43:46
1465745598;1835579246;1835579246;Металокерамічний сушка для рушників UDEN-440 (RAL-8007);6437.0000;999;0;2026-05-05 10:34:03;2026-07-01 10:43:46
1465744859;1835687895;1835687895;"Керамогранітний обігрівач KEN-500К &quot;Ізморозь жаккард&quot; полуничний";5400.0000;999;0;2026-05-05 10:34:03;2026-07-01 10:43:46
1465744829;1835690597;1835690597;"Керамогранітний обігрівач KEN-500К &quot;Глянець&quot; онікс";8640.0000;999;0;2026-05-05 10:34:03;2026-07-01 10:43:46
1465744844;1835692729;1835692729;"Керамогранітний обігрівач KEN-500К &quot;Гранж жаккард&quot; м'ятний";5400.0000;999;0;2026-05-05 10:34:03;2026-07-01 10:43:46
1465744945;1835694962;1835694962;"Керамогранітний обігрівач KEN-600 &quot;Гранж жаккард&quot; малиновий";6000.0000;999;0;2026-05-05 10:34:03;2026-07-01 10:43:46
1465745103;1835731536;1835731536;"Керамогранітний обігрівач KEN-600 &quot;Полотно жаккард&quot; полуничний";6000.0000;999;0;2026-05-05 10:34:03;2026-07-01 10:43:46
1465744917;1835733259;1835733259;"Керамогранітний обігрівач KEN-600 &quot;Гранж жаккард&quot; білий";4939.0000;0;0;2026-05-05 10:34:03;2026-07-01 10:43:46
1465744935;1839097029;1839097029;"Керамогранітний обігрівач KEN-600 &quot;Гранж жаккард&quot; кварцовий";6000.0000;999;0;2026-05-05 10:34:03;2026-07-01 10:43:46
1465744726;1839104458;1839104458;"Керамогранітний обігрівач KEN-500D &quot;Багіра&quot;";8926.0000;0;0;2026-05-05 10:34:03;2026-07-01 10:43:46
1465744770;1839105449;1839105449;"Керамогранітний обігрівач KEN-500D &quot;Мелані&quot; кварцовий";6300.0000;999;0;2026-05-05 10:34:03;2026-07-01 10:43:46
1465744780;1839114711;1839114711;"Керамогранітний обігрівач KEN-500D &quot;Філігри жаккард&quot; медовий";5400.0000;999;0;2026-05-05 10:34:03;2026-07-01 10:43:46
1465744963;1839116101;1839116101;"Керамогранітний обігрівач KEN-600 &quot;Гранж жаккард&quot; персиковий";6000.0000;999;0;2026-05-05 10:34:03;2026-07-01 10:43:46
1465744790;1839117280;1839117280;"Керамогранітний обігрівач KEN-500D &quot;Полотно жаккард&quot; онікс";5400.0000;999;0;2026-05-05 10:34:03;2026-07-01 10:43:46
1465744563;1839118833;1839118833;"Керамогранітний обігрівач KEN-500 &quot;Ізморозь жаккард&quot; білий";5400.0000;999;0;2026-05-05 10:34:03;2026-07-01 10:43:46
1465745079;1839120179;1839120179;"Керамогранітний обігрівач KEN-600 &quot;Філігри жаккард&quot; медовий";6000.0000;999;0;2026-05-05 10:34:03;2026-07-01 10:43:46
1465744746;1839122180;1839122180;"Керамогранітний обігрівач KEN-500D &quot;Гранж жаккард&quot; медовий";5400.0000;999;0;2026-05-05 10:34:03;2026-07-01 10:43:46
1465744652;1839123090;1839123090;"Керамогранітний обігрівач KEN-500 &quot;Філігри жаккард&quot; білий";5400.0000;0;0;2026-05-05 10:34:03;2026-07-01 10:43:46
1465745363;1839861118;1839861118;"Металокерамічний дизайн-обігрівач UDEN-700 &quot;Флора&quot;";6015.0000;999;0;2026-05-05 10:34:03;2026-07-01 10:43:46
1465745255;1839861509;1839861509;"Металокерамічний дизайн-обігрівач UDEN-500К &quot;Скеля&quot;";5316.0000;999;0;2026-05-05 10:34:03;2026-07-01 10:43:46
1465745205;1839861652;1839861652;"Металокерамічний дизайн-обігрівач UDEN-500 &quot;Підйом&quot;";5438.0000;0;0;2026-05-05 10:34:03;2026-07-01 10:43:46
1465745258;1839862741;1839862741;"Металокерамічний дизайн-обігрівач UDEN-500К &quot;Степ&quot;";6104.0000;999;0;2026-05-05 10:34:03;2026-07-01 10:43:46
1465745218;1839865016;1839865016;"Металокерамічний дизайн-обігрівач UDEN-500D &quot;Вір&quot;";6104.0000;999;0;2026-05-05 10:34:03;2026-07-01 10:43:46
1465745135;1845490325;1845490325;"Керамогранітний обігрівач KEN-700 &quot;Глянець&quot; м'ятний";10400.0000;999;0;2026-05-05 10:34:03;2026-07-01 10:43:46
1465745160;1845508278;1845508278;"Керамогранітний обігрівач KEN-700 &quot;Космос жаккард&quot; кварцовий";6500.0000;999;0;2026-05-05 10:34:03;2026-07-01 10:43:46
1465745162;1845571442;1845571442;"Керамогранітний обігрівач KEN-700 &quot;Космос жаккард&quot; мармуровий";5335.0000;0;0;2026-05-05 10:34:03;2026-07-01 10:43:46
1465745092;1845978479;1845978479;"Керамогранітний обігрівач KEN-600 &quot;Полотно жаккард&quot; білий";4939.0000;0;0;2026-05-05 10:34:03;2026-07-01 10:43:46
1465745134;1845980398;1845980398;"Керамогранітний обігрівач KEN-700 &quot;Глянець&quot; мармуровий";7469.0000;0;0;2026-05-05 10:34:03;2026-07-01 10:43:46
1465745086;1845980537;1845980537;"Керамогранітний обігрівач KEN-600 &quot;Філігрі шовк&quot; онікс";6600.0000;0;0;2026-05-05 10:34:03;2026-07-01 10:43:46
1465745075;1845981934;1845981934;"Керамогранітний обігрівач KEN-600 &quot;Філігри жаккард&quot; кварцовий";6000.0000;999;0;2026-05-05 10:34:03;2026-07-01 10:43:46
1465744925;1845982599;1845982599;"Керамогранітний обігрівач KEN-600 &quot;Гранж жаккард&quot; графітовий";6000.0000;999;0;2026-05-05 10:34:03;2026-07-01 10:43:46
1465745085;1845982817;1845982817;"Керамогранітний обігрівач KEN-600 &quot;Філігри жаккард&quot; персиковий";6000.0000;999;0;2026-05-05 10:34:03;2026-07-01 10:43:46
1465744853;1845983509;1845983509;"Керамогранітний обігрівач KEN-500К &quot;Ізморозь жаккард&quot; білий";5400.0000;999;0;2026-05-05 10:34:03;2026-07-01 10:43:46
1465744923;1846212473;1846212473;"Керамогранітний обігрівач KEN-600 &quot;Гранж жаккард&quot; бірюзовий";6000.0000;0;0;2026-05-05 10:34:03;2026-07-01 10:43:46
1465745112;1848381507;1848381507;"Керамогранітний обігрівач KEN-600 &quot;Полотно жаккард&quot; меланж";6000.0000;999;0;2026-05-05 10:34:03;2026-07-01 10:43:46
1465744955;1848382992;1848382992;"Керамогранітний обігрівач KEN-600 &quot;Гранж жаккард&quot; оливковий";6000.0000;999;0;2026-05-05 10:34:03;2026-07-01 10:43:46
1465745118;1848383826;1848383826;"Керамогранітний обігрівач KEN-600 &quot;Полотно жаккард&quot; оливковий";6000.0000;999;0;2026-05-05 10:34:03;2026-07-01 10:43:46
1465745081;1848384310;1848384310;"Керамогранітний обігрівач KEN-600 &quot;Філігри жаккард&quot; оливковий";6000.0000;999;0;2026-05-05 10:34:03;2026-07-01 10:43:46
1465744915;1848388116;1848388116;"Керамогранітний обігрівач KEN-600 &quot;Глянець&quot; родоніт";6915.0000;0;0;2026-05-05 10:34:03;2026-07-01 10:43:46
1465744568;1848389700;1848389700;"Керамогранітний обігрівач KEN-500 &quot;Ізморозь жаккард&quot; кварцовий";5400.0000;999;0;2026-05-05 10:34:03;2026-07-01 10:43:46
1465745119;1848391302;1848391302;"Керамогранітний обігрівач KEN-600 &quot;Полотно жаккард&quot; онікс";6000.0000;0;0;2026-05-05 10:34:03;2026-07-01 10:43:46
1465744714;1848392404;1848392404;"Керамогранітний обігрівач KEN-500 &quot;Полотно жаккард&quot; персиковий";5400.0000;999;0;2026-05-05 10:34:03;2026-07-01 10:43:46
1465745117;1848392758;1848392758;"Керамогранітний обігрівач KEN-600 &quot;Полотно жаккард&quot; м'ятний";6000.0000;999;0;2026-05-05 10:34:03;2026-07-01 10:43:46
1465745184;1848411834;1848411834;"Керамогранітний обігрівач KEN-900 &quot;Космос жаккард&quot; кварцовий";7000.0000;999;0;2026-05-05 10:34:03;2026-07-01 10:43:46
1465745166;1848528183;1848528183;"Керамогранітний обігрівач KEN-900 &quot;Глянець&quot; опал";11200.0000;999;0;2026-05-05 10:34:03;2026-07-01 10:43:46
1465745164;1848531853;1848531853;"Керамогранітний обігрівач KEN-900 &quot;Глянець&quot; м'ятний";11200.0000;999;0;2026-05-05 10:34:03;2026-07-01 10:43:46
1465745185;1849141590;1849141590;"Керамогранітний обігрівач KEN-900 &quot;Космос жаккард&quot; кварцовий";7000.0000;0;0;2026-05-05 10:34:03;2026-07-01 10:43:46
1205;1850;1850;Газова плита портативна 2 х 2,3 кВт Dalgety;3340.0000;0;0;2026-05-05 10:32:12;2026-07-01 10:43:46
1201;185130;185130;Газова плита портативна 2 х 2,3 кВт із запобіжником Dalgety;4715.0000;0;0;2026-05-05 10:32:12;2026-07-01 10:43:46
1206;185230;185230;Газова плита портативна 3 х 2,3 кВт Dalgety;4940.0000;0;0;2026-05-05 10:32:12;2026-07-01 10:43:46
1888;1855;1855;Газова плита портативна 2 х 2,3 кВт Dalgety Black;3690.0000;0;0;2026-05-05 10:32:12;2026-07-01 10:43:46
1465745898;185533N12;185533N12;Газова плита з балоном 12,7л Enders Dalgety 2 BLACK, Комплект;9058.0000;0;0;2026-05-05 10:32:12;2026-07-01 10:43:46
1465745900;185533N18;185533N18;Газова плита з балоном 18,2л Enders Dalgety 2 BLACK, Комплект;9238.0000;0;0;2026-05-05 10:32:12;2026-07-01 10:43:46
1465745902;185533N24;185533N24;Газова плита з балоном 24,5л Enders Dalgety 2 BLACK, Комплект;9418.0000;0;0;2026-05-05 10:32:12;2026-07-01 10:43:46
1465745903;185533N26;185533N26;Газова плита з балоном 26,2л Enders Dalgety 2 BLACK, Комплект;9670.0000;0;0;2026-05-05 10:32:12;2026-07-01 10:43:46
1465745899;185533NP12;185533NP12;Газова плита з балоном 12,7л з відсікачем Enders Dalgety 2 BLACK, Комплект;10147.0000;0;0;2026-05-05 10:32:12;2026-07-01 10:43:46
1465745901;185533NP18;185533NP18;Газова плита з балоном 18,2л з відсікачем Enders Dalgety 2 BLACK, Комплект;10328.0000;0;0;2026-05-05 10:32:12;2026-07-01 10:43:46
1465745904;185533NP24;185533NP24;Газова плита з балоном з відсікачем 24,5л Enders Dalgety 2 BLACK, Комплект;10508.0000;0;0;2026-05-05 10:32:12;2026-07-01 10:43:46
1465745905;185533NP26;185533NP26;Газова плита з балоном з відсікачем, 26,2л Enders Dalgety 2 BLACK, Комплект;10687.0000;0;0;2026-05-05 10:32:12;2026-07-01 10:43:46
1465746305;1856;1856;Портативна газова плита Enders Dalgety Black 2 з термодатчиками;4715.0000;0;0;2026-05-05 10:32:12;2026-07-01 10:43:46
1465746306;1860;1860;Портативна газова плита Enders Brisbane 2 з термодатчиками;5590.0000;999;0;2026-05-05 10:32:12;2026-07-01 10:43:46
1465746307;1861;1861;Портативна газова плита Enders Brisbane 3 з термодатчиками;6450.0000;0;0;2026-05-05 10:32:12;2026-07-01 10:43:46
1465745632;1874391174;1874391174;Терморегулятор Wi-Fi в розетку terneo rzx;1710.0000;0;0;2026-05-05 10:29:42;2026-07-01 10:43:46
1465744875;1874433233;1874433233;"Керамогранітний обігрівач KEN-500К &quot;Полотно жаккард&quot; білий";5400.0000;999;0;2026-05-05 10:34:03;2026-07-01 10:43:46
1465744564;1874434896;1874434896;"Керамогранітний обігрівач KEN-500 &quot;Ізморозь жаккард&quot; білий";5400.0000;999;0;2026-05-05 10:34:03;2026-07-01 10:43:46
1465744824;1874436427;1874436427;"Керамогранітний обігрівач KEN-500K &quot;Полотно жаккард&quot; мармуровий";5400.0000;999;0;2026-05-05 10:34:03;2026-07-01 10:43:46
1465744950;1874441599;1874441599;"Керамогранітний обігрівач KEN-600 &quot;Гранж жаккард&quot; мармуровий";6000.0000;999;0;2026-05-05 10:34:03;2026-07-01 10:43:46
1465744951;1874442673;1874442673;"Керамогранітний обігрівач KEN-600 &quot;Гранж жаккард&quot; мармуровий";6000.0000;999;0;2026-05-05 10:34:03;2026-07-01 10:43:46
1465744967;1874444092;1874444092;"Керамогранітний обігрівач KEN-600 &quot;Гранж жаккард&quot; бузковий";6000.0000;0;0;2026-05-05 10:34:03;2026-07-01 10:43:46
1465745630;1874468959;1874468959;Терморегулятор TRW Wi-Fi;1209.0000;999;0;2026-05-05 10:29:42;2026-07-01 10:43:46
1465746441;187633;187633;Портативна газова плита Enders BONDY 2Z з термодатчиками, 2 конфорки 4,6 кВт;4850.0000;0;0;2026-05-05 10:32:12;2026-07-01 10:43:46
1202;1880;1880;Газова плита портативна 2,2 кВт Nelson;3390.0000;0;0;2026-05-05 10:32:12;2026-07-01 10:43:46
1465745351;1881017262;1881017262;"Металокерамічний дизайн-обігрівач UDEN-700 &quot;Синергія&quot;";6518.0000;0;0;2026-05-05 10:34:03;2026-07-01 10:43:46
1465745300;1881017400;1881017400;"Металокерамічний дизайн-обігрівач UDEN-700 &quot;Житниця&quot;";6429.0000;999;0;2026-05-05 10:34:03;2026-07-01 10:43:46
1465745202;1881017698;1881017698;"Металокерамічний дизайн-обігрівач UDEN-500 &quot;Невидиме&quot;";5316.0000;999;0;2026-05-05 10:34:03;2026-07-01 10:43:46
1465745207;1881017811;1881017811;"Металокерамічний дизайн-обігрівач UDEN-500 &quot;Сховане&quot;";5316.0000;999;0;2026-05-05 10:34:03;2026-07-01 10:43:46
1465745213;1881018749;1881018749;"Металокерамічний дизайн-обігрівач UDEN-500 &quot;Таємне&quot;";5316.0000;999;0;2026-05-05 10:34:03;2026-07-01 10:43:46
1465745356;1881018893;1881018893;"Металокерамічний дизайн-обігрівач UDEN-700 &quot;Течія&quot;";6015.0000;999;0;2026-05-05 10:34:03;2026-07-01 10:43:46
1465745296;1881019573;1881019573;"Металокерамічний дизайн-обігрівач UDEN-700 &quot;Діва&quot;";6429.0000;999;0;2026-05-05 10:34:03;2026-07-01 10:43:46
1465745324;1881019615;1881019615;"Металокерамічний дизайн-обігрівач UDEN-700 &quot;Мандалорець&quot;";7308.0000;0;0;2026-05-05 10:34:03;2026-07-01 10:43:46
1465745245;1881020325;1881020325;"Металокерамічний дизайн-обігрівач UDEN-500К &quot;Крабі&quot;";5710.0000;999;0;2026-05-05 10:34:03;2026-07-01 10:43:46
1465745382;1881021263;1881021263;"Металокерамічний дизайн-обігрівач UDEN-S &quot;Глибінне&quot; (триптих)";15151.0000;999;0;2026-05-05 10:34:03;2026-07-01 10:43:46
1465744881;1881067906;1881067906;"Керамогранітний обігрівач KEN-600 &quot;Бамбук&quot;";8643.0000;999;0;2026-05-05 10:34:03;2026-07-01 10:43:46
1465744459;1881077986;1881077986;"Керамогранітний обігрівач KEN-1400 &quot;Saudade&quot;";18000.0000;999;0;2026-05-05 10:34:03;2026-07-01 10:43:46
1465744452;1881080437;1881080437;"Керамогранітний обігрівач KEN-1100 &quot;Водограй&quot;";17000.0000;999;0;2026-05-05 10:34:03;2026-07-01 10:43:46
1465744972;1881093002;1881093002;"Керамогранітний обігрівач KEN-600 &quot;Зустріч&quot;";9643.0000;999;0;2026-05-05 10:34:03;2026-07-01 10:43:46
1465744827;1881101947;1881101947;"Керамогранітний обігрівач KEN-500К &quot;Бузочок&quot;";5693.0000;999;0;2026-05-05 10:34:03;2026-07-01 10:43:46
1465745060;1881124748;1881124748;"Керамогранітний обігрівач KEN-600 &quot;Магія геометрії&quot;";6000.0000;0;0;2026-05-05 10:34:03;2026-07-01 10:43:46
1465745089;1881126007;1881126007;"Керамогранітний обігрівач KEN-600 &quot;Хаос фігур&quot;";6000.0000;0;0;2026-05-05 10:34:03;2026-07-01 10:43:46
1465745067;1881129671;1881129671;"Керамогранітний обігрівач KEN-600 &quot;Тиха елегантність&quot;";6500.0000;0;0;2026-05-05 10:34:03;2026-07-01 10:43:46
1465745063;1881157971;1881157971;"Керамогранітний обігрівач KEN-600 &quot;Мить роздумів&quot;";5000.0000;999;0;2026-05-05 10:34:03;2026-07-01 10:43:46
1465745170;1881173326;1881173326;"Керамогранітний обігрівач KEN-900 &quot;Громовиця&quot;";10500.0000;999;0;2026-05-05 10:34:03;2026-07-01 10:43:46
1465745141;1881180246;1881180246;"Керамогранітний обігрівач KEN-700 &quot;Гранж жаккард&quot; бежевий";6500.0000;999;0;2026-05-05 10:34:03;2026-07-01 10:43:46
1465745142;1881180585;1881180585;"Керамогранітний обігрівач KEN-700 &quot;Гранж жаккард&quot; бежевий";6500.0000;999;0;2026-05-05 10:34:03;2026-07-01 10:43:46
1465744461;1881180836;1881180836;"Керамогранітний обігрівач KEN-1400 &quot;Енергія переміщення&quot;";18000.0000;999;0;2026-05-05 10:34:03;2026-07-01 10:43:46
1465745114;1881723860;1881723860;"Керамогранітний обігрівач KEN-600 &quot;Полотно жаккард&quot; мармуровий";6000.0000;999;0;2026-05-05 10:34:03;2026-07-01 10:43:46
1465744678;1881724030;1881724030;"Керамогранітний обігрівач KEN-500 &quot;Полотно жаккард&quot; какао";5400.0000;999;0;2026-05-05 10:34:03;2026-07-01 10:43:46
1465744868;1881724298;1881724298;"Керамогранітний обігрівач KEN-500К &quot;Філігри жаккард&quot; какао";5400.0000;999;0;2026-05-05 10:34:03;2026-07-01 10:43:46
1465744968;1881729320;1881729320;"Керамогранітний обігрівач KEN-600 &quot;Гранж жаккард&quot; бузковий";6000.0000;0;0;2026-05-05 10:34:03;2026-07-01 10:43:46
1465744781;1881729747;1881729747;"Керамогранітний обігрівач KEN-500D &quot;Філігри жаккард&quot; медовий";5400.0000;999;0;2026-05-05 10:34:03;2026-07-01 10:43:46
1465744583;1881730612;1881730612;"Керамогранітний обігрівач KEN-500 &quot;Ізморозь жаккард&quot; нефритовий";5400.0000;0;0;2026-05-05 10:34:03;2026-07-01 10:43:46
1465744755;1881730881;1881730881;"Керамогранітний обігрівач KEN-500D &quot;Ізморозь жаккард&quot; мармуровий";5400.0000;999;0;2026-05-05 10:34:03;2026-07-01 10:43:46
1465744918;1881731048;1881731048;"Керамогранітний обігрівач KEN-600 &quot;Гранж жаккард&quot; білий";6000.0000;999;0;2026-05-05 10:34:03;2026-07-01 10:43:46
1465744833;1881734312;1881734312;"Керамогранітний обігрівач KEN-500К &quot;Гранж жаккард&quot; бежевий";5400.0000;0;0;2026-05-05 10:34:03;2026-07-01 10:43:46
1465744825;1881735423;1881735423;"Керамогранітний обігрівач KEN-500K &quot;Полотно жаккард&quot; мармуровий";4554.0000;0;0;2026-05-05 10:34:03;2026-07-01 10:43:46
1465744756;1881737943;1881737943;"Керамогранітний обігрівач KEN-500D &quot;Ізморозь жаккард&quot; мармуровий";5400.0000;999;0;2026-05-05 10:34:03;2026-07-01 10:43:46
1465744451;1881740080;1881740080;"Керамогранітний обігрівач KEN-1000 &quot;Хуртовина&quot;";7000.0000;0;0;2026-05-05 10:34:03;2026-07-01 10:43:46
1465745154;1881743458;1881743458;"Керамогранітний обігрівач KEN-700 &quot;Гранж жаккард&quot; кварцовий";6500.0000;999;0;2026-05-05 10:34:03;2026-07-01 10:43:46
1465744805;1882652651;1882652651;"Керамогранітний обігрівач KEN-500K &quot;Глянець&quot; опал";8640.0000;999;0;2026-05-05 10:34:03;2026-07-01 10:43:46
1465744823;1882671353;1882671353;"Керамогранітний обігрівач KEN-500K &quot;Полотно жаккард&quot; полуничний";5400.0000;999;0;2026-05-05 10:34:03;2026-07-01 10:43:46
1465745115;1882671776;1882671776;"Керамогранітний обігрівач KEN-600 &quot;Полотно жаккард&quot; мармуровий";6000.0000;999;0;2026-05-05 10:34:03;2026-07-01 10:43:46
1465745167;1882673826;1882673826;"Керамогранітний обігрівач KEN-900 &quot;Глянець&quot; родоніт";11200.0000;999;0;2026-05-05 10:34:03;2026-07-01 10:43:46
1465745165;1882676302;1882676302;"Керамогранітний обігрівач KEN-900 &quot;Глянець&quot; нефритовий";11200.0000;999;0;2026-05-05 10:34:03;2026-07-01 10:43:46
1465745169;1882677151;1882677151;"Керамогранітний обігрівач KEN-900 &quot;Гранж жаккард&quot; графітовий";6468.0000;0;0;2026-05-05 10:34:03;2026-07-01 10:43:46
1465744785;1882700112;1882700112;"Керамогранітний обігрівач KEN-500D &quot;Полотно жаккард&quot; білий";5400.0000;999;0;2026-05-05 10:34:03;2026-07-01 10:43:46
1465744792;1882700395;1882700395;"Керамогранітний обігрівач KEN-500D &quot;Полотно жаккард&quot; теракотовий";5400.0000;999;0;2026-05-05 10:34:03;2026-07-01 10:43:46
1465744446;1882703430;1882703430;"Керамогранітний обігрівач KEN-1000 &quot;Глянець&quot; полуничний";9379.0000;0;0;2026-05-05 10:34:03;2026-07-01 10:43:46
1465744744;1882855598;1882855598;"Керамогранітний обігрівач KEN-500D &quot;Гранж жаккард&quot; малиновий";5400.0000;999;0;2026-05-05 10:34:03;2026-07-01 10:43:46
1465745000;1882860555;1882860555;"Керамогранітний обігрівач KEN-600 &quot;Ізморозь жаккард&quot; мармуровий";6000.0000;999;0;2026-05-05 10:34:03;2026-07-01 10:43:46
1465745104;1882866038;1882866038;"Керамогранітний обігрівач KEN-600 &quot;Полотно жаккард&quot; полуничний";6000.0000;999;0;2026-05-05 10:34:03;2026-07-01 10:43:46
1465744763;1882868569;1882868569;"Керамогранітний обігрівач KEN-500D &quot;Космос жаккард&quot; білий";5400.0000;999;0;2026-05-05 10:34:03;2026-07-01 10:43:46
1465744766;1882872697;1882872697;"Керамогранітний обігрівач KEN-500D &quot;Космос жаккард&quot; родоніт";5400.0000;999;0;2026-05-05 10:34:03;2026-07-01 10:43:46
1465744448;1882873807;1882873807;"Керамогранітний обігрівач KEN-1000 &quot;Глянець&quot; опал";12480.0000;999;0;2026-05-05 10:34:03;2026-07-01 10:43:46
1465745155;1882877637;1882877637;"Керамогранітний обігрівач KEN-700 &quot;Гранж жаккард&quot; кварцовий";6500.0000;999;0;2026-05-05 10:34:03;2026-07-01 10:43:46
1465744735;1882891541;1882891541;"Керамогранітний обігрівач KEN-500D &quot;Гранж жаккард&quot; бежевий";5400.0000;999;0;2026-05-05 10:34:03;2026-07-01 10:43:46
1465744789;1882918126;1882918126;"Керамогранітний обігрівач KEN-500D &quot;Полотно жаккард&quot; мармуровий";4554.0000;0;0;2026-05-05 10:34:03;2026-07-01 10:43:46
1465744649;1882919225;1882919225;"Керамогранітний обігрівач KEN-500 &quot;Філігри жаккард&quot; бежевий";5400.0000;999;0;2026-05-05 10:34:03;2026-07-01 10:43:46
1465744659;1882920030;1882920030;"Керамогранітний обігрівач KEN-500 &quot;Філігри жаккард&quot; медовий";5400.0000;999;0;2026-05-05 10:34:03;2026-07-01 10:43:46
1465745126;1882922088;1882922088;"Керамогранітний обігрівач KEN-600 &quot;Полотно жаккард&quot; персиковий";6000.0000;999;0;2026-05-05 10:34:03;2026-07-01 10:43:46
1465744959;1882922744;1882922744;"Керамогранітний обігрівач KEN-600 &quot;Гранж жаккард&quot; горіховий";6000.0000;999;0;2026-05-05 10:34:03;2026-07-01 10:43:46
1465745001;1882923899;1882923899;"Керамогранітний обігрівач KEN-600 &quot;Ізморозь жаккард&quot; мармуровий";6000.0000;999;0;2026-05-05 10:34:03;2026-07-01 10:43:46
1465744546;1884360319;1884360319;"Керамогранітний обігрівач KEN-500 &quot;Гранж жаккард&quot; персиковий";5400.0000;999;0;2026-05-05 10:34:03;2026-07-01 10:43:46
1465744715;1884360847;1884360847;"Керамогранітний обігрівач KEN-500 &quot;Полотно жаккард&quot; персиковий";5400.0000;999;0;2026-05-05 10:34:03;2026-07-01 10:43:46
1465744679;1884364046;1884364046;"Керамогранітний обігрівач KEN-500 &quot;Полотно жаккард&quot; какао";5400.0000;999;0;2026-05-05 10:34:03;2026-07-01 10:43:46
1465744653;1884364934;1884364934;"Керамогранітний обігрівач KEN-500 &quot;Філігри жаккард&quot; білий";5400.0000;999;0;2026-05-05 10:34:03;2026-07-01 10:43:46
1465744821;1884484802;1884484802;"Керамогранітний обігрівач KEN-500K &quot;Полотно жаккард&quot; какао";5400.0000;999;0;2026-05-05 10:34:03;2026-07-01 10:43:46
1465744777;1884519727;1884519727;"Керамогранітний обігрівач KEN-500D &quot;Філігри жаккард&quot; білий";5400.0000;0;0;2026-05-05 10:34:03;2026-07-01 10:43:46
1465744565;1884528257;1884528257;"Керамогранітний обігрівач KEN-500 &quot;Ізморозь жаккард&quot; білий";5400.0000;0;0;2026-05-05 10:34:03;2026-07-01 10:43:46
1465744807;1884530895;1884530895;"Керамогранітний обігрівач KEN-500K &quot;Глянець&quot; персиковий";8640.0000;999;0;2026-05-05 10:34:03;2026-07-01 10:43:46
1465745022;1884531286;1884531286;"Керамогранітний обігрівач KEN-600 &quot;Космос жаккард&quot; білий";4939.0000;0;0;2026-05-05 10:34:03;2026-07-01 10:43:46
1465746351;1886;1886;Газова плита Enders Maveriq;3390.0000;0;0;2026-05-05 10:32:12;2026-07-01 10:43:46
1465746308;1886K;1886K;Портативна газова плита Enders Maveriq;3390.0000;0;0;2026-05-05 10:32:12;2026-07-01 10:43:46
1465746352;1887;1887;Газова плита Enders Maveriq з термодатчиком;3890.0000;0;0;2026-05-05 10:32:12;2026-07-01 10:43:46
1465746309;1887K;1887K;Портативна газова плита Enders Maveriq з термодатчиком;3890.0000;0;0;2026-05-05 10:32:12;2026-07-01 10:43:46
1465744867;1894904088;1894904088;"Керамогранітний обігрівач KEN-500К &quot;Тропіки&quot; малахітовий";5431.0000;999;0;2026-05-05 10:34:03;2026-07-01 10:43:46
1465744884;1894911307;1894911307;"Керамогранітний обігрівач KEN-600 &quot;Вітер&quot;";4000.0000;0;0;2026-05-05 10:34:03;2026-07-01 10:43:46
1465744926;1894913649;1894913649;"Керамогранітний обігрівач KEN-600 &quot;Гранж жаккард&quot; графітовий";6000.0000;999;0;2026-05-05 10:34:03;2026-07-01 10:43:46
1465744927;1894916910;1894916910;"Керамогранітний обігрівач KEN-600 &quot;Гранж жаккард&quot; графітовий";6000.0000;999;0;2026-05-05 10:34:03;2026-07-01 10:43:46
1465745157;1895534742;1895534742;"Керамогранітний обігрівач KEN-700 &quot;Квіткове сяйво&quot;";9300.0000;0;0;2026-05-05 10:34:03;2026-07-01 10:43:46
1465744472;1895536322;1895536322;"Керамогранітний обігрівач KEN-500 &quot;Відлуння осені&quot;";7000.0000;999;0;2026-05-05 10:34:03;2026-07-01 10:43:46
1465744849;1895539255;1895539255;"Керамогранітний обігрівач KEN-500К &quot;Зелене ранок&quot;";7970.0000;999;0;2026-05-05 10:34:03;2026-07-01 10:43:46
1897;1897;1897;Апарат для виготовлення ефірних олій 12л 4 дюйма Базовий;15769.0000;0;1;2026-06-30 23:00:43;2026-07-01 10:43:46
1465744837;1899434352;1899434352;"Керамогранітний обігрівач KEN-500К &quot;Гранж жаккард&quot; графітовий";5400.0000;999;0;2026-05-05 10:34:03;2026-07-01 10:43:46
1465745147;1899435089;1899435089;"Керамогранітний обігрівач KEN-700 &quot;Гранж жаккард&quot; графітовий";6500.0000;999;0;2026-05-05 10:34:03;2026-07-01 10:43:46
1465744511;1899435500;1899435500;"Керамогранітний обігрівач KEN-500 &quot;Гранж жаккард&quot; графітовий";5400.0000;999;0;2026-05-05 10:34:03;2026-07-01 10:43:46
1465744739;1899436973;1899436973;"Керамогранітний обігрівач KEN-500D &quot;Гранж жаккард&quot; графітовий";5400.0000;999;0;2026-05-05 10:34:03;2026-07-01 10:43:46
1465744838;1899439361;1899439361;"Керамогранітний обігрівач KEN-500К &quot;Гранж жаккард&quot; графітовий";5400.0000;999;0;2026-05-05 10:34:03;2026-07-01 10:43:46
1465745148;1899439817;1899439817;"Керамогранітний обігрівач KEN-700 &quot;Гранж жаккард&quot; графітовий";6500.0000;999;0;2026-05-05 10:34:03;2026-07-01 10:43:46
1465744512;1899440011;1899440011;"Керамогранітний обігрівач KEN-500 &quot;Гранж жаккард&quot; графітовий";5400.0000;999;0;2026-05-05 10:34:03;2026-07-01 10:43:46
1465744740;1899440264;1899440264;"Керамогранітний обігрівач KEN-500D &quot;Гранж жаккард&quot; графітовий";5400.0000;999;0;2026-05-05 10:34:03;2026-07-01 10:43:46
1465744834;1899445074;1899445074;"Керамогранітний обігрівач KEN-500К &quot;Гранж жаккард&quot; білий";5400.0000;999;0;2026-05-05 10:34:03;2026-07-01 10:43:46
1465744507;1899446052;1899446052;"Керамогранітний обігрівач KEN-500 &quot;Гранж жаккард&quot; білий";4554.0000;0;0;2026-05-05 10:34:03;2026-07-01 10:43:46
1465745143;1899447130;1899447130;"Керамогранітний обігрівач KEN-700 &quot;Гранж жаккард&quot; білий";6500.0000;999;0;2026-05-05 10:34:03;2026-07-01 10:43:46
1465744919;1899448198;1899448198;"Керамогранітний обігрівач KEN-600 &quot;Гранж жаккард&quot; білий";6000.0000;999;0;2026-05-05 10:34:03;2026-07-01 10:43:46
1465744736;1899484556;1899484556;"Керамогранітний обігрівач KEN-500D &quot;Гранж жаккард&quot; білий";5400.0000;0;0;2026-05-05 10:34:03;2026-07-01 10:43:46
1903;1903;1903;Апарат для виготовлення ефірних олій 2л 3 дюйма Преміум;13705.0000;0;1;2026-06-30 23:00:43;2026-07-01 10:43:46
1904;1904;1904;Апарат для виготовлення ефірних олій 2л 3 дюйма Преміум + подовжувач;16750.0000;0;1;2026-06-30 23:00:43;2026-07-01 10:43:46
1905;1905;1905;Апарат для виготовлення ефірних олій 2л 4 дюйма Базовий;14258.0000;0;1;2026-06-30 23:00:43;2026-07-01 10:43:46
1907;1907;1907;Апарат для виготовлення ефірних олій 5л 4 дюйма Преміум;19535.0000;0;1;2026-06-30 23:00:43;2026-07-01 10:43:46
1908;1908;1908;Апарат для виготовлення ефірних олій 5л 4 дюйма Преміум + подовжувач;23567.0000;0;1;2026-06-30 23:00:43;2026-07-01 10:43:46
1909;1909;1909;Дистилятор для гідролатів 12л 4 дюйма;16590.0000;0;1;2026-06-30 23:00:43;2026-07-01 10:43:46
1910;1910;1910;Дистилятор для ефірних олій 20л 6 дюймів, Преміум, тен 110в;41045.0000;0;1;2026-06-30 23:00:43;2026-07-01 10:43:46
1911;1911;1911;Дистилятор для ефірних олій 20л 6 дюймів, Преміум, тен 220в;41045.0000;0;1;2026-06-30 23:00:43;2026-07-01 10:43:46
1912;1912;1912;Дистилятор для ефірних олій 25л 8 дюймів, Преміум, тен 110в;46315.0000;0;1;2026-06-30 23:00:43;2026-07-01 10:43:46
1913;1913;1913;Дистилятор для ефірних олій 25л 8 дюймів, Преміум, тен 220в;46315.0000;0;1;2026-06-30 23:00:43;2026-07-01 10:43:46
1914;1914;1914;Конус для шолома для віскі;7915.0000;999;1;2026-06-30 23:00:44;2026-07-01 10:43:46
1465745243;1914649333;1914649333;"Металокерамічний дизайн-обігрівач UDEN-500К &quot;Ковбой&quot;";5038.0000;0;0;2026-05-05 10:34:03;2026-07-01 10:43:46
1465745240;1914649995;1914649995;"Металокерамічний дизайн-обігрівач UDEN-500К &quot;Елізабет&quot;";5038.0000;0;0;2026-05-05 10:34:03;2026-07-01 10:43:46
1465745359;1914654612;1914654612;"Металокерамічний дизайн-обігрівач UDEN-700 &quot;Тіффані&quot;";5978.0000;0;0;2026-05-05 10:34:03;2026-07-01 10:43:46
1465745306;1914682271;1914682271;"Металокерамічний дизайн-обігрівач UDEN-700 &quot;Золота лілія&quot;";5728.0000;0;0;2026-05-05 10:34:03;2026-07-01 10:43:46
1917;1917;1917;Мідний самогонний апарат 2,4л 2 дюйма;12035.0000;998;1;2026-06-30 23:00:44;2026-07-01 10:43:46
1465744846;1919206386;1919206386;"Керамогранітний обігрівач KEN-500К &quot;Гранж жаккард&quot; бузковий";5400.0000;0;0;2026-05-05 10:34:03;2026-07-01 10:43:46
1465744969;1919209639;1919209639;"Керамогранітний обігрівач KEN-600 &quot;Гранж жаккард&quot; бузковий";6000.0000;0;0;2026-05-05 10:34:03;2026-07-01 10:43:46
1465745156;1919214665;1919214665;"Керамогранітний обігрівач KEN-700 &quot;Гранж жаккард&quot; бузковий";6500.0000;0;0;2026-05-05 10:34:03;2026-07-01 10:43:46
1465744549;1919221916;1919221916;"Керамогранітний обігрівач KEN-500 &quot;Гранж жаккард&quot; бузковий";5400.0000;0;0;2026-05-05 10:34:03;2026-07-01 10:43:46
1465744750;1919225589;1919225589;"Керамогранітний обігрівач KEN-500D &quot;Гранж жаккард&quot; бузковий";5400.0000;0;0;2026-05-05 10:34:03;2026-07-01 10:43:46
1465744737;1919240375;1919240375;"Керамогранітний обігрівач KEN-500D &quot;Гранж жаккард&quot; білий";5400.0000;999;0;2026-05-05 10:34:03;2026-07-01 10:43:46
1465744508;1919242201;1919242201;"Керамогранітний обігрівач KEN-500 &quot;Гранж жаккард&quot; білий";5400.0000;0;0;2026-05-05 10:34:03;2026-07-01 10:43:46
1465744835;1919245387;1919245387;"Керамогранітний обігрівач KEN-500К &quot;Гранж жаккард&quot; білий";5400.0000;0;0;2026-05-05 10:34:03;2026-07-01 10:43:46
1465744920;1919248768;1919248768;"Керамогранітний обігрівач KEN-600 &quot;Гранж жаккард&quot; білий";4939.0000;0;0;2026-05-05 10:34:03;2026-07-01 10:43:46
1465745144;1919258761;1919258761;"Керамогранітний обігрівач KEN-700 &quot;Гранж жаккард&quot; білий";7900.0000;999;0;2026-05-05 10:34:03;2026-07-01 10:43:46
1465745350;1920263149;1920263149;"Металокерамічний дизайн-обігрівач UDEN-700 &quot;Седона&quot;";5185.0000;999;0;2026-05-05 10:34:03;2026-07-01 10:43:46
1465745194;1920264625;1920264625;"Металокерамічний дизайн-обігрівач UDEN-500 &quot;Скло&quot;";4688.0000;0;0;2026-05-05 10:34:03;2026-07-01 10:43:46
1465745249;1920265550;1920265550;"Металокерамічний дизайн-обігрівач UDEN-500К &quot;Маяк&quot;";6104.0000;999;0;2026-05-05 10:34:03;2026-07-01 10:43:46
1465745304;1920265646;1920265646;"Металокерамічний дизайн-обігрівач UDEN-700 &quot;Зародження&quot;";7052.0000;999;0;2026-05-05 10:34:03;2026-07-01 10:43:46
1465745290;1920266026;1920266026;"Металокерамічний дизайн-обігрівач UDEN-700 &quot;Вікенд&quot;";6518.0000;0;0;2026-05-05 10:34:03;2026-07-01 10:43:46
1465745214;1920266505;1920266505;"Металокерамічний дизайн-обігрівач UDEN-500 &quot;Успіх&quot;";6104.0000;999;0;2026-05-05 10:34:03;2026-07-01 10:43:46
1465745343;1920266544;1920266544;"Металокерамічний дизайн-обігрівач UDEN-700 &quot;Прованс&quot;";6429.0000;999;0;2026-05-05 10:34:03;2026-07-01 10:43:46
1921;1921;1921;Мідний самогонний апарат 5л 3 дюйма;16728.0000;999;1;2026-06-30 23:00:44;2026-07-01 10:43:46
1922;1922;1922;Мідний самогонний апарат 8л 3 дюйма;18538.0000;998;1;2026-06-30 23:00:44;2026-07-01 10:43:46
1923;1923;1923;Мідний самогонний апарат з дефлегматором 12л 4 дюйма;30406.0000;999;1;2026-06-30 23:00:44;2026-07-01 10:43:46
1924;1924;1924;Мідний самогонний апарат з дефлегматором 18л 4 дюйма;32953.0000;999;1;2026-06-30 23:00:44;2026-07-01 10:43:46
1925;1925;1925;Мідний самогонний апарат з дефлегматором 24л 4 дюйма;34797.0000;999;1;2026-06-30 23:00:44;2026-07-01 10:43:46
1926;1926;1926;Мідний самогонний апарат з дефлегматором 42л 6 дюймів;35600.0000;0;1;2026-06-30 23:00:44;2026-07-01 10:43:46
1927;1927;1927;Набір для самогонного апарату (шолом та конус);25376.0000;999;1;2026-06-30 23:00:44;2026-07-01 10:43:46
1465744454;1927150351;1927150351;"Керамогранітний обігрівач KEN-1100 &quot;Гранж жаккард&quot; бежевий";9000.0000;0;0;2026-05-05 10:34:03;2026-07-01 10:43:46
1928;1928;1928;Насос акваріумний;1480.0000;5;1;2026-06-30 23:01:34;2026-07-01 10:43:46
1465745393;1928120683;1928120683;"Металокерамічний дизайн-обігрівач UDEN-S &quot;Україна&quot; (триптих)";16274.0000;999;0;2026-05-05 10:34:03;2026-07-01 10:43:46
1465745372;1928133337;1928133337;Металокерамічний дизайн-обігрівач UDEN-700 С-3004;4480.0000;999;0;2026-05-05 10:34:03;2026-07-01 10:43:46
1465745374;1928133755;1928133755;Металокерамічний дизайн-обігрівач UDEN-700 С-6019 універсал;4680.0000;0;0;2026-05-05 10:34:03;2026-07-01 10:43:46
1465745347;1928135078;1928135078;"Металокерамічний дизайн-обігрівач UDEN-700 &quot;Сапфір&quot;";5092.0000;0;0;2026-05-05 10:34:03;2026-07-01 10:43:46
1465745308;1928138076;1928138076;"Металокерамічний дизайн-обігрівач UDEN-700 &quot;Індіго&quot;";5092.0000;0;0;2026-05-05 10:34:03;2026-07-01 10:43:46
1465745215;1928142180;1928142180;Металокерамічний дизайн-обігрівач UDEN-500 C-3004;4253.0000;999;0;2026-05-05 10:34:03;2026-07-01 10:43:46
1465745331;1928202996;1928202996;"Металокерамічний дизайн-обігрівач UDEN-700 &quot;Невагомість&quot; (відрізняється малюнок)";5600.0000;0;0;2026-05-05 10:34:03;2026-07-01 10:43:46
1465745292;1928205079;1928205079;"Металокерамічний дизайн-обігрівач UDEN-700 &quot;В'ятське мереживо&quot;";5600.0000;0;0;2026-05-05 10:34:03;2026-07-01 10:43:46
1465745267;1928205615;1928205615;"Металокерамічний дизайн-обігрівач UDEN-700 &quot;Амазонка&quot;";4428.0000;0;0;2026-05-05 10:34:03;2026-07-01 10:43:46
1929;1929;1929;Настільний розділювач ефірних олій;2000.0000;0;1;2026-06-30 23:01:35;2026-07-01 10:43:46
1933;1933;1933;Перехідник/редуктор 4 дюйми – 2 дюйми;2750.0000;0;1;2026-06-30 23:01:35;2026-07-01 10:43:46
1934;1934;1934;Підвісний розділювач ефірних олій;2800.0000;0;1;2026-06-30 23:01:35;2026-07-01 10:43:46
1509;19348072;19348072;"Вварка діоптра 3&quot; з підсвіткою в кришку перегінного куба";3245.0000;999;1;2026-06-30 23:06:46;2026-07-01 10:43:46
1465745977;19348072-1;19348072-1;"Вварка діоптра 4&quot; з підсвіткою в кришку перегінного куба";3630.0000;999;1;2026-06-30 23:05:51;2026-07-01 10:43:46
1941;1941;1941;Скло для розділювача ефір.олій 3 шт.;670.0000;0;1;2026-06-30 23:01:35;2026-07-01 10:43:46
1942;1942;1942;Шолом для віскі;17500.0000;999;1;2026-06-30 23:00:44;2026-07-01 10:43:46
1945;1945;1945;Газова конфорка 20 см.;1620.0000;0;1;2026-06-30 23:00:45;2026-07-01 10:43:46
1465745614;1945720563;1945720563;Ніжка-стійка до обігрівача UDEN-S на колесах;840.0000;999;0;2026-05-05 10:29:42;2026-07-01 10:43:46
1946;1946;1946;Газова конфорка 30 см.;1890.0000;1;1;2026-06-30 23:00:45;2026-07-01 10:43:46
1948;1948;1948;Дистиллятор для ефірної олії 150 л. Об`єм для сировини 115 л.;113900.0000;0;1;2026-06-30 23:00:45;2026-07-01 10:43:46
1949;1949;1949;Дистиллятор для ефірної олії 280 л.  Об’єм для сировини 220 л.;178000.0000;999;1;2026-06-30 23:00:45;2026-07-01 10:43:46
1952;1952;1952;Мідна сковорідка з двома ручками 20 см. (сріблястими);2465.0000;0;1;2026-06-30 23:00:45;2026-07-01 10:43:46
1953;1953;1953;Мідна сковорідка з латунними ручками 22 см.;2580.0000;0;1;2026-06-30 23:00:45;2026-07-01 10:43:46
1956;1956;1956;Мідна сковорідка з фігурною ручкою 22 см.;2580.0000;0;1;2026-06-30 23:00:45;2026-07-01 10:43:46
1957;1957;1957;Мідна фондюшниця;4794.0000;1;1;2026-06-30 23:00:45;2026-07-01 10:43:46
1960;1960;1960;Мідна чашка 80 мл.;436.0000;0;1;2026-06-30 23:00:45;2026-07-01 10:43:46
1961;1961;1961;Мідний глечик 1,9 л.;4140.0000;0;1;2026-06-30 23:00:45;2026-07-01 10:43:46
1969;1969;1969;Ректифікаційна тарілка 4 дюйми;8800.0000;999;1;2026-06-30 23:00:45;2026-07-01 10:43:46
1465745145;1969997840;1969997840;"Керамогранітний обігрівач KEN-700 &quot;Гранж жаккард&quot; білий";5335.0000;0;0;2026-05-05 10:34:03;2026-07-01 10:43:46
1465744921;1969998126;1969998126;"Керамогранітний обігрівач KEN-600 &quot;Гранж жаккард&quot; білий";4939.0000;0;0;2026-05-05 10:34:03;2026-07-01 10:43:46
1465744509;1969998319;1969998319;"Керамогранітний обігрівач KEN-500 &quot;Гранж жаккард&quot; білий";4554.0000;0;0;2026-05-05 10:34:03;2026-07-01 10:43:46
1465744836;1969998417;1969998417;"Керамогранітний обігрівач KEN-500К &quot;Гранж жаккард&quot; білий";5400.0000;0;0;2026-05-05 10:34:03;2026-07-01 10:43:46
1465744738;1969998522;1969998522;"Керамогранітний обігрівач KEN-500D &quot;Гранж жаккард&quot; білий";5400.0000;0;0;2026-05-05 10:34:03;2026-07-01 10:43:46
1970;1970;1970;Ректифікаційна тарілка 6 дюймів;7650.0000;0;1;2026-06-30 23:01:35;2026-07-01 10:43:46
1465744727;1970001862;1970001862;"Керамогранітний обігрівач KEN-500D &quot;Біг-Бен&quot;";5700.0000;0;0;2026-05-05 10:34:03;2026-07-01 10:43:46
1465745149;1970052602;1970052602;"Керамогранітний обігрівач KEN-700 &quot;Гранж жаккард&quot; графітовий";6500.0000;999;0;2026-05-05 10:34:03;2026-07-01 10:43:46
1465744513;1970052668;1970052668;"Керамогранітний обігрівач KEN-500 &quot;Гранж жаккард&quot; графітовий";5400.0000;999;0;2026-05-05 10:34:03;2026-07-01 10:43:46
1465744928;1970052741;1970052741;"Керамогранітний обігрівач KEN-600 &quot;Гранж жаккард&quot; графітовий";6000.0000;999;0;2026-05-05 10:34:03;2026-07-01 10:43:46
1971;1971;1971;Сковорода з боковими фігурними ручками 14 см.;1865.0000;3;1;2026-06-30 23:00:45;2026-07-01 10:43:46
1465745311;1993030999;1993030999;"Металокерамічний дизайн-обігрівач UDEN-700 &quot;Коти-Ведмедики&quot;";5333.0000;0;0;2026-05-05 10:34:03;2026-07-01 10:43:46
1465745220;1993044796;1993044796;"Металокерамічний дизайн-обігрівач UDEN-500D &quot;Імла&quot;";4923.0000;999;0;2026-05-05 10:34:03;2026-07-01 10:43:46
1465745219;1993046627;1993046627;"Металокерамічний дизайн-обігрівач UDEN-500D &quot;Дім&quot;";4923.0000;999;0;2026-05-05 10:34:03;2026-07-01 10:43:46
1465744634;1993086706;1993086706;"Керамогранітний обігрівач KEN-500 &quot;Магія перетинання&quot;";7000.0000;999;0;2026-05-05 10:34:03;2026-07-01 10:43:46
1465744458;1993093125;1993093125;"Керамогранітний обігрівач KEN-1400 &quot;Saudade 2&quot;";18000.0000;999;0;2026-05-05 10:34:03;2026-07-01 10:43:46
1465744644;1993094196;1993094196;"Керамогранітний обігрівач KEN-500 &quot;Смарагдова меланхолія&quot;";7000.0000;999;0;2026-05-05 10:34:03;2026-07-01 10:43:46
1465744456;1993900638;1993900638;"Керамогранітний обігрівач KEN-1300 &quot;Відбитки тепла&quot;";18000.0000;999;0;2026-05-05 10:34:03;2026-07-01 10:43:46
1465744457;1994382621;1994382621;"Керамогранітний обігрівач KEN-1300С &quot;Зоріпад&quot;";20000.0000;999;0;2026-05-05 10:34:03;2026-07-01 10:43:46
1465745192;1994427117;1994427117;"Металокерамічний дизайн-обігрівач UDEN-300 &quot;Польові квіти&quot; &quot;універсал&quot; з ДК";5525.0000;999;0;2026-05-05 10:34:03;2026-07-01 10:43:46
1465745210;1994469070;1994469070;"Металокерамічний дизайн-обігрівач UDEN-500 &quot;Скло&quot;";4688.0000;0;0;2026-05-05 10:34:03;2026-07-01 10:43:46
1465745189;1994560578;1994560578;"Металокерамічний дизайн-обігрівач UDEN-250 C-7015 &quot;універсал&quot; з ДУ";4844.0000;999;0;2026-05-05 10:34:03;2026-07-01 10:43:46
1465744630;1998043155;1998043155;"Керамогранітний обігрівач KEN-500 &quot;Котофей&quot;";4000.0000;0;0;2026-05-05 10:34:03;2026-07-01 10:43:46
1465744631;1998054460;1998054460;"Керамогранітний обігрівач KEN-500 &quot;Котофей&quot;";4000.0000;0;0;2026-05-05 10:34:03;2026-07-01 10:43:46
200;200;200;Випарний куб 2017 з мідною кришкою;1.0000;0;0;2026-06-30 23:00:04;2026-07-01 10:43:46
404;20009;20009;Кран зливний SPEIDEL (пластик) diam. 15;493.0000;11;1;2026-06-30 23:01:13;2026-07-01 10:43:46
1465744473;2004600926;2004600926;"Керамогранітний обігрівач KEN-500 &quot;Геометрія міста&quot;";7000.0000;999;0;2026-05-05 10:34:03;2026-07-01 10:43:46
289;200510;200510;Циліндр для ареометра - 3 39/335 ГОСТ 18481-81;80.0000;0;1;2026-06-30 23:01:12;2026-07-01 10:43:46
290;200512;200512;Циліндр для ареометра АНТ-1;115.0000;0;1;2026-06-30 23:01:12;2026-07-01 10:43:46
257;200516;200516;Солод Pilsen (Україна);51.8000;99;1;2026-06-30 23:01:51;2026-07-01 10:43:46
258;200517;200517;Солод Шато Віденський (Chateau Vienna);96.0000;97;1;2026-06-30 23:00:06;2026-07-01 10:43:46
284;200528;200528;Хміль САПФІР (SAPHIR) – 50 гр. α-4,3%;55.0000;0;1;2026-06-30 23:01:12;2026-07-01 10:43:46
287;200528-1;200528-1;Хміль ХЕРСБРУКЕР (Hersbrucker) – 50 гр. α-3,8%;80.0000;0;1;2026-06-30 23:01:12;2026-07-01 10:43:46
175;200529;200529;Пивні дріжджі Safale S-04, 11.5 гр;160.0000;0;1;2026-06-30 23:01:10;2026-07-01 10:43:46
220;200538;200538;"Міні-дефлегматор &quot;міджет&quot;";1200.0000;0;1;2026-06-30 23:01:11;2026-07-01 10:43:46
146;200554;200554;Солод BEST Heidelberg;84.0000;99;1;2026-06-30 23:01:51;2026-07-01 10:43:46
256;200560;200560;Солод BEST Red X ®;93.0000;99;1;2026-06-30 23:01:51;2026-07-01 10:43:46
261;200565;200565;Солод Шато Пільсен (Chateau Pilsen);51.0000;0;1;2026-06-30 23:00:06;2026-07-01 10:43:46
260;200566;200566;Солод Шато Мюнік 25 EBC;47.0000;0;1;2026-06-30 23:00:06;2026-07-01 10:43:46
219;200911;200911;Мірний циліндр 3-250-2 ГОСТ 1770-74;190.0000;5;1;2026-06-30 23:01:11;2026-07-01 10:43:46
185;200914;200914;Дріжджі Safspirit M-1 Whisky, 25g;185.0000;7;1;2026-06-30 23:01:10;2026-07-01 10:43:46
253;200915;200915;Солод карамельний BEST Caramel Munich II, 0.5 кг;48.8000;99;1;2026-06-30 23:01:51;2026-07-01 10:43:46
254;200916;200916;Солод BEST Chocolate 0.25 кг;32.7000;99;1;2026-06-30 23:01:51;2026-07-01 10:43:46
288;200917;200917;Хміль ЕЛЛА (Ella™), α-14%;175.0000;0;1;2026-06-30 23:01:12;2026-07-01 10:43:46
147;200918;200918;Солод BEST Pilsen;79.5000;99;1;2026-06-30 23:01:51;2026-07-01 10:43:46
178;200919;200919;Пивні дріжджі Safale US-05, 500 гр;3010.0000;0;1;2026-06-30 23:01:10;2026-07-01 10:43:46
1855;2009203;2009203;Перехідник D4 IG G1/2 LH на AG G1/2;545.0000;999;0;2026-05-05 10:30:54;2026-07-01 10:43:46
259;200921;200921;Солод Шато Віскі (CHATEAU WHISKY) 1кг;199.0000;99;1;2026-06-30 23:01:53;2026-07-01 10:43:46
181;200926;200926;Пивні дріжджі Saflager W-34/70 - 11,5 гр;280.0000;3;1;2026-06-30 23:01:10;2026-07-01 10:43:46
1465745888;2009265;2009265;Штуцер перехідник IG G1 / 4LH x AG G1/2;640.0000;999;0;2026-05-05 10:30:54;2026-07-01 10:43:46
180;200929;200929;Пивні дріжджі Saflager S-23, 500гр;1.0000;0;0;2026-06-30 23:01:10;2026-07-01 10:43:46
389;200933;200933;Солод карамельний BEST Caramel® Aromatic;90.3000;99;1;2026-06-30 23:01:52;2026-07-01 10:43:46
332;200936;200936;Склянка вимірювання спиртуозності 2017;2700.0000;1;1;2026-06-30 23:01:12;2026-07-01 10:43:46
323;200938;200938;Солод BEST Special X® 0.5 кг;56.3000;99;1;2026-06-30 23:01:52;2026-07-01 10:43:46
179;200947;200947;Пивні дріжджі Saflager S-23 - 11,5 гр;106.0000;0;1;2026-06-30 23:01:10;2026-07-01 10:43:46
191;200951;200951;Жатецький хміль (Saaz) гранули - 50 гр., α-2.7%;164.0000;25;1;2026-06-30 23:01:10;2026-07-01 10:43:46
255;200957;200957;Солод BEST Pale Ale;79.5000;99;1;2026-06-30 23:01:51;2026-07-01 10:43:46
282;200958;200958;ХМІЛЬ МАГНУМ (MAGNUM) - 50 гр, α-12,5%;50.0000;0;1;2026-06-30 23:01:11;2026-07-01 10:43:46
281;200959;200959;Хмель Centennial (USA) 50 гр, α-9,3%;203.0000;0;1;2026-06-30 23:01:11;2026-07-01 10:43:46
173;200966;200966;Пивні дріжджі SAFALE K-97, 10 гр;129.0000;0;1;2026-06-30 23:01:10;2026-07-01 10:43:46
286;201001;201001;Хміль ХАЛЛЕРТАУ ТРАДИШИН (TRADITION) - 50 гр. α-6.4%;75.0000;0;1;2026-06-30 23:01:12;2026-07-01 10:43:46
1465744599;2011771076;2011771076;"Керамогранітний обігрівач KEN-500 &quot;Космос жаккард&quot; какао";5400.0000;999;0;2026-05-05 10:34:03;2026-07-01 10:43:46
1465745021;2011774440;2011774440;"Керамогранітний обігрівач KEN-600 &quot;Космос жаккард&quot; бежевий";6000.0000;0;0;2026-05-05 10:34:03;2026-07-01 10:43:46
1465744922;2011804438;2011804438;"Керамогранітний обігрівач KEN-600 &quot;Гранж жаккард&quot; білий";6000.0000;0;0;2026-05-05 10:34:03;2026-07-01 10:43:46
1465745146;2011804528;2011804528;"Керамогранітний обігрівач KEN-700 &quot;Гранж жаккард&quot; білий";5335.0000;0;0;2026-05-05 10:34:03;2026-07-01 10:43:46
1465744510;2011804868;2011804868;"Керамогранітний обігрівач KEN-500 &quot;Гранж жаккард&quot; білий";5400.0000;0;0;2026-05-05 10:34:03;2026-07-01 10:43:46
1465744514;2011806412;2011806412;"Керамогранітний обігрівач KEN-500 &quot;Гранж жаккард&quot; графітовий";5400.0000;999;0;2026-05-05 10:34:03;2026-07-01 10:43:46
1465744929;2011807087;2011807087;"Керамогранітний обігрівач KEN-600 &quot;Гранж жаккард&quot; графітовий";6000.0000;999;0;2026-05-05 10:34:03;2026-07-01 10:43:46
1465744465;2011809287;2011809287;"Керамогранітний обігрівач KEN-400 &quot;Степанич&quot;";4000.0000;0;0;2026-05-05 10:34:03;2026-07-01 10:43:46
1465744466;2011810591;2011810591;"Керамогранітний обігрівач KEN-400 &quot;Степанич&quot;";4000.0000;0;0;2026-05-05 10:34:03;2026-07-01 10:43:46
1465745088;2011860295;2011860295;"Керамогранітний обігрівач KEN-600 &quot;Флер&quot;";5800.0000;0;0;2026-05-05 10:34:03;2026-07-01 10:43:46
1465744467;2011861272;2011861272;"Керамогранітний обігрівач KEN-400 &quot;Степанич&quot;";4000.0000;0;0;2026-05-05 10:34:03;2026-07-01 10:43:46
1465744798;2011884818;2011884818;"Керамогранітний обігрівач KEN-500K &quot;Глянець&quot; бежевий";8640.0000;999;0;2026-05-05 10:34:03;2026-07-01 10:43:46
1465744803;2011888628;2011888628;"Керамогранітний обігрівач KEN-500K &quot;Глянець&quot; кварцовий";8640.0000;999;0;2026-05-05 10:34:03;2026-07-01 10:43:46
1465744843;2011892495;2011892495;"Керамогранітний обігрівач KEN-500К &quot;Гранж жаккард&quot; медовий";5400.0000;999;0;2026-05-05 10:34:03;2026-07-01 10:43:46
1465744839;2011897047;2011897047;"Керамогранітний обігрівач KEN-500К &quot;Гранж жаккард&quot; графітовий";5400.0000;999;0;2026-05-05 10:34:03;2026-07-01 10:43:46
1465745150;2011897282;2011897282;"Керамогранітний обігрівач KEN-700 &quot;Гранж жаккард&quot; графітовий";6500.0000;999;0;2026-05-05 10:34:03;2026-07-01 10:43:46
1465744450;2011897983;2011897983;"Керамогранітний обігрівач KEN-1000 &quot;Магія візерунка&quot;";8374.0000;999;0;2026-05-05 10:34:03;2026-07-01 10:43:46
318;201200;201200;Хміль Cascade USA (Каскад) 50 г, α-6.5%;212.0000;0;1;2026-06-30 23:01:12;2026-07-01 10:43:46
1465745066;2013824364;2013824364;"Керамогранітний обігрівач KEN-600 &quot;Спалахи&quot;";7000.0000;999;0;2026-05-05 10:34:03;2026-07-01 10:43:46
1465744640;2013851421;2013851421;"Керамогранітний обігрівач KEN-500 &quot;Пристрасть&quot;";5600.0000;0;0;2026-05-05 10:34:03;2026-07-01 10:43:46
1465744734;2015979846;2015979846;"Керамогранітний обігрівач KEN-500D &quot;Глянець&quot;";8640.0000;999;0;2026-05-05 10:34:03;2026-07-01 10:43:46
1465744550;2015981090;2015981090;"Керамогранітний обігрівач KEN-500 &quot;Гранж жаккард&quot; шоколадний";5400.0000;999;0;2026-05-05 10:34:03;2026-07-01 10:43:46
1465744654;2015983728;2015983728;"Керамогранітний обігрівач KEN-500 &quot;Філігри жаккард&quot; кварцовий";5400.0000;999;0;2026-05-05 10:34:03;2026-07-01 10:43:46
1465744602;2016016149;2016016149;"Керамогранітний обігрівач KEN-500 &quot;Космос жаккард&quot; кварцовий";5400.0000;999;0;2026-05-05 10:34:03;2026-07-01 10:43:46
1465744561;2016041318;2016041318;"Керамогранітний обігрівач KEN-500 &quot;Ізморозь жаккард&quot; бежевий";5400.0000;999;0;2026-05-05 10:34:03;2026-07-01 10:43:46
1465744528;2016042668;2016042668;"Керамогранітний обігрівач KEN-500 &quot;Гранж жаккард&quot; блакитний";5400.0000;0;0;2026-05-05 10:34:03;2026-07-01 10:43:46
1465744629;2016044152;2016044152;"Керамогранітний обігрівач KEN-500 &quot;Космос жаккард&quot; родоніт";5400.0000;999;0;2026-05-05 10:34:03;2026-07-01 10:43:46
1465744761;2016046114;2016046114;"Керамогранітний обігрівач KEN-500D &quot;Космос жаккард&quot; аквамариновий";5400.0000;0;0;2026-05-05 10:34:03;2026-07-01 10:43:46
1465744480;2016047485;2016047485;"Керамогранітний обігрівач KEN-500 &quot;Глянець&quot; бежевий";8640.0000;999;0;2026-05-05 10:34:03;2026-07-01 10:43:46
1465745078;2016083563;2016083563;"Керамогранітний обігрівач KEN-600 &quot;Філігри жаккард&quot; малиновий";6000.0000;999;0;2026-05-05 10:34:03;2026-07-01 10:43:46
1465745024;2016085232;2016085232;"Керамогранітний обігрівач KEN-600 &quot;Космос жаккард&quot; какао";6000.0000;999;0;2026-05-05 10:34:03;2026-07-01 10:43:46
1465744547;2016097349;2016097349;"Керамогранітний обігрівач KEN-500 &quot;Гранж жаккард&quot; персиковий";5400.0000;999;0;2026-05-05 10:34:03;2026-07-01 10:43:46
1465744730;2016098531;2016098531;"Керамогранітний обігрівач KEN-500D &quot;Глянець&quot; малахітовий";6376.0000;0;0;2026-05-05 10:34:03;2026-07-01 10:43:46
1465744767;2016100203;2016100203;"Керамогранітний обігрівач KEN-500D &quot;Космос шовк&quot; графітовий";5940.0000;999;0;2026-05-05 10:34:03;2026-07-01 10:43:46
1465745026;2016100571;2016100571;"Керамогранітний обігрівач KEN-600 &quot;Космос жаккард&quot; полуничний";6000.0000;999;0;2026-05-05 10:34:03;2026-07-01 10:43:46
1465745014;2016106637;2016106637;"Керамогранітний обігрівач KEN-600 &quot;Ізморозь жаккард&quot; горіховий";6000.0000;999;0;2026-05-05 10:34:03;2026-07-01 10:43:46
1465745076;2016107920;2016107920;"Керамогранітний обігрівач KEN-600 &quot;Філігри жаккард&quot; полуничний";6000.0000;999;0;2026-05-05 10:34:03;2026-07-01 10:43:46
1465745004;2016116026;2016116026;"Керамогранітний обігрівач KEN-600 &quot;Ізморозь жаккард&quot; м'ятний";6000.0000;999;0;2026-05-05 10:34:03;2026-07-01 10:43:46
1465744936;2016122369;2016122369;"Керамогранітний обігрівач KEN-600 &quot;Гранж жаккард&quot; кварцовий";6000.0000;999;0;2026-05-05 10:34:03;2026-07-01 10:43:46
1465744930;2016165444;2016165444;"Керамогранітний обігрівач KEN-600 &quot;Гранж жаккард&quot; какао";4939.0000;0;0;2026-05-05 10:34:03;2026-07-01 10:43:46
1465745035;2016166683;2016166683;"Керамогранітний обігрівач KEN-600 &quot;Космос жаккард&quot; блакитний";6000.0000;0;0;2026-05-05 10:34:03;2026-07-01 10:43:46
1465745005;2016167200;2016167200;"Керамогранітний обігрівач KEN-600 &quot;Ізморозь жаккард&quot; м'ятний";6000.0000;999;0;2026-05-05 10:34:03;2026-07-01 10:43:46
1465744931;2016167771;2016167771;"Керамогранітний обігрівач KEN-600 &quot;Гранж жаккард&quot; какао";6000.0000;999;0;2026-05-05 10:34:03;2026-07-01 10:43:46
1465745124;2016168951;2016168951;"Керамогранітний обігрівач KEN-600 &quot;Полотно жаккард&quot; горіховий";6000.0000;999;0;2026-05-05 10:34:03;2026-07-01 10:43:46
1465745036;2016201114;2016201114;"Керамогранітний обігрівач KEN-600 &quot;Космос жаккард&quot; блакитний";6000.0000;0;0;2026-05-05 10:34:03;2026-07-01 10:43:46
1465744605;2016245197;2016245197;"Керамогранітний обігрівач KEN-500 &quot;Космос жаккард&quot; полуничний";5400.0000;999;0;2026-05-05 10:34:03;2026-07-01 10:43:46
1465744852;2016266150;2016266150;"Керамогранітний обігрівач KEN-500К &quot;Ізморозь жаккард&quot; аквамариновий";5400.0000;0;0;2026-05-05 10:34:03;2026-07-01 10:43:46
1465745186;2016292282;2016292282;"Керамогранітний сушка для рушників KEN-200 &quot;Кватро&quot; бузковий";3000.0000;0;0;2026-05-05 10:34:03;2026-07-01 10:43:46
1465745168;2018416982;2018416982;"Керамогранітний обігрівач KEN-900 &quot;Гранж жаккард&quot; білий";7000.0000;999;0;2026-05-05 10:34:03;2026-07-01 10:43:46
1465744455;2018422528;2018422528;"Керамогранітний обігрівач KEN-1100 &quot;Гранж жаккард&quot; білий";9000.0000;999;0;2026-05-05 10:34:03;2026-07-01 10:43:46
1465745161;2018491812;2018491812;"Керамогранітний обігрівач KEN-700 &quot;Космос жаккард&quot; блакитний";6500.0000;0;0;2026-05-05 10:34:03;2026-07-01 10:43:46
1465744554;2018492821;2018492821;"Керамогранітний обігрівач KEN-500 &quot;Жизель&quot; кварцовий";5600.0000;999;0;2026-05-05 10:34:03;2026-07-01 10:43:46
1465744871;2020376918;2020376918;"Керамогранітний обігрівач KEN-500К &quot;Філігри жаккард&quot; оливковий";5400.0000;999;0;2026-05-05 10:34:03;2026-07-01 10:43:46
1465745015;2020386924;2020386924;"Керамогранітний обігрівач KEN-600 &quot;Ізморозь жаккард&quot; горіховий";6000.0000;0;0;2026-05-05 10:34:03;2026-07-01 10:43:46
2023;2023;2023;Дріжджі спиртові Pinnacle M, 25g;125.0000;0;1;2026-06-30 23:01:36;2026-07-01 10:43:46
2024;2024;2024;Спірально-призматична насадка (СПН) нержавіюча 3.5х3.5х0.36, 100 гр;105.0000;10;1;2026-06-30 23:01:36;2026-07-01 10:43:46
497;202422;202422;Ареометр для спирту АСП-3 20-80;205.0000;1;1;2026-06-30 23:01:14;2026-07-01 10:43:46
2025;2025;2025;Спірально-призматична насадка (СПН) мідна 3.5х3.5х0.35, 100 гр;139.0000;0;1;2026-06-30 23:01:36;2026-07-01 10:43:46
1282;202569;202569;"Стакан вимірювання спиртуозності &quot;Папуга&quot; 100 мл.";230.0000;1;1;2026-06-30 23:01:26;2026-07-01 10:43:46
1283;202570;202570;"Стакан вимірювання спиртуозності &quot;Папуга&quot; 250мл";250.0000;1;1;2026-06-30 23:01:26;2026-07-01 10:43:46
1284;202586;202586;Колона для вуглювання скло;195.0000;0;1;2026-06-30 23:01:26;2026-07-01 10:43:46
1074;202604;202604;Стакан вимірювальний високий 250мл;82.0000;0;1;2026-06-30 23:01:24;2026-07-01 10:43:46
2036;2036;2036;Жарена пшениця BEST Roasted Wheat Light;0.0000;0;1;2025-03-18 15:49:19;2026-07-01 10:43:46
1262;20404027;20404027;Паперові фільтр-мішки для Karcher;100.0000;0;0;2026-05-04 23:00:32;2026-07-01 10:43:46
2043;2043;2043;Концентрат квасного сусла (ККС) 5 кг;639.0000;7;1;2026-06-30 23:01:36;2026-07-01 10:43:46
1465746405;2043-14;2043-14;Концентрат квасного сусла (ККС) 14 кг;1440.0000;4;1;2026-06-30 23:01:48;2026-07-01 10:43:46
1465745616;2049884199;2049884199;Програматор terneo pro-z;1503.0000;999;0;2026-05-05 10:29:42;2026-07-01 10:43:46
1465745271;2051982835;2051982835;"Металокерамічний дизайн-обігрівач UDEN-700 &quot;Ангеліт&quot;";5185.0000;999;0;2026-05-05 10:34:03;2026-07-01 10:43:46
1465745272;2051984912;2051984912;"Металокерамічний дизайн-обігрівач UDEN-700 &quot;Антік&quot;";5185.0000;999;0;2026-05-05 10:34:03;2026-07-01 10:43:46
1465745211;2051986038;2051986038;"Металокерамічний дизайн-обігрівач UDEN-500 &quot;Сплеск&quot;";4688.0000;0;0;2026-05-05 10:34:03;2026-07-01 10:43:46
1465745355;2051987380;2051987380;"Металокерамічний дизайн-обігрівач UDEN-700 &quot;Темрява&quot;";5185.0000;999;0;2026-05-05 10:34:03;2026-07-01 10:43:46
1465744865;2052058990;2052058990;"Керамогранітний обігрівач KEN-500К &quot;Мопс&quot;";4800.0000;999;0;2026-05-05 10:34:03;2026-07-01 10:43:46
1465744556;2052083856;2052083856;"Керамогранітний обігрівач KEN-500 &quot;Зірка Алатір&quot;";5200.0000;0;0;2026-05-05 10:34:03;2026-07-01 10:43:46
923;20591896;20591896;ДУБОВА ТРІСКА АМЕРИКАНСЬКИЙ ДУБ СЕРЕДНЯ ФРАКЦІЯ СЕРЕДНІЙ ВИПАЛ (100 Г);100.0000;0;1;2026-06-30 23:01:22;2026-07-01 10:43:46
1465746350;2060;2060;Портативний газовий гриль-плита-духовка 3 в 1;15500.0000;999;0;2026-05-05 10:32:12;2026-07-01 10:43:46
1465745857;20601;20601;Фітинг латунь ПАПА, 8 мм, різьба 1/4;40.0000;7;1;2026-06-30 23:01:36;2026-07-01 10:43:46
1148;206033K;206033K;Газовий гриль URBAN PRO;15500.0000;0;0;2026-05-05 10:26:48;2026-07-01 10:43:46
1465745863;2062;2062;"Тройник нержавеющий под кламповое соединение 2&quot; дюйма DN51 AISI304";486.0000;5;1;2026-06-30 23:01:36;2026-07-01 10:43:46
1173;2065;2065;Візок-стола з колесами для газового гриля Urban / Urban Pro;6790.0000;999;0;2026-05-05 10:27:59;2026-07-01 10:43:46
1788;2076;2076;Деко-планча з нержавіючої сталі для гриля Enders Uban / Urban Pro;4240.0000;0;0;2026-05-05 10:27:59;2026-07-01 10:43:46
1465745996;20815894/MAG1063;20815894/MAG1063;Пневмокран (нержавійка);539.0000;999;1;2026-06-30 23:06:00;2026-07-01 10:43:46
1465745621;2085198794;2085198794;Терморегулятор Pulse PT20-VR1;720.0000;999;0;2026-05-05 10:29:42;2026-07-01 10:43:46
1465745859;2091;2091;Силіконовий лист 500х500х3мм;400.0000;0;1;2026-06-30 23:01:36;2026-07-01 10:43:46
1136;2092;2092;Комплект для кріплення газового картриджа;2075.0000;999;0;2026-05-05 10:30:54;2026-07-01 10:43:46
1780;2093;2093;Ніжки-підставка для газового гриля Urban;1330.0000;0;0;2026-05-05 10:27:59;2026-07-01 10:43:46
1753;2095;2095;Газовий гриль URBAN;12190.0000;0;0;2026-05-05 10:26:48;2026-07-01 10:43:46
659;21001;21001;Пластикова овальна ємність для бродіння Speidel 60 л;3735.0000;998;1;2026-06-30 23:00:14;2026-07-01 10:43:46
660;21002;21002;Пластикова ємність для бродіння Speidel 100 л овальна ;4715.0000;999;1;2026-06-30 23:00:14;2026-07-01 10:43:46
661;21004;21004;Пластикова овальна ємність для бродіння Speidel 200 л;9675.0000;999;1;2026-06-30 23:00:14;2026-07-01 10:43:46
662;21005;21005;Пластикова овальна ємність для бродіння Speidel 300 л;11700.0000;999;1;2026-06-30 23:00:14;2026-07-01 10:43:46
247;21006;21006;Пластикова ємність для бродіння Speidel 30 л;2255.0000;988;1;2026-06-30 23:00:06;2026-07-01 10:43:46
248;21007;21007;Пластикова ємність для бродіння 60 л Speidel ;5815.0000;999;1;2026-06-30 23:00:06;2026-07-01 10:43:46
245;21008;21008;Пластикова ємність для бродіння Speidel 120 л;5985.0000;999;1;2026-06-30 23:00:06;2026-07-01 10:43:46
155;21010;21010;Гідрозатвор, шпунт-апарат;493.0000;8;1;2026-06-30 23:01:10;2026-07-01 10:43:46
1465744555;2101294194;2101294194;"Керамогранітний обігрівач KEN-500 &quot;Жизель&quot; кварцовий";5600.0000;999;0;2026-05-05 10:34:03;2026-07-01 10:43:46
1465744815;2101294685;2101294685;"Керамогранітний обігрівач KEN-500K &quot;Космос жаккард&quot; малахітовий";5400.0000;999;0;2026-05-05 10:34:03;2026-07-01 10:43:46
1465744691;2101295399;2101295399;"Керамогранітний обігрівач KEN-500 &quot;Полотно жаккард&quot; медовий";5400.0000;999;0;2026-05-05 10:34:03;2026-07-01 10:43:46
1465744469;2101301814;2101301814;"Керамогранітний обігрівач KEN-400 &quot;Хлоя&quot;";3800.0000;0;0;2026-05-05 10:34:03;2026-07-01 10:43:46
1465744470;2101302881;2101302881;"Керамогранітний обігрівач KEN-400 &quot;Хлоя&quot;";3800.0000;0;0;2026-05-05 10:34:03;2026-07-01 10:43:46
1465745065;2101303372;2101303372;"Керамогранітний обігрівач KEN-600 &quot;Рубін&quot;";5655.0000;0;0;2026-05-05 10:34:03;2026-07-01 10:43:46
1465745264;2101322591;2101322591;"Металокерамічний дизайн-обігрівач UDEN-500К &quot;Шон&quot;";6158.0000;0;0;2026-05-05 10:34:03;2026-07-01 10:43:46
464;21015;21015;Заглушка різьбова з прокладкою;140.0000;0;1;2026-06-30 23:01:14;2026-07-01 10:43:46
361;21019;21019;Хомут пластикової кришки;270.0000;0;1;2026-06-30 23:01:13;2026-07-01 10:43:46
463;21021;21021;Кришка для круглих бочок 60-120 л;1575.0000;5;1;2026-06-30 23:01:14;2026-07-01 10:43:46
360;21025;21025;Прокладка кришки для бочок 60-120л;465.0000;5;1;2026-06-30 23:01:13;2026-07-01 10:43:46
536;21031;21031;Ущільнювач кришки на ємність 20/30 л;135.0000;4;1;2026-06-30 23:01:14;2026-07-01 10:43:46
663;21042;21042;Пластикова овальна ємність для бродіння Speidel 500 л;20090.0000;999;1;2026-06-30 23:00:14;2026-07-01 10:43:46
215;21043;21043;Кран зливний SPEIDEL (пластик) diam. 10;305.0000;8;1;2026-06-30 23:01:11;2026-07-01 10:43:46
244;21047;21047;Пластикова ємність для бродіння Speidel 12л;1870.0000;999;1;2026-06-30 23:00:06;2026-07-01 10:43:46
246;21052;21052;Пластикова ємність для бродіння Speidel 20 л;2310.0000;999;1;2026-06-30 23:00:06;2026-07-01 10:43:46
1465746006;21053740;21053740;Турбо дефлегматор 6 дюйма ;9900.0000;5;1;2026-06-30 23:01:39;2026-07-01 10:43:46
189;21070;21070;Ємність ферментаційна Fermentegg 250 л;42540.0000;999;1;2026-06-30 23:00:04;2026-07-01 10:43:46
190;21080;21080;Ємність ферментаційна Fermentegg 600 л;74370.0000;999;1;2026-06-30 23:00:04;2026-07-01 10:43:46
304;21090;21090;Ємність ферментаційна Fermentegg 60 л;25150.0000;998;1;2026-06-30 23:00:07;2026-07-01 10:43:46
1465745573;2121286698;2121286698;Металокерамічний обігрівач UDEN-700 чорний;4148.0000;0;0;2026-05-05 10:34:03;2026-07-01 10:43:46
1465745565;2121286699;2121286699;Металокерамічний обігрівач UDEN-700 бежевий;4148.0000;0;0;2026-05-05 10:34:03;2026-07-01 10:43:46
1465745567;2121286700;2121286700;Металокерамічний обігрівач UDEN-700 жовтий;4148.0000;0;0;2026-05-05 10:34:03;2026-07-01 10:43:46
1465745570;2121286701;2121286701;Металокерамічний обігрівач UDEN-700 помаранчевий;4148.0000;0;0;2026-05-05 10:34:03;2026-07-01 10:43:46
1465745569;2121286702;2121286702;Металокерамічний обігрівач UDEN-700 червоний;4148.0000;0;0;2026-05-05 10:34:03;2026-07-01 10:43:46
1465745571;2121286703;2121286703;Металокерамічний обігрівач UDEN-700 синій;4148.0000;0;0;2026-05-05 10:34:03;2026-07-01 10:43:46
1465745568;2121286704;2121286704;Металокерамічний обігрівач UDEN-700 зелений;4148.0000;0;0;2026-05-05 10:34:03;2026-07-01 10:43:46
1465745566;2121286705;2121286705;Металокерамічний обігрівач UDEN-700 блакитний;4148.0000;0;0;2026-05-05 10:34:03;2026-07-01 10:43:46
1465745572;2121286706;2121286706;Металокерамічний обігрівач UDEN-700 темно-синій;4148.0000;0;0;2026-05-05 10:34:03;2026-07-01 10:43:46
1465745500;2122044257;2122044257;Металокерамічний обігрівач UDEN-500 бежевий;3938.0000;0;0;2026-05-05 10:34:03;2026-07-01 10:43:46
1465745502;2122044258;2122044258;Металокерамічний обігрівач UDEN-500 жовтий;3938.0000;0;0;2026-05-05 10:34:03;2026-07-01 10:43:46
1465745505;2122044259;2122044259;Металокерамічний обігрівач UDEN-500 помаранчевий;3938.0000;0;0;2026-05-05 10:34:03;2026-07-01 10:43:46
1465745504;2122044260;2122044260;Металокерамічний обігрівач UDEN-500 червоний;3938.0000;0;0;2026-05-05 10:34:03;2026-07-01 10:43:46
1465745506;2122044261;2122044261;Металокерамічний обігрівач UDEN-500 синій;3938.0000;0;0;2026-05-05 10:34:03;2026-07-01 10:43:46
1465745501;2122044262;2122044262;Металокерамічний обігрівач UDEN-500 блакитний;3938.0000;0;0;2026-05-05 10:34:03;2026-07-01 10:43:46
1465745507;2122044263;2122044263;Металокерамічний обігрівач UDEN-500 темно-синій;3938.0000;0;0;2026-05-05 10:34:03;2026-07-01 10:43:46
1465745503;2122044264;2122044264;Металокерамічний обігрівач UDEN-500 Зелений;3938.0000;0;0;2026-05-05 10:34:03;2026-07-01 10:43:46
1465745508;2122044265;2122044265;Металокерамічний обігрівач UDEN-500 чорний;3938.0000;0;0;2026-05-05 10:34:03;2026-07-01 10:43:46
1465745542;2122049208;2122049208;Металокерамічний обігрівач UDEN-500К бежевий;3938.0000;0;0;2026-05-05 10:34:03;2026-07-01 10:43:46
1465745544;2122049209;2122049209;Металокерамічний обігрівач UDEN-500К жовтий;3938.0000;0;0;2026-05-05 10:34:03;2026-07-01 10:43:46
1465745547;2122049210;2122049210;Металокерамічний обігрівач UDEN-500К помаранчевий;3938.0000;0;0;2026-05-05 10:34:03;2026-07-01 10:43:46
1465745546;2122049211;2122049211;Металокерамічний обігрівач UDEN-500К червоний;3938.0000;0;0;2026-05-05 10:34:03;2026-07-01 10:43:46
1465745548;2122049212;2122049212;Металокерамічний обігрівач UDEN-500К синій;3938.0000;0;0;2026-05-05 10:34:03;2026-07-01 10:43:46
1465745549;2122049213;2122049213;Металокерамічний обігрівач UDEN-500К темно-синій;3938.0000;0;0;2026-05-05 10:34:03;2026-07-01 10:43:46
1465745543;2122049214;2122049214;Металокерамічний обігрівач UDEN-500К блакитний;3938.0000;0;0;2026-05-05 10:34:03;2026-07-01 10:43:46
1465745545;2122049215;2122049215;Металокерамічний обігрівач UDEN-500К зелений;3938.0000;0;0;2026-05-05 10:34:03;2026-07-01 10:43:46
1465745550;2122049216;2122049216;Металокерамічний обігрівач UDEN-500К чорний;3938.0000;0;0;2026-05-05 10:34:03;2026-07-01 10:43:46
1465745521;2122051625;2122051625;Металокерамічний обігрівач UDEN-500D бежевий;3938.0000;0;0;2026-05-05 10:34:03;2026-07-01 10:43:46
1465745523;2122051626;2122051626;Металокерамічний обігрівач UDEN-500D жовтий;3938.0000;0;0;2026-05-05 10:34:03;2026-07-01 10:43:46
1465745526;2122051627;2122051627;Металокерамічний обігрівач UDEN-500D помаранчевий;3938.0000;0;0;2026-05-05 10:34:03;2026-07-01 10:43:46
1465745525;2122051628;2122051628;Металокерамічний обігрівач UDEN-500D червоний;3938.0000;0;0;2026-05-05 10:34:03;2026-07-01 10:43:46
1465745527;2122051629;2122051629;Металокерамічний обігрівач UDEN-500D синій;3938.0000;0;0;2026-05-05 10:34:03;2026-07-01 10:43:46
1465745528;2122051630;2122051630;Металокерамічний обігрівач UDEN-500D темно-синій;3938.0000;0;0;2026-05-05 10:34:03;2026-07-01 10:43:46
1465745522;2122051631;2122051631;Металокерамічний обігрівач UDEN-500D блакитний;3938.0000;0;0;2026-05-05 10:34:03;2026-07-01 10:43:46
1465745524;2122051632;2122051632;Металокерамічний обігрівач UDEN-500D зелений;3938.0000;0;0;2026-05-05 10:34:03;2026-07-01 10:43:46
1465745529;2122051633;2122051633;Металокерамічний обігрівач UDEN-500D чорний;3938.0000;0;0;2026-05-05 10:34:03;2026-07-01 10:43:46
1465745479;2122074472;2122074472;Металокерамічний обігрівач UDEN-300 бежевий;3250.0000;0;0;2026-05-05 10:34:03;2026-07-01 10:43:46
1465745481;2122074473;2122074473;Металокерамічний обігрівач UDEN-300 жовтий;3250.0000;0;0;2026-05-05 10:34:03;2026-07-01 10:43:46
1465745484;2122074474;2122074474;Металокерамічний обігрівач UDEN-300 помаранчевий;3250.0000;0;0;2026-05-05 10:34:03;2026-07-01 10:43:46
1465745483;2122074475;2122074475;Металокерамічний обігрівач UDEN-300 червоний;3250.0000;0;0;2026-05-05 10:34:03;2026-07-01 10:43:46
1465745485;2122074476;2122074476;Металокерамічний обігрівач UDEN-300 синій;3250.0000;0;0;2026-05-05 10:34:03;2026-07-01 10:43:46
1465745486;2122074477;2122074477;Металокерамічний обігрівач UDEN-300 темно-синій;3250.0000;0;0;2026-05-05 10:34:03;2026-07-01 10:43:46
1465745480;2122074478;2122074478;Металокерамічний обігрівач UDEN-300 блакитний;3250.0000;0;0;2026-05-05 10:34:03;2026-07-01 10:43:46
1465745482;2122074479;2122074479;Металокерамічний обігрівач UDEN-300 зелений;3250.0000;0;0;2026-05-05 10:34:03;2026-07-01 10:43:46
1465745487;2122074480;2122074480;Металокерамічний обігрівач UDEN-300 чорний;3250.0000;999;0;2026-05-05 10:34:03;2026-07-01 10:43:46
1465745458;2122077774;2122077774;Металокерамічний обігрівач UDEN-250 бежевий;3050.0000;0;0;2026-05-05 10:34:03;2026-07-01 10:43:46
1465745460;2122077775;2122077775;Металокерамічний обігрівач UDEN-250 жовтий;3050.0000;0;0;2026-05-05 10:34:03;2026-07-01 10:43:46
1465745463;2122077776;2122077776;Металокерамічний обігрівач UDEN-250 помаранчевий;3050.0000;0;0;2026-05-05 10:34:03;2026-07-01 10:43:46
1465745462;2122077777;2122077777;Металокерамічний обігрівач UDEN-250 червоний;3050.0000;0;0;2026-05-05 10:34:03;2026-07-01 10:43:46
1465745464;2122077778;2122077778;Металокерамічний обігрівач UDEN-250 синій;3050.0000;0;0;2026-05-05 10:34:03;2026-07-01 10:43:46
1465745465;2122077779;2122077779;Металокерамічний обігрівач UDEN-250 темно-синій;3050.0000;0;0;2026-05-05 10:34:03;2026-07-01 10:43:46
1465745459;2122077780;2122077780;Металокерамічний обігрівач UDEN-250 блакитний;3050.0000;0;0;2026-05-05 10:34:03;2026-07-01 10:43:46
1465745461;2122077781;2122077781;Металокерамічний обігрівач UDEN-250 зелений;3050.0000;0;0;2026-05-05 10:34:03;2026-07-01 10:43:46
1465745466;2122077782;2122077782;Металокерамічний обігрівач UDEN-250 чорний;3050.0000;0;0;2026-05-05 10:34:03;2026-07-01 10:43:46
1465745586;2122107916;2122107916;Металокерамічний обігрівач UDEN-900 бежевий;4988.0000;0;0;2026-05-05 10:34:03;2026-07-01 10:43:46
1465745588;2122107917;2122107917;Металокерамічний обігрівач UDEN-900 жовтий;4988.0000;0;0;2026-05-05 10:34:03;2026-07-01 10:43:46
1465745591;2122107918;2122107918;Металокерамічний обігрівач UDEN-900 помаранчевий;4988.0000;0;0;2026-05-05 10:34:03;2026-07-01 10:43:46
1465745590;2122107919;2122107919;Металокерамічний обігрівач UDEN-900 червоний;4988.0000;0;0;2026-05-05 10:34:03;2026-07-01 10:43:46
1465745592;2122107920;2122107920;Металокерамічний обігрівач UDEN-900 синій;4988.0000;0;0;2026-05-05 10:34:03;2026-07-01 10:43:46
1465745593;2122107921;2122107921;Металокерамічний обігрівач UDEN-900 темно-синій;4988.0000;0;0;2026-05-05 10:34:03;2026-07-01 10:43:46
1465745587;2122107922;2122107922;Металокерамічний обігрівач UDEN-900 блакитний;4988.0000;0;0;2026-05-05 10:34:03;2026-07-01 10:43:46
1465745589;2122107923;2122107923;Металокерамічний обігрівач UDEN-900 зелений;4988.0000;0;0;2026-05-05 10:34:03;2026-07-01 10:43:46
1465745594;2122107924;2122107924;Металокерамічний обігрівач UDEN-900 чорний;4988.0000;999;0;2026-05-05 10:34:03;2026-07-01 10:43:46
1465745600;2122113692;2122113692;Металокерамічний обігрівач стельовий UDEN-500P бежевий;3938.0000;0;0;2026-05-05 10:34:03;2026-07-01 10:43:46
1465745602;2122113693;2122113693;Металокерамічний обігрівач стельовий UDEN-500P жовтий;3938.0000;0;0;2026-05-05 10:34:03;2026-07-01 10:43:46
1465745605;2122113694;2122113694;Металокерамічний обігрівач стельовий UDEN-500P помаранчевий;3938.0000;0;0;2026-05-05 10:34:03;2026-07-01 10:43:46
1465745604;2122113695;2122113695;Металокерамічний обігрівач стельовий UDEN-500P червоний;3938.0000;0;0;2026-05-05 10:34:03;2026-07-01 10:43:46
1465745606;2122113696;2122113696;Металокерамічний обігрівач стельовий UDEN-500P синій;3938.0000;0;0;2026-05-05 10:34:03;2026-07-01 10:43:46
1465745607;2122113697;2122113697;Металокерамічний обігрівач стельовий UDEN-500P темно-синій;3938.0000;0;0;2026-05-05 10:34:03;2026-07-01 10:43:46
1465745601;2122113698;2122113698;Металокерамічний обігрівач стельовий UDEN-500P блакитний;3938.0000;0;0;2026-05-05 10:34:03;2026-07-01 10:43:46
1465745603;2122113699;2122113699;Металокерамічний обігрівач стельовий UDEN-500P зелений;3938.0000;0;0;2026-05-05 10:34:03;2026-07-01 10:43:46
1465745608;2122113700;2122113700;Металокерамічний обігрівач стельовий UDEN-500P чорний;3938.0000;0;0;2026-05-05 10:34:03;2026-07-01 10:43:46
1465745437;2122128876;2122128876;Металокерамічний обігрівач UDEN-200 теплий плінтус бежевий;3000.0000;0;0;2026-05-05 10:34:03;2026-07-01 10:43:46
1465745439;2122128877;2122128877;Металокерамічний обігрівач UDEN-200 теплий плінтус жовтий;3000.0000;0;0;2026-05-05 10:34:03;2026-07-01 10:43:46
1465745442;2122128878;2122128878;Металокерамічний обігрівач UDEN-200 теплий плінтус помаранчевий;3000.0000;0;0;2026-05-05 10:34:03;2026-07-01 10:43:46
1465745441;2122128879;2122128879;Металокерамічний обігрівач UDEN-200 теплий плінтус червоний;3000.0000;0;0;2026-05-05 10:34:03;2026-07-01 10:43:46
1465745443;2122128880;2122128880;Металокерамічний обігрівач UDEN-200 теплий плінтус синій;3000.0000;0;0;2026-05-05 10:34:03;2026-07-01 10:43:46
1465745444;2122128881;2122128881;Металокерамічний обігрівач UDEN-200 теплий плінтус темно-синій;3000.0000;0;0;2026-05-05 10:34:03;2026-07-01 10:43:46
1465745438;2122128882;2122128882;Металокерамічний обігрівач UDEN-200 теплий плінтус блакитний;3000.0000;0;0;2026-05-05 10:34:03;2026-07-01 10:43:46
1465745440;2122128883;2122128883;Металокерамічний обігрівач UDEN-200 теплий плінтус зелений;3000.0000;0;0;2026-05-05 10:34:03;2026-07-01 10:43:46
1465745445;2122128884;2122128884;Металокерамічний обігрівач UDEN-200 теплий плінтус чорний;3000.0000;999;0;2026-05-05 10:34:03;2026-07-01 10:43:46
1465745839;21233;21233;"Прокладка силіконова для кламп 8&quot; дюйми DN219";99.0000;7;1;2026-06-30 23:01:36;2026-07-01 10:43:46
1465745840;21240;21240;"Прокладка силіконова для кламп 6&quot; дюйм DN159";75.0000;6;1;2026-06-30 23:01:36;2026-07-01 10:43:46
1465745849;21257;21257;Клапан дисковий н/ж AISI 304 DN50 S-S;1454.0000;0;1;2026-06-30 23:01:37;2026-07-01 10:43:46
1465745417;2125703719;2125703719;Металокерамічний обігрівач UDEN-1000 бежевий;5408.0000;0;0;2026-05-05 10:34:03;2026-07-01 10:43:46
1465745419;2125703720;2125703720;Металокерамічний обігрівач UDEN-1000 жовтий;5408.0000;0;0;2026-05-05 10:34:03;2026-07-01 10:43:46
1465745422;2125703721;2125703721;Металокерамічний обігрівач UDEN-1000 помаранчевий;5408.0000;0;0;2026-05-05 10:34:03;2026-07-01 10:43:46
1465745421;2125703722;2125703722;Металокерамічний обігрівач UDEN-1000 червоний;5408.0000;0;0;2026-05-05 10:34:03;2026-07-01 10:43:46
1465745423;2125703723;2125703723;Металокерамічний обігрівач UDEN-1000 синій;5408.0000;0;0;2026-05-05 10:34:03;2026-07-01 10:43:46
1465745424;2125703724;2125703724;Металокерамічний обігрівач UDEN-1000 темно-синій;5408.0000;0;0;2026-05-05 10:34:03;2026-07-01 10:43:46
1465745418;2125703725;2125703725;Металокерамічний обігрівач UDEN-1000 блакитний;5408.0000;0;0;2026-05-05 10:34:03;2026-07-01 10:43:46
1465745420;2125703726;2125703726;Металокерамічний обігрівач UDEN-1000 зелений;5408.0000;0;0;2026-05-05 10:34:03;2026-07-01 10:43:46
1465745425;2125703727;2125703727;Металокерамічний обігрівач UDEN-1000 чорний;5408.0000;999;0;2026-05-05 10:34:03;2026-07-01 10:43:46
1465745427;2125708292;2125708292;Металокерамічний обігрівач UDEN-150 теплий плінтус бежевий;2950.0000;999;0;2026-05-05 10:34:03;2026-07-01 10:43:46
1465745429;2125708293;2125708293;Металокерамічний обігрівач UDEN-150 теплий плінтус жовтий;2950.0000;0;0;2026-05-05 10:34:03;2026-07-01 10:43:46
1465745432;2125708294;2125708294;Металокерамічний обігрівач UDEN-150 теплий плінтус помаранчевий;2950.0000;0;0;2026-05-05 10:34:03;2026-07-01 10:43:46
1465745431;2125708295;2125708295;Металокерамічний обігрівач UDEN-150 теплий плінтус червоний;2950.0000;0;0;2026-05-05 10:34:03;2026-07-01 10:43:46
1465745433;2125708296;2125708296;Металокерамічний обігрівач UDEN-150 теплий плінтус синій;2950.0000;0;0;2026-05-05 10:34:03;2026-07-01 10:43:46
1465745434;2125708297;2125708297;Металокерамічний обігрівач UDEN-150 теплий плінтус темно-синій;2950.0000;0;0;2026-05-05 10:34:03;2026-07-01 10:43:46
1465745428;2125708298;2125708298;Металокерамічний обігрівач UDEN-150 теплий плінтус блакитний;2950.0000;0;0;2026-05-05 10:34:03;2026-07-01 10:43:46
1465745430;2125708299;2125708299;Металокерамічний обігрівач UDEN-150 теплий плінтус зелений;2950.0000;0;0;2026-05-05 10:34:03;2026-07-01 10:43:46
1465745435;2125708300;2125708300;Металокерамічний обігрівач UDEN-150 теплий плінтус чорний;2950.0000;999;0;2026-05-05 10:34:03;2026-07-01 10:43:46
1465745396;2125710297;2125710297;Металокерамічний обігрівач UDEN-100 теплий плінтус бежевий;2700.0000;999;0;2026-05-05 10:34:03;2026-07-01 10:43:46
1465745398;2125710298;2125710298;Металокерамічний обігрівач UDEN-100 теплий плінтус жовтий;2700.0000;0;0;2026-05-05 10:34:03;2026-07-01 10:43:46
1465745401;2125710299;2125710299;Металокерамічний обігрівач UDEN-100 теплий плінтус помаранчевий;2700.0000;0;0;2026-05-05 10:34:03;2026-07-01 10:43:46
1465745400;2125710300;2125710300;Металокерамічний обігрівач UDEN-100 теплий плінтус червоний;2700.0000;0;0;2026-05-05 10:34:03;2026-07-01 10:43:46
1465745402;2125710301;2125710301;Металокерамічний обігрівач UDEN-100 теплий плінтус синій;2700.0000;0;0;2026-05-05 10:34:03;2026-07-01 10:43:46
1465745403;2125710302;2125710302;Металокерамічний обігрівач UDEN-100 теплий плінтус темно-синій;2700.0000;0;0;2026-05-05 10:34:03;2026-07-01 10:43:46
1465745397;2125710303;2125710303;Металокерамічний обігрівач UDEN-100 теплий плінтус блакитний;2700.0000;0;0;2026-05-05 10:34:03;2026-07-01 10:43:46
1465745399;2125710304;2125710304;Металокерамічний обігрівач UDEN-100 теплий плінтус зелений;2700.0000;0;0;2026-05-05 10:34:03;2026-07-01 10:43:46
1465745404;2125710305;2125710305;Металокерамічний обігрівач UDEN-100 теплий плінтус чорний;2700.0000;0;0;2026-05-05 10:34:03;2026-07-01 10:43:46
1465745850;21264;21264;Клапан дисковий н/ж AISI 304 DN100 S-S;3770.0000;0;1;2026-06-30 23:01:37;2026-07-01 10:43:46
1465745862;21271;21271;Ущільнення для клапана диск. VMQ DN50;170.0000;0;1;2026-06-30 23:01:37;2026-07-01 10:43:46
1465745861;21288;21288;Ущільнення для клапана диск. VMQ DN100;360.0000;0;1;2026-06-30 23:01:37;2026-07-01 10:43:46
1465745842;21295;21295;Відвід нж AISI 304 104x2,0;560.0000;5;1;2026-06-30 23:01:37;2026-07-01 10:43:46
1465745837;21325;21325;Різьбове з'єднання у зборі DIN AISI 304 DN 50 (52x1,5);590.0000;10;1;2026-06-30 23:01:37;2026-07-01 10:43:46
1465745880;21332;21332;Концентрат квасу трипільського;88.0000;16;1;2026-06-30 23:01:37;2026-07-01 10:43:46
1465745554;2135536706;2135536706;"Металокерамічний обігрівач UDEN-700 &quot;універсал&quot; бежевий";4348.0000;999;0;2026-05-05 10:34:03;2026-07-01 10:43:46
1465745556;2135536707;2135536707;"Металокерамічний обігрівач UDEN-700 &quot;універсал&quot; жовтий";4348.0000;0;0;2026-05-05 10:34:03;2026-07-01 10:43:46
1465745559;2135536708;2135536708;"Металокерамічний обігрівач UDEN-700 &quot;універсал&quot; помаранчевий";4348.0000;0;0;2026-05-05 10:34:03;2026-07-01 10:43:46
1465745558;2135536709;2135536709;"Металокерамічний обігрівач UDEN-700 &quot;універсал&quot; червоний";4348.0000;0;0;2026-05-05 10:34:03;2026-07-01 10:43:46
1465745562;2135536710;2135536710;"Металокерамічний обігрівач UDEN-700 &quot;універсал&quot; синій";4348.0000;0;0;2026-05-05 10:34:03;2026-07-01 10:43:46
1465745563;2135536711;2135536711;"Металокерамічний обігрівач UDEN-700 &quot;універсал&quot; темно-синій";4348.0000;0;0;2026-05-05 10:34:03;2026-07-01 10:43:46
1465745555;2135537168;2135537168;"Металокерамічний обігрівач UDEN-700 &quot;універсал&quot; блакитний";4348.0000;0;0;2026-05-05 10:34:03;2026-07-01 10:43:46
1465745557;2135537490;2135537490;"Металокерамічний обігрівач UDEN-700 &quot;універсал&quot; зелений";4348.0000;0;0;2026-05-05 10:34:03;2026-07-01 10:43:46
1465745564;2135538478;2135538478;"Металокерамічний обігрівач UDEN-700 &quot;універсал&quot; чорний";4348.0000;999;0;2026-05-05 10:34:03;2026-07-01 10:43:46
1465745491;2135543920;2135543920;"Металокерамічний обігрівач UDEN-500 &quot;універсал&quot; бежевий";4138.0000;999;0;2026-05-05 10:34:03;2026-07-01 10:43:46
1465745493;2135543921;2135543921;"Металокерамічний обігрівач UDEN-500 &quot;універсал&quot; жовтий";4138.0000;0;0;2026-05-05 10:34:03;2026-07-01 10:43:46
1465745496;2135543922;2135543922;"Металокерамічний обігрівач UDEN-500 &quot;універсал&quot; помаранчевий";4138.0000;0;0;2026-05-05 10:34:03;2026-07-01 10:43:46
1465745495;2135543923;2135543923;"Металокерамічний обігрівач UDEN-500 &quot;універсал&quot; червоний";4138.0000;0;0;2026-05-05 10:34:03;2026-07-01 10:43:46
1465745497;2135543924;2135543924;"Металокерамічний обігрівач UDEN-500 &quot;універсал&quot; синій";4138.0000;0;0;2026-05-05 10:34:03;2026-07-01 10:43:46
1465745498;2135543925;2135543925;"Металокерамічний обігрівач UDEN-500 &quot;універсал&quot; темно-синій";4138.0000;0;0;2026-05-05 10:34:03;2026-07-01 10:43:46
1465745492;2135543926;2135543926;"Металокерамічний обігрівач UDEN-500 &quot;універсал&quot; блакитний";4138.0000;0;0;2026-05-05 10:34:03;2026-07-01 10:43:46
1465745494;2135543927;2135543927;"Металокерамічний обігрівач UDEN-500 &quot;універсал&quot; зелений";4138.0000;0;0;2026-05-05 10:34:03;2026-07-01 10:43:46
1465745499;2135543928;2135543928;"Металокерамічний обігрівач UDEN-500 &quot;універсал&quot; чорний";4138.0000;999;0;2026-05-05 10:34:03;2026-07-01 10:43:46
1465745532;2135545734;2135545734;"Металокерамічний обігрівач UDEN-500К &quot;універсал&quot; бежевий";4138.0000;0;0;2026-05-05 10:34:03;2026-07-01 10:43:46
1465745534;2135545735;2135545735;"Металокерамічний обігрівач UDEN-500К &quot;універсал&quot; жовтий";4138.0000;0;0;2026-05-05 10:34:03;2026-07-01 10:43:46
1465745537;2135545736;2135545736;"Металокерамічний обігрівач UDEN-500К &quot;універсал&quot; помаранчевий";4138.0000;0;0;2026-05-05 10:34:03;2026-07-01 10:43:46
1465745536;2135545737;2135545737;"Металокерамічний обігрівач UDEN-500К &quot;універсал&quot; червоний";4138.0000;0;0;2026-05-05 10:34:03;2026-07-01 10:43:46
1465745539;2135545738;2135545738;"Металокерамічний обігрівач UDEN-500К &quot;універсал&quot; синій";4138.0000;0;0;2026-05-05 10:34:03;2026-07-01 10:43:46
1465745540;2135545739;2135545739;"Металокерамічний обігрівач UDEN-500К &quot;універсал&quot; темно-синій";4138.0000;0;0;2026-05-05 10:34:03;2026-07-01 10:43:46
1465745533;2135545740;2135545740;"Металокерамічний обігрівач UDEN-500К &quot;універсал&quot; блакитний";4138.0000;0;0;2026-05-05 10:34:03;2026-07-01 10:43:46
1465745535;2135545741;2135545741;"Металокерамічний обігрівач UDEN-500К &quot;універсал&quot; зелений";4138.0000;0;0;2026-05-05 10:34:03;2026-07-01 10:43:46
1465745541;2135545742;2135545742;"Металокерамічний обігрівач UDEN-500К &quot;універсал&quot; чорний";4138.0000;0;0;2026-05-05 10:34:03;2026-07-01 10:43:46
1465745512;2135548160;2135548160;"Металокерамічний обігрівач UDEN-500D &quot;універсал&quot; бежевий";4138.0000;0;0;2026-05-05 10:34:03;2026-07-01 10:43:46
1465745514;2135548161;2135548161;"Металокерамічний обігрівач UDEN-500D &quot;універсал&quot; жовтий";4138.0000;0;0;2026-05-05 10:34:03;2026-07-01 10:43:46
1465745517;2135548162;2135548162;"Металокерамічний обігрівач UDEN-500D &quot;універсал&quot; помаранчевий";4138.0000;0;0;2026-05-05 10:34:03;2026-07-01 10:43:46
1465745516;2135548163;2135548163;"Металокерамічний обігрівач UDEN-500D &quot;універсал&quot; червоний";4138.0000;0;0;2026-05-05 10:34:03;2026-07-01 10:43:46
1465745518;2135548164;2135548164;"Металокерамічний обігрівач UDEN-500D &quot;універсал&quot; синій";4138.0000;0;0;2026-05-05 10:34:03;2026-07-01 10:43:46
1465745519;2135548165;2135548165;"Металокерамічний обігрівач UDEN-500D &quot;універсал&quot; темно-синій";4138.0000;0;0;2026-05-05 10:34:03;2026-07-01 10:43:46
1465745513;2135548166;2135548166;"Металокерамічний обігрівач UDEN-500D &quot;універсал&quot; блакитний";4138.0000;0;0;2026-05-05 10:34:03;2026-07-01 10:43:46
1465745515;2135548167;2135548167;"Металокерамічний обігрівач UDEN-500D &quot;універсал&quot; зелений";4138.0000;0;0;2026-05-05 10:34:03;2026-07-01 10:43:46
1465745520;2135548168;2135548168;"Металокерамічний обігрівач UDEN-500D &quot;універсал&quot; чорний";4138.0000;0;0;2026-05-05 10:34:03;2026-07-01 10:43:46
1465745576;2135552530;2135552530;"Металокерамічний обігрівач UDEN-900 &quot;універсал&quot; бежевий";5138.0000;999;0;2026-05-05 10:34:03;2026-07-01 10:43:46
1465745578;2135552531;2135552531;"Металокерамічний обігрівач UDEN-900 &quot;універсал&quot; жовтий";5138.0000;0;0;2026-05-05 10:34:03;2026-07-01 10:43:46
1465745581;2135552532;2135552532;"Металокерамічний обігрівач UDEN-900 &quot;універсал&quot; помаранчевий";5138.0000;0;0;2026-05-05 10:34:03;2026-07-01 10:43:46
1465745580;2135552533;2135552533;"Металокерамічний обігрівач UDEN-900 &quot;універсал&quot; червоний";5138.0000;0;0;2026-05-05 10:34:03;2026-07-01 10:43:46
1465745583;2135552534;2135552534;"Металокерамічний обігрівач UDEN-900 &quot;універсал&quot; синій";5138.0000;0;0;2026-05-05 10:34:03;2026-07-01 10:43:46
1465745584;2135552535;2135552535;"Металокерамічний обігрівач UDEN-900 &quot;універсал&quot; темно-синій";5138.0000;0;0;2026-05-05 10:34:03;2026-07-01 10:43:46
1465745577;2135552536;2135552536;"Металокерамічний обігрівач UDEN-900 &quot;універсал&quot; блакитний";5138.0000;0;0;2026-05-05 10:34:03;2026-07-01 10:43:46
1465745579;2135552537;2135552537;"Металокерамічний обігрівач UDEN-900 &quot;універсал&quot; зелений";5138.0000;0;0;2026-05-05 10:34:03;2026-07-01 10:43:46
1465745585;2135552538;2135552538;"Металокерамічний обігрівач UDEN-900 &quot;універсал&quot; чорний";5138.0000;999;0;2026-05-05 10:34:03;2026-07-01 10:43:46
1465745407;2135567928;2135567928;"Металокерамічний обігрівач UDEN-1000 &quot;універсал&quot; бежевий";5558.0000;999;0;2026-05-05 10:34:03;2026-07-01 10:43:46
1465745409;2135567929;2135567929;"Металокерамічний обігрівач UDEN-1000 &quot;універсал&quot; жовтий";5558.0000;0;0;2026-05-05 10:34:03;2026-07-01 10:43:46
1465745412;2135567930;2135567930;"Металокерамічний обігрівач UDEN-1000 &quot;універсал&quot; помаранчевий";5558.0000;0;0;2026-05-05 10:34:03;2026-07-01 10:43:46
1465745411;2135567931;2135567931;"Металокерамічний обігрівач UDEN-1000 &quot;універсал&quot; червоний";5558.0000;0;0;2026-05-05 10:34:03;2026-07-01 10:43:46
1465745414;2135567932;2135567932;"Металокерамічний обігрівач UDEN-1000 &quot;універсал&quot; синій";5558.0000;0;0;2026-05-05 10:34:03;2026-07-01 10:43:46
1465745415;2135567933;2135567933;"Металокерамічний обігрівач UDEN-1000 &quot;універсал&quot; темно-синій";5558.0000;0;0;2026-05-05 10:34:03;2026-07-01 10:43:46
1465745408;2135567934;2135567934;"Металокерамічний обігрівач UDEN-1000 &quot;універсал&quot; блакитний";5558.0000;0;0;2026-05-05 10:34:03;2026-07-01 10:43:46
1465745410;2135567935;2135567935;"Металокерамічний обігрівач UDEN-1000 &quot;універсал&quot; зелений";5558.0000;0;0;2026-05-05 10:34:03;2026-07-01 10:43:46
1465745416;2135567936;2135567936;"Металокерамічний обігрівач UDEN-1000 &quot;універсал&quot; чорний";5558.0000;999;0;2026-05-05 10:34:03;2026-07-01 10:43:46
1465745948;21718695/COPS-00;21718695/COPS-00;2 дюйма Copper Spirit (без куба);10550.0000;999;1;2026-06-30 23:00:50;2026-07-01 10:43:46
1465745897;217692;217692;ДЕТЕКТОР ВИТОКУ ГАЗУ PRESTO, 300 мл;390.0000;999;0;2026-05-05 10:30:54;2026-07-01 10:43:46
408;22200;22200;Подрібнювач яблук та груш для соку;57735.0000;999;1;2026-06-30 23:00:10;2026-07-01 10:43:46
1465745235;2223507480;2223507480;"Металокерамічний дизайн-обігрівач UDEN-500К &quot;Давид&quot;";5710.0000;999;0;2026-05-05 10:34:03;2026-07-01 10:43:46
1465745209;2223509257;2223509257;"Металокерамічний дизайн-обігрівач UDEN-500 &quot;Санторіні&quot;";5710.0000;999;0;2026-05-05 10:34:03;2026-07-01 10:43:46
1465745203;2223510132;2223510132;"Металокерамічний дизайн-обігрівач UDEN-500 &quot;Оазис&quot;";5710.0000;999;0;2026-05-05 10:34:03;2026-07-01 10:43:46
1465745208;2223511210;2223511210;"Металокерамічний дизайн-обігрівач UDEN-500 &quot;Рух&quot;";5710.0000;999;0;2026-05-05 10:34:03;2026-07-01 10:43:46
1465745197;2223511960;2223511960;"Металокерамічний дизайн-обігрівач UDEN-500 &quot;Витривалість&quot;";5710.0000;999;0;2026-05-05 10:34:03;2026-07-01 10:43:46
1465745201;2223512087;2223512087;"Металокерамічний дизайн-обігрівач UDEN-500 &quot;Наполегливість&quot;";5710.0000;999;0;2026-05-05 10:34:03;2026-07-01 10:43:46
1465745069;2231044622;2231044622;"Керамогранітний обігрівач KEN-600 &quot;Тропіки&quot; нефритовий";6200.0000;999;0;2026-05-05 10:34:03;2026-07-01 10:43:46
1465745470;2231966879;2231966879;"Металокерамічний обігрівач UDEN-300 &quot;універсал&quot; бежевий";3400.0000;0;0;2026-05-05 10:34:03;2026-07-01 10:43:46
1465745472;2231966880;2231966880;"Металокерамічний обігрівач UDEN-300 &quot;універсал&quot; жовтий";3400.0000;0;0;2026-05-05 10:34:03;2026-07-01 10:43:46
1465745475;2231966881;2231966881;"Металокерамічний обігрівач UDEN-300 &quot;універсал&quot; помаранчевий";3400.0000;0;0;2026-05-05 10:34:03;2026-07-01 10:43:46
1465745474;2231966882;2231966882;"Металокерамічний обігрівач UDEN-300 &quot;універсал&quot; червоний";3400.0000;0;0;2026-05-05 10:34:03;2026-07-01 10:43:46
1465745476;2231966883;2231966883;"Металокерамічний обігрівач UDEN-300 &quot;універсал&quot; синій";3400.0000;0;0;2026-05-05 10:34:03;2026-07-01 10:43:46
1465745477;2231966884;2231966884;"Металокерамічний обігрівач UDEN-300 &quot;універсал&quot; темно-синій";3400.0000;0;0;2026-05-05 10:34:03;2026-07-01 10:43:46
1465745471;2231966885;2231966885;"Металокерамічний обігрівач UDEN-300 &quot;універсал&quot; блакитний";3400.0000;0;0;2026-05-05 10:34:03;2026-07-01 10:43:46
1465745473;2231966886;2231966886;"Металокерамічний обігрівач UDEN-300 &quot;універсал&quot; зелений";3400.0000;0;0;2026-05-05 10:34:03;2026-07-01 10:43:46
1465745478;2231966887;2231966887;"Металокерамічний обігрівач UDEN-300 &quot;універсал&quot; чорний";3400.0000;0;0;2026-05-05 10:34:03;2026-07-01 10:43:46
1465745448;2231994895;2231994895;"Металокерамічний обігрівач UDEN-250 &quot;універсал&quot; бежевий";3200.0000;0;0;2026-05-05 10:34:03;2026-07-01 10:43:46
1465745450;2231994896;2231994896;"Металокерамічний обігрівач UDEN-250 &quot;універсал&quot; жовтий";3200.0000;0;0;2026-05-05 10:34:03;2026-07-01 10:43:46
1465745453;2231994897;2231994897;"Металокерамічний обігрівач UDEN-250 &quot;універсал&quot; помаранчевий";3200.0000;0;0;2026-05-05 10:34:03;2026-07-01 10:43:46
1465745452;2231994898;2231994898;"Металокерамічний обігрівач UDEN-250 &quot;універсал&quot; червоний";3200.0000;0;0;2026-05-05 10:34:03;2026-07-01 10:43:46
1465745455;2231994899;2231994899;"Металокерамічний обігрівач UDEN-250 &quot;універсал&quot; синій";3200.0000;0;0;2026-05-05 10:34:03;2026-07-01 10:43:46
1465745456;2231994900;2231994900;"Металокерамічний обігрівач UDEN-250 &quot;універсал&quot; темно-синій";3200.0000;0;0;2026-05-05 10:34:03;2026-07-01 10:43:46
1465745449;2231994901;2231994901;"Металокерамічний обігрівач UDEN-250 &quot;універсал&quot; блакитний";3200.0000;0;0;2026-05-05 10:34:03;2026-07-01 10:43:46
1465745451;2231994902;2231994902;"Металокерамічний обігрівач UDEN-250 &quot;універсал&quot; зелений";3200.0000;0;0;2026-05-05 10:34:03;2026-07-01 10:43:46
1465745457;2231994903;2231994903;"Металокерамічний обігрівач UDEN-250 &quot;універсал&quot; чорний";3200.0000;0;0;2026-05-05 10:34:03;2026-07-01 10:43:46
1465745629;2232003699;2232003699;Терморегулятор terneo vt сл.к;973.0000;0;0;2026-05-05 10:29:42;2026-07-01 10:43:46
1465745619;2232008188;2232008188;Терморегулятор HEAT PLUS iTeo4 (програмований сенсорний) чорний;1944.0000;999;0;2026-05-05 10:29:42;2026-07-01 10:43:46
1368;22384;22384;Індикаторний папір PH 0-14;60.0000;1;1;2026-06-30 23:01:27;2026-07-01 10:43:46
225;225;225;Мініспиртзавод 100 л з трирівневою колоною «арома»;783000.0000;999;1;2026-06-30 23:00:05;2026-07-01 10:43:46
226;226;226;Мініспирт-завод 100 л зі спрощеною конструкцією колони «арома»;570000.0000;999;1;2026-06-30 23:00:05;2026-07-01 10:43:46
445;22600-01;22600-01;Гідравлічний прес із нержавіючої сталі 40 л;51114.0000;999;1;2026-06-30 23:00:10;2026-07-01 10:43:46
448;22618;22618;Гідравлічний прес 180 л;143600.0000;999;1;2026-06-30 23:00:10;2026-07-01 10:43:46
444;22620-01;22620-01;Гідравлічний прес з нержавіючої сталі 20 л;42970.0000;999;1;2026-06-30 23:00:10;2026-07-01 10:43:46
447;22690;22690;Прес для соку гідравлічний 90 л;60500.0000;0;1;2026-06-30 23:00:10;2026-07-01 10:43:46
869;22690-01;22690-01;Гідравлічний прес із нержавіючої сталі 90 л;96380.0000;999;1;2026-06-30 23:00:18;2026-07-01 10:43:46
899;22691;22691;Мішок для гідропресу 90л підвищеної щільності;2870.0000;999;1;2026-06-30 23:00:19;2026-07-01 10:43:46
227;227;227;Мініспиртзавод 150 л з трирівневою колоною «арома»;844000.0000;999;1;2026-06-30 23:00:05;2026-07-01 10:43:46
228;228;228;Мініспирт-завод 150 л зі спрощеною конструкцією колони «арома»;610500.0000;999;1;2026-06-30 23:00:05;2026-07-01 10:43:46
229;229;229;Мініспирт-завод 250 л;1275000.0000;999;1;2026-06-30 23:00:05;2026-07-01 10:43:46
1510;23175927-1-1;23175927-1-1;Неопреновий утеплювач для царги;190.0000;0;1;2026-06-30 23:01:27;2026-07-01 10:43:46
1511;23175927-1-2;23175927-1-2;Неопреновий утеплювач для царги 3 дюйма;290.0000;0;1;2026-06-30 23:01:27;2026-07-01 10:43:46
1512;23175927-1-3;23175927-1-3;Неопреновий утеплювач для царги Для рукави 4''50 см ?102 мм;390.0000;0;1;2026-06-30 23:01:28;2026-07-01 10:43:46
1465746018;23175927/32306748;23175927/32306748;Царга 4 дюйма/50см  нержавійка (з ніпелем);2145.0000;999;1;2026-06-30 23:06:12;2026-07-01 10:43:46
1465746020;23175927/59876557;23175927/59876557;Царга 4 дюйма/50см  нержавійка;1870.0000;999;1;2026-06-30 23:06:13;2026-07-01 10:43:46
1465745952;23500052;23500052;Царга 4 дюйма Багатотрубна мультиплівкова ;3950.0000;5;1;2026-06-30 23:01:38;2026-07-01 10:43:46
1802;25001;25001;Інфрачервоний обігрівач електричний, 2,7 кВт Ferrara Activa;10968.0000;999;0;2026-05-05 10:34:03;2026-07-01 10:43:46
1821;25011;25011;Інфрачервоний обігрівач електричний стельовий 2,0 кВт ACTIVA KATALANA;6360.0000;999;0;2026-05-05 10:34:03;2026-07-01 10:43:46
251;2516;2516;Солод пшеничний BEST Wheat Malt;76.8000;99;1;2026-06-30 23:01:51;2026-07-01 10:43:46
1465746531;252elect;252elect;Електропакет для самогонного апарата 2,5 кВт з регулятором потужності та врізкою клампа 2″;3300.0000;10;1;2026-06-30 23:01:06;2026-07-01 10:43:46
1465746550;25л;25л;"Кришка нержавіюча 25 л під кламп 2&quot; для перегінного куба";1705.0000;999;1;2026-06-30 23:06:50;2026-07-01 10:43:46
1465746335;2600614;2600614;Трубний з’єднувач GOK 12х1,5х120 ML + DL Тип 0200000;445.0000;999;0;2026-05-05 10:30:54;2026-07-01 10:43:46
267;267;267;Сусловарковий котел 36 л;3181.0000;0;0;2026-06-30 23:00:07;2026-07-01 10:43:46
922;27532446;27532446;ДУБОВА ТРІСКА АМЕРИКАНСЬКИЙ ДУБ ВЕЛИКА ФРАКЦІЯ СЕРЕДНІЙ ВИПАЛ (100 Г);100.0000;0;1;2026-06-30 23:01:22;2026-07-01 10:43:46
308;2767;2767;Дріжджі SafSpirit FD-3 25 g;185.0000;0;1;2026-06-30 23:01:12;2026-07-01 10:43:46
1465745964;28355651;28355651;Царга діоптр 2 дюйма/35см;1250.0000;5;1;2026-06-30 23:01:39;2026-07-01 10:43:46
283;2837;2837;Хміль Норзерн Бревер (Northern Brewer) 50g, α - 10%;60.0000;59;1;2026-06-30 23:01:12;2026-07-01 10:43:46
285;285;285;Хміль ХАЛЕРТАУ ТРАДІШИН (TRADITION) - 25 гр. α-6,5%;35.0000;0;1;2026-06-30 23:01:12;2026-07-01 10:43:46
1465745966;28761528;28761528;Царга діоптр 2 дюйма/25см ;1150.0000;5;1;2026-06-30 23:01:39;2026-07-01 10:43:46
1363;2894614;2894614;Самогонний апарат з ректифікаційною колоною 2″ та кубом 25 л;13950.0000;999;1;2026-06-30 23:00:25;2026-07-01 10:43:46
1365;2894614-1;2894614-1;Самогонний апарат з ректифікаційною колоною 2″ та кубом 25 л (мідь);16000.0000;998;1;2026-06-30 23:00:25;2026-07-01 10:43:46
1014;29079170;29079170;ОЧИЩУВАЧ МІДІ HOT ROD COPPER SHINER (50 Г);40.0000;0;1;2026-06-30 23:01:23;2026-07-01 10:43:46
1250;300463;300463;Спиртометр (ареометр) побутовий Склоприлад 0-96%;58.0000;2;1;2026-06-30 23:01:25;2026-07-01 10:43:46
918;300505;300505;Пивомір-виномір побутовий (ТО 14307481.01-2018);58.0000;12;1;2026-06-30 23:01:22;2026-07-01 10:43:46
496;300634;300634;"Ареометр &quot;Брікс&quot; побутовий 0-35%";125.0000;0;1;2026-06-30 23:01:14;2026-07-01 10:43:46
306;306;306;Швидкознімні з'єднання (латунь);250.0000;0;1;2026-06-30 23:01:12;2026-07-01 10:43:46
1465746010;30616789-1;30616789-1;Перегінний куб 60л Фірмовий  з мідною кришкою;13450.0000;0;1;2026-06-30 23:00:52;2026-07-01 10:43:46
1465746008;30616789-2;30616789-2;Перегінний куб 60л/3 дюйма Фірмовий  з мідною кришкою;13850.0000;0;1;2026-06-30 23:00:52;2026-07-01 10:43:46
1465746007;30616789-3;30616789-3;Перегінний куб 60л/4 дюйма Фірмовий  з мідною кришкою;13950.0000;0;1;2026-06-30 23:00:52;2026-07-01 10:43:46
1465746009;30616789-4;30616789-4;Перегінний куб 60л/2 дюйма Фірмовий  з мідною кришкою (з клампом під тен);15345.0000;999;1;2026-06-30 23:06:05;2026-07-01 10:43:46
1465746013;30616789-5;30616789-5;Перегінний куб 60л/3 дюйма Фірмовий  з мідною кришкою (з клампом під тен);15785.0000;999;1;2026-06-30 23:06:07;2026-07-01 10:43:46
1465746014;30616789-6;30616789-6;Перегінний куб 60л/4 дюйма Фірмовий  з мідною кришкою (з клампом під тен);15895.0000;999;1;2026-06-30 23:06:08;2026-07-01 10:43:46
1465746370;30657753;30657753;Домашня пивоварня MagnumStill 40л ;19890.0000;999;1;2026-06-30 23:01:02;2026-07-01 10:43:46
1465745620;306940245;306940245;Терморегулятор HEAT PLUS TOP FLOOR M6.716 (програмований);1239.0000;999;0;2026-05-05 10:29:42;2026-07-01 10:43:46
1465745916;3101-0001;3101-0001;Дистиллятор для ефірної олії 200 л.;126000.0000;999;1;2025-09-17 23:05:37;2026-07-01 10:43:46
1465745917;3101-0003;3101-0003;Мідний таз для варення (соусниця) 4,5 л , 26 см;5869.0000;5;1;2026-04-13 14:40:32;2026-07-01 10:43:46
312;312;312;Пластиковий баранець з гравіюванням;115.0000;0;1;2026-06-30 23:01:12;2026-07-01 10:43:46
313;313;313;Прокладка 95х75х3мм;65.0000;0;1;2026-06-30 23:01:12;2026-07-01 10:43:46
315;315;315;Прокладка фланця колони 2016;350.0000;0;1;2026-06-30 23:01:12;2026-07-01 10:43:46
316;316;316;Сито для шишкового хмелю;3375.0000;1;1;2026-06-30 23:01:12;2026-07-01 10:43:46
317;317;317;Скляний діоптр 3'';1900.0000;0;1;2026-06-30 23:01:12;2026-07-01 10:43:46
322;3223;3223;Солод BEST Melanoidin;86.2000;99;1;2026-06-30 23:01:52;2026-07-01 10:43:46
324;324;324;Помол солоду;5.0000;504;1;2026-06-30 23:00:08;2026-07-01 10:43:46
326;3261;3261;Солод BEST Smoked;130.5000;99;1;2026-06-30 23:01:52;2026-07-01 10:43:46
328;3285;3285;Випарний куб 2017 - 25 л;1.0000;0;0;2026-06-30 23:00:08;2026-07-01 10:43:46
1413;32894308;32894308;Перегінний куб на 200 літрів;21500.0000;0;1;2026-06-30 23:00:27;2026-07-01 10:43:46
1465745994;32894309;32894309;Перегінний куб 130л Фірмовий ;17500.0000;999;1;2026-06-30 23:00:51;2026-07-01 10:43:46
1399;32894608-1-1;32894608-1-1;Перегінний куб 125 літрів 2 дюйма;12595.0000;999;1;2026-06-30 23:03:07;2026-07-01 10:43:46
1439;32894608-1-2;32894608-1-2;Перегінний куб 125 літрів 3 дюйма;13035.0000;999;1;2026-06-30 23:03:32;2026-07-01 10:43:46
1440;32894608-1-3;32894608-1-3;Перегінний куб 125 літрів 4 дюйма;13145.0000;999;1;2026-06-30 23:03:33;2026-07-01 10:43:46
1465746003;32964225-1;32964225-1;Скляна флейта Вавілон Кристал 4 дюйма ;9570.0000;999;1;2026-06-30 23:06:04;2026-07-01 10:43:46
1465746004;32964225-2;32964225-2;Скляна флейта Вавілон Кристал 4 дюйма/4 рівні ;12155.0000;999;1;2026-06-30 23:06:05;2026-07-01 10:43:46
1465746002;32964225-3;32964225-3;Скляна флейта Вавілон Кристал 4 дюйма/5 рівнів;14740.0000;999;1;2026-06-30 23:06:03;2026-07-01 10:43:46
1366;33197568-1;33197568-1;Ковпачкова колона 2 дюйми з нержавіючої сталі 3 рівні;11990.0000;999;1;2026-06-30 23:03:03;2026-07-01 10:43:46
1461;33197568-2;33197568-2;Ковпачкова колона 2 дюйми з нержавіючої сталі 4 рівні;12980.0000;999;1;2026-06-30 23:03:45;2026-07-01 10:43:46
1462;33197568-3;33197568-3;Ковпачкова колона 2 дюйми з нержавіючої сталі 5 рівнів;13970.0000;999;1;2026-06-30 23:03:46;2026-07-01 10:43:46
1367;33197594-1;33197594-1;Самогонний апарат з ковпачковою колоною 2″ та кубом 25 л, нержавіюча сталь, 3 рівні;16350.0000;999;1;2026-06-30 23:00:26;2026-07-01 10:43:46
1460;33197594-13;33197594-13;Самогонний апарат з ковпачковою колоною 2″ та кубом 25 л, нержавіюча сталь, 5 рівнів;18150.0000;999;1;2026-06-30 23:00:28;2026-07-01 10:43:46
1459;33197594-7;33197594-7;Самогонний апарат з ковпачковою колоною 2″ та кубом 25 л, нержавіюча сталь, 4 рівні;17250.0000;999;1;2026-06-30 23:00:28;2026-07-01 10:43:46
335;335;335;Перегінний куб «Доктор Губер» 13 л без кришки;4500.0000;0;1;2026-06-30 23:00:08;2026-07-01 10:43:46
1465745951;33522111;33522111;"Багатотрубна мультиплівкова царга 3&quot; подовжена";4675.0000;999;1;2026-06-30 23:06:35;2026-07-01 10:43:46
1465745877;33540;33540;Ареометр загального призначення АЗП-1 940-1000;196.0000;0;1;2026-06-30 23:01:37;2026-07-01 10:43:46
1465745870;33557;33557;Ареометр загального призначення АОН-2 1080-1160;293.0000;1;1;2026-06-30 23:01:37;2026-07-01 10:43:46
1465745875;33564;33564;Стакан Н-1 низький ТС 1000;199.0000;1;1;2026-06-30 23:01:37;2026-07-01 10:43:46
1465745867;33595;33595;Спиртові Турбо Дріжджі Puriferm UK-48 на 25 л;115.0000;0;1;2026-06-30 23:01:37;2026-07-01 10:43:46
336;336;336;Термочохол для сусловаркового котла 36л;980.0000;0;1;2026-06-30 23:01:12;2026-07-01 10:43:46
1465745853;33625;33625;Кільце силіконове 10x5x2.5mm;10.0000;182;1;2026-06-30 23:01:37;2026-07-01 10:43:46
1465745913;33656;33656;Електрична машинка для видалення кісточок з вишні;126400.0000;9;1;2026-06-30 23:00:48;2026-07-01 10:43:46
337;337;337;Етикетка на пляшку;175.0000;0;1;2026-06-30 23:01:12;2026-07-01 10:43:46
1465745879;33748;33748;Солодовий екстракт кукурудзяний 1,3 кг;120.0000;0;1;2026-06-30 23:01:37;2026-07-01 10:43:46
1465745881;33755;33755;Солодовий екстракт пшеничний світлий 1,3 кг;100.0000;0;1;2026-06-30 23:01:37;2026-07-01 10:43:46
1465745878;33779;33779;Солодовий екстракт ячмінний світлий, 1,3 кг;100.0000;0;1;2026-06-30 23:01:37;2026-07-01 10:43:46
1465746498;33779-1;33779-1;Солодовий екстракт ячмінний світлий 1,4 кг;200.0000;0;0;2026-05-27 13:28:35;2026-07-01 10:43:46
1465745838;33960;33960;Різьбове з'єднання у зборі DIN AISI 304 DN 100 (104x2);1850.0000;5;1;2026-06-30 23:01:37;2026-07-01 10:43:46
395;33966888803;33966888803;Пробка з клапаном для міні КЕГ 5 л;20.0000;0;1;2026-06-30 23:00:09;2026-07-01 10:43:46
1382;33974080-1;33974080-1;Самогонний апарат з ковпачковою колоною Premium 2″ та кубом 25 л;20150.0000;999;1;2026-06-30 23:00:26;2026-07-01 10:43:46
340;340;340;Перегінний куб «Доктор Губер» 25 л без кришки;1.0000;0;0;2026-06-30 23:00:08;2026-07-01 10:43:46
341;341;341;Фланець з оглядовим склом КЛАМП 3'' (76мм);1900.0000;0;1;2026-06-30 23:01:12;2026-07-01 10:43:46
1465745914;34172;34172;Хміль Sladek, α-6,5%, 50гр;99.0000;3;1;2026-06-30 23:01:38;2026-07-01 10:43:46
342;342;342;Приймальний ковпак для КЛАМП 2-1/2” (53х12 мм);830.0000;0;1;2026-06-30 23:01:13;2026-07-01 10:43:46
343;343;343;Приймальний ковпак КЛАМП 1,5-1/2” (38х12 мм);750.0000;0;1;2026-06-30 23:01:13;2026-07-01 10:43:46
348;348;348;"Штуцер «ялинка» на КЛАМП 1/2&quot; (15мм)";260.0000;0;1;2026-06-30 23:01:13;2026-07-01 10:43:46
1465746538;35023609;35023609;"&quot;Папуга&quot; підвісний під термометр для контролю міцності";1254.0000;999;1;2026-06-30 23:06:33;2026-07-01 10:43:46
352;3520;3520;Солод BEST Munich;79.5000;99;1;2026-06-30 23:01:52;2026-07-01 10:43:46
1465746532;352elect;352elect;Електропакет для самогонного апарата 3,5 кВт із регулятором потужності та врізкою під ТЕН;3450.0000;10;1;2026-06-30 23:01:06;2026-07-01 10:43:46
353;3537;3537;Солод пшеничний BEST Heidelberg Wheat Malt;97.0000;993;1;2026-06-30 23:00:09;2026-07-01 10:43:46
1465746537;35547492;35547492;"&quot;Папуга&quot; підвісний для безперервного контролю міцності";979.0000;999;1;2026-06-30 23:06:32;2026-07-01 10:43:46
1465745972;35566903;35566903;Мідна тарілка діаметром 60мм;120.0000;5;1;2026-06-30 23:01:39;2026-07-01 10:43:46
1465745970;35566903-1;35566903-1;Мідна тарілка діаметром 80мм;242.0000;999;1;2026-06-30 23:05:49;2026-07-01 10:43:46
357;3575;3575;Кислота лимонна;192.0000;4;1;2026-06-30 23:01:13;2026-07-01 10:43:46
1465745954;35800370;35800370;4 дюйма Відвід 90 градусів;990.0000;5;1;2026-06-30 23:01:38;2026-07-01 10:43:46
358;3582;3582;Солод BEST Acidulated 0.25кг;38.9000;99;1;2026-06-30 23:01:52;2026-07-01 10:43:46
359;359;359;Солод BEST Wheat Malt Dark;85.8000;99;1;2026-06-30 23:01:52;2026-07-01 10:43:46
362;362;362;Пивна пляшка 500 мл під крону кришку;27.5000;991;1;2026-06-30 23:00:09;2026-07-01 10:43:46
363;3636;3636;Хміль Yellow Sub - 50g,α-6,0%;180.0000;0;1;2026-06-30 23:01:13;2026-07-01 10:43:46
1465745848;3650;3650;Відвід 90 н/ж 52х1.5 1.4301 S-S DIN11852;130.0000;0;1;2026-06-30 23:01:13;2026-07-01 10:43:46
1465745610;367294448;367294448;"Ніжка-підставка для обігрівача UDEN-500 &quot;універсал&quot;";250.0000;999;0;2026-05-05 10:29:42;2026-07-01 10:43:46
1465745551;37907853;37907853;Металокерамічний обігрівач UDEN-700;4148.0000;999;0;2026-05-05 10:34:03;2026-07-01 10:43:46
1465745855;37928030;37928030;"Кульовий кран кламповий 1,5&quot; DN38 з нержавіючої сталі AISI 304";715.0000;999;1;2026-06-30 23:06:56;2026-07-01 10:43:46
1513;38092778;38092778;Перехідник на кламп внутрішнє різьблення 1/2 - 1,5  дюйма;150.0000;5;1;2026-06-30 23:01:28;2026-07-01 10:43:46
381;3819;3819;Солод житній BEST Rye Malt;1.0000;0;0;2026-06-30 23:00:09;2026-07-01 10:43:46
500;38203;38203;Пивні дріжджі SafAle BE-256 (Abbaye) 11.5 гр;120.0000;0;1;2026-06-30 23:01:14;2026-07-01 10:43:46
1514;38708190;38708190;Багатотрубна мультиплівкова царга 2 дюйма;1750.0000;6;1;2026-06-30 23:01:28;2026-07-01 10:43:46
1465745373;38757664;38757664;Металокерамічний дизайн-обігрівач UDEN-700 С-6018;4148.0000;0;0;2026-05-05 10:34:03;2026-07-01 10:43:46
1465745305;38806173;38806173;"Металокерамічний дизайн-обігрівач UDEN-700 &quot;Захід сонця&quot;";4770.0000;999;0;2026-05-05 10:34:03;2026-07-01 10:43:46
391;3918;3918;Термометр самоклеючий 18-34 С;50.0000;4;1;2026-06-30 23:01:13;2026-07-01 10:43:46
392;3925;3925;Солод BEST Munich Dark;79.5000;99;1;2026-06-30 23:01:52;2026-07-01 10:43:46
1465745622;39264522;39264522;Терморегулятор Seitron TM 001M;625.0000;0;0;2026-05-05 10:29:42;2026-07-01 10:43:46
1465745625;39265002;39265002;Терморегулятор terneo rz (розетковий);1061.0000;999;0;2026-05-05 10:29:42;2026-07-01 10:43:46
1465745623;39265398;39265398;Терморегулятор terneo pro (програмований);1596.0000;999;0;2026-05-05 10:29:42;2026-07-01 10:43:46
394;3949;3949;Міні КЕГ 5л з краном;590.0000;0;1;2026-06-30 23:00:09;2026-07-01 10:43:46
1465745942;39497313;39497313;2 дюйма Magnum Profi;11900.0000;999;1;2026-06-30 23:00:50;2026-07-01 10:43:46
1465745943;39497313-1;39497313-1;Бражна колона 2 дюйма Magnum Profi Plus (Aroma);15675.0000;999;1;2026-06-30 23:05:39;2026-07-01 10:43:46
1465745936;39497314-1;39497314-1;Ковпачкова колона 2 дюйма Cristal Profi Plus (Aroma);18315.0000;999;1;2026-06-30 23:05:34;2026-07-01 10:43:46
1465745938;39497314-2;39497314-2;Ковпачкова колона 2 дюйма/4рів. Cristal Profi Plus (Aroma);19305.0000;999;1;2026-06-30 23:05:36;2026-07-01 10:43:46
1465745937;39497314-3;39497314-3;Ковпачкова колона 2 дюйма/5рів. Cristal Profi Plus (Aroma);20295.0000;999;1;2026-06-30 23:05:35;2026-07-01 10:43:46
1465745939;39497315-1;39497315-1;Ковпачкова колона 2 дюйма Cristal Profi;15730.0000;999;1;2026-06-30 23:05:37;2026-07-01 10:43:46
1465745940;39497315-2;39497315-2;Ковпачкова колона 2 дюйма/4 рів. Cristal Profi;16720.0000;999;1;2026-06-30 23:05:37;2026-07-01 10:43:46
1465745941;39497315-3;39497315-3;Ковпачкова колона 2 дюйма/5 рів. Cristal Profi;17710.0000;999;1;2026-06-30 23:05:38;2026-07-01 10:43:46
1465746431;39504;39504;Солодовий екстракт ячмінний карамельний, 5кг;665.0000;1;1;2026-06-30 23:01:49;2026-07-01 10:43:46
1515;3ММЦ;3ММЦ;Багатортубна мультиплівкова царга 3 дюйма;3025.0000;999;1;2026-06-30 23:04:15;2026-07-01 10:43:46
1465745959;4-90-1;4-90-1;Відвід 90 градусів 3 дюйма ;649.0000;999;1;2026-06-30 23:05:44;2026-07-01 10:43:46
1465745956;4-90-2;4-90-2;3 дюйма відвід 90 градусів (з ніпелем);924.0000;999;1;2026-06-30 23:05:42;2026-07-01 10:43:46
400;4007;4007;Солод BEST Black Malt eXtra 0.25 кг;33.0000;989;1;2026-06-30 23:00:09;2026-07-01 10:43:46
407;407;407;Хміль Стіріан Голдінг (Styrian Golding) α-3,8% 50г;70.0000;0;1;2026-06-30 23:01:13;2026-07-01 10:43:46
409;4090;4090;Ароматний хміль Strisselspalt , гранули α-2,0%, 50g;70.0000;0;1;2026-06-30 23:01:13;2026-07-01 10:43:46
1516;40904056;40904056;Турбо дефлегматор 3 дюйма;3950.0000;5;1;2026-06-30 23:01:28;2026-07-01 10:43:46
1465745975;40956803;40956803;"Миюча головка стаціонарна 1/2&quot; з нержавіючої сталі AISI 304";495.0000;999;1;2026-06-30 23:06:41;2026-07-01 10:43:46
1465746549;40л-1;40л-1;Кришка нержавіюча 40 л без термометра для перегінного куба;1870.0000;999;1;2026-06-30 23:06:50;2026-07-01 10:43:46
1465746551;40л-3;40л-3;"Кришка нержавіюча 40 л під кламп 3&quot; для перегінного куба";2310.0000;999;1;2026-06-30 23:06:51;2026-07-01 10:43:46
1465746552;40л-4;40л-4;"Кришка нержавіюча 40 л під кламп 4&quot; для перегінного куба";2420.0000;999;1;2026-06-30 23:06:52;2026-07-01 10:43:46
1465746487;41000-20;41000-20;Автоматична пивоварня Speidel Braumeister 1000 л;2310000.0000;999;1;2026-06-30 23:01:06;2026-07-01 10:43:46
1465746488;41000-30;41000-30;Автоматична пивоварня Speidel Braumeister 1000 л Light;1865325.0000;999;1;2026-06-30 23:01:06;2026-07-01 10:43:46
165;41010-30;41010-30;Домашня пивоварня Braumeister 10 L;99000.0000;999;0;2026-06-30 23:00:03;2026-07-01 10:43:46
1465745922;41010-30;41010-30;Домашня пивоварня 10л Braumeister PLUS;99000.0000;999;1;2026-05-08 14:28:25;2026-07-01 10:43:46
231;41011;41011;Домашня пивоварня Braumeister 10 L ECO Комплект;70755.0000;0;0;2026-06-30 23:00:05;2026-07-01 10:43:46
417;4175;4175;Солод BEST Chit Malt;83.5000;99;1;2026-06-30 23:01:52;2026-07-01 10:43:46
418;418;418;Пивні дріжджі SafAle BE-256 (Abbaye) 500 g;1.0000;0;0;2026-06-30 23:01:13;2026-07-01 10:43:46
419;4199;4199;Солод BEST Vienna (Віденський);79.5000;99;1;2026-06-30 23:01:52;2026-07-01 10:43:46
420;420;420;Підставка під Braumeister 20 / 50 L;6750.0000;0;1;2026-06-30 23:01:13;2026-07-01 10:43:46
423;423;423;Професійний подрібнювач для фруктів до 5000 кг/год;157500.0000;999;1;2026-06-30 23:00:10;2026-07-01 10:43:46
1465746540;42438332;42438332;"Дистиляційний комплекс 130 л 4&quot; мікровинокурня";202950.0000;999;1;2026-06-30 23:06:39;2026-07-01 10:43:46
425;4250;4250;Солод BEST Caramel Hell;87.6000;99;1;2026-06-30 23:01:52;2026-07-01 10:43:46
1497;42523044-1;42523044-1;Відвід мідний 90° 2 дюйми;1045.0000;0;1;2026-06-30 23:04:08;2026-07-01 10:43:46
1465745958;42523044-2;42523044-2;Відвід 90° мідь (з ніпелем) 2 дюйма ;1320.0000;0;1;2026-06-30 23:05:43;2026-07-01 10:43:46
1465745967;42530230;42530230;Люк зі склом DN250;9900.0000;5;1;2026-06-30 23:01:39;2026-07-01 10:43:46
426;4267;4267;Солод BEST Roasted Barley 0.25кг;38.5000;99;1;2026-06-30 23:01:52;2026-07-01 10:43:46
1465746557;43186746;43186746;"Кран триходовий 2&quot; Т-тип для клампового з’єднання";2585.0000;999;1;2026-06-30 23:06:57;2026-07-01 10:43:46
1465745955;43284622;43284622;Трійник нержавіючий під кламп 3 дюйма;850.0000;5;1;2026-06-30 23:01:38;2026-07-01 10:43:46
1465745957;43305513;43305513;Трійник нержавіючий під кламп 2 дюйма;450.0000;5;1;2026-06-30 23:01:38;2026-07-01 10:43:46
169;45050-10;45050-10;Домашня пивоварня Braumeister 50 L Plus 45050-10;130500.0000;999;1;2026-06-30 23:00:03;2026-07-01 10:43:46
170;45050-30;45050-30;Speidel Braumeister PLUS 50 л — автоматична пивоварня з охолодженням;114550.0000;999;1;2026-06-30 23:00:03;2026-07-01 10:43:46
233;45051;45051;Домашня пивоварня Braumeister 50 L ECO Комплект;127715.0000;0;0;2026-06-30 23:00:05;2026-07-01 10:43:46
532;45051-10;45051-10;Домашня пивоварня Braumeister 50L PLUS ECO Комплект;120000.0000;0;0;2026-06-30 23:00:12;2026-07-01 10:43:46
403;45052-10;45052-10;Домашня пивоварня Braumeister 50L PLUS PRO Комплект;209150.0000;999;0;2026-06-30 23:00:09;2026-07-01 10:43:46
534;45053;45053;Домашня пивоварня Braumeister 50 L BASIC Комплект;122000.0000;0;0;2026-06-30 23:00:12;2026-07-01 10:43:46
533;45053-10;45053-10;Домашня пивоварня Braumeister 50L PLUS BASIC Комплект;120000.0000;0;0;2026-06-30 23:00:12;2026-07-01 10:43:46
1465746482;45100;45100;Автоматична пивоварня Speidel Braumeister 100 л;302500.0000;999;1;2026-06-30 23:01:06;2026-07-01 10:43:46
221;45200;45200;Міні пивоварня Braumeister 200 L;729000.0000;999;0;2026-06-30 23:00:05;2026-07-01 10:43:46
1465746483;45200-20;45200-20;Автоматична пивоварня Speidel Braumeister 200 л;764500.0000;999;1;2026-06-30 23:01:06;2026-07-01 10:43:46
222;45201;45201;Міні пивоварня Braumeister 200 Л Комплект (Start set);760000.0000;0;0;2026-06-30 23:00:05;2026-07-01 10:43:46
454;4540;4540;Дріжджі  SafSpirit USW-6, 500g (American Whiskey);2956.0000;5;1;2026-06-30 23:01:13;2026-07-01 10:43:46
455;455;455;Пивні дріжджі SAFALE WB-06, 500g;3500.0000;0;1;2026-06-30 23:01:13;2026-07-01 10:43:46
499;45506;45506;Набір ущільнень до крана NW 10;67.5000;0;1;2026-06-30 23:01:14;2026-07-01 10:43:46
1465745628;45516015;45516015;Терморегулятор terneo vt;973.0000;0;0;2026-05-05 10:29:42;2026-07-01 10:43:46
1465746363;46188124;46188124;Кламп-швидкоз’єм для доохолоджувача-холодильника;490.0000;999;1;2026-06-30 23:01:02;2026-07-01 10:43:46
1493;46379565;46379565;Мідний ковпачок 3 дюйми без тарілки;830.0000;5;1;2026-06-30 23:01:27;2026-07-01 10:43:46
224;46500;46500;Міні пивоварня Braumeister 500 L;1539000.0000;999;0;2026-06-30 23:00:05;2026-07-01 10:43:46
1465746485;46500-20;46500-20;Автоматична пивоварня Speidel Braumeister 500 л;1512500.0000;999;1;2026-06-30 23:01:06;2026-07-01 10:43:46
1465746486;46500-30;46500-30;Автоматична пивоварня Speidel Braumeister 500 л Light;1302400.0000;999;1;2026-06-30 23:01:06;2026-07-01 10:43:46
223;46501;46501;Міні пивоварня Braumeister 500 L Комплект (Start set);1200000.0000;0;0;2026-06-30 23:00:05;2026-07-01 10:43:46
432;47009;47009;Щітка для КЕГ;1440.0000;998;1;2026-06-30 23:00:10;2026-07-01 10:43:46
431;47014;47014;КЕГ для сидру, 50 л;16400.0000;998;1;2026-06-30 23:00:10;2026-07-01 10:43:46
1896;47015;47015;"Шланг CO? зі зворотним клапаном 1/4&quot;";2375.0000;999;1;2026-06-30 23:00:43;2026-07-01 10:43:46
671;47050;47050;Контейнер для соку об'ємом 65 літрів;11700.0000;999;1;2026-06-30 23:00:14;2026-07-01 10:43:46
672;47051;47051;Контейнер для соку об'ємом 110 літрів;13500.0000;999;1;2026-06-30 23:00:14;2026-07-01 10:43:46
673;47052;47052;Контейнер для соку об'ємом 170 літрів;16200.0000;999;1;2026-06-30 23:00:14;2026-07-01 10:43:46
1391;47057;47057;Регулятор тиску CO2;5590.0000;999;1;2026-06-30 23:00:26;2026-07-01 10:43:46
434;47057-0;47057-0;Редуктор СО2 регульований, Німеччина;4140.0000;99;1;2026-06-30 23:00:10;2026-07-01 10:43:46
1392;47058;47058;Газовий балон CO2;5590.0000;999;1;2026-06-30 23:00:26;2026-07-01 10:43:46
168;47070;47070;Домашня пивоварня Braumeister 10 L PLUS;99000.0000;0;0;2026-06-30 23:00:03;2026-07-01 10:43:46
166;47070-10;47070-10;Домашня пивоварня Braumeister 20 L Plus;112500.0000;998;0;2026-06-30 23:00:03;2026-07-01 10:43:46
1465746479;47070-30;47070-30;Braumeister PLUS 20 л — автоматична пивоварня нового покоління;109450.0000;999;1;2026-06-30 23:01:06;2026-07-01 10:43:46
232;47071;47071;Домашня пивоварня Braumeister 20 L ECO Комплект;87665.0000;0;0;2026-06-30 23:00:05;2026-07-01 10:43:46
528;47071-10;47071-10;Домашня пивоварня Braumeister 20 L PLUS ECO Комплект;87000.0000;0;0;2026-06-30 23:00:12;2026-07-01 10:43:46
531;47072-10;47072-10;Домашня пивоварня Braumeister 20 L PLUS PRO Комплект;110000.0000;0;0;2026-06-30 23:00:12;2026-07-01 10:43:46
526;47073;47073;Домашня пивоварня Braumeister 20 L BASIC Комплект;95000.0000;0;0;2026-06-30 23:00:12;2026-07-01 10:43:46
527;47073-10;47073-10;Домашня пивоварня Braumeister 20 L PLUS BASIC Комплект;95000.0000;0;0;2026-06-30 23:00:12;2026-07-01 10:43:46
333;47100;47100;Система розливу для КЕГ CORNELIUS (КОРНЕЛІУС);16274.0000;999;1;2026-06-30 23:00:08;2026-07-01 10:43:46
674;47150;47150;Контейнер для соку повний комплект 65 літрів;13455.0000;999;1;2026-06-30 23:00:14;2026-07-01 10:43:46
675;47151;47151;Контейнер для соку повний комплект 110 літрів;15300.0000;999;1;2026-06-30 23:00:14;2026-07-01 10:43:46
677;47152;47152;Контейнер для соку повний комплект 170 літрів;17550.0000;999;1;2026-06-30 23:00:14;2026-07-01 10:43:46
474;474;474;Кільце силіконове 9x4x2.5mm;8.0000;307;1;2026-06-30 23:01:14;2026-07-01 10:43:46
476;476;476;Кільце ущільнювальне 20мм;20.0000;0;1;2026-06-30 23:01:14;2026-07-01 10:43:46
1465746303;48077467;48077467;Неопреновий утеплювач для ЦКТ 50 літрів;2430.0000;999;1;2025-04-17 11:51:16;2026-07-01 10:43:46
481;481;481;Пивні дріжджі DIamond Lager, 500g;1.0000;0;0;2026-06-30 23:01:14;2026-07-01 10:43:46
489;4892;4892;Солод BEST Biscuit (Бісквіт);104.7000;99;1;2026-06-30 23:01:52;2026-07-01 10:43:46
1465745963;49059243;49059243;"Діоптр гайковий 4&quot; з підсвіткою, AISI 304";2475.0000;999;1;2026-06-30 23:06:40;2026-07-01 10:43:46
1178;4906;4906;Інфрачервоний обігрівач електричний Enders BARCELONA, 2,1 кВт;12465.0000;999;0;2026-05-05 10:34:03;2026-07-01 10:43:46
1118;4922;4922;Інфрачервоний електричний обігрівач - Enders Madeira, 2,0 кВт;5355.0000;999;0;2026-05-05 10:34:03;2026-07-01 10:43:46
1175;4924;4924;Інфрачервоний обігрівач електричний Enders BARCELONA BLACK, 2 кВт;6870.0000;0;0;2026-05-05 10:34:03;2026-07-01 10:43:46
1847;4925;4925;Інфрачервоний обігрівач електричний стельовий 2 кВт Enders Marbella;7628.0000;999;0;2026-05-05 10:34:03;2026-07-01 10:43:46
1465746539;49492255;49492255;"&quot;Папуга&quot; настільний під термометр для контролю міцності";1034.0000;999;1;2026-06-30 23:06:34;2026-07-01 10:43:46
1125;4950;4950;Біотуалет для дачі універсальний Enders Deluxe;6200.0000;999;0;2026-05-05 10:31:58;2026-07-01 10:43:46
1465746001;49755149-1;49755149-1;Кран кульовий 3/4 дюйма;275.0000;999;1;2026-06-30 23:06:03;2026-07-01 10:43:46
1127;498498;498498;Санітарна рідина для верхнього резервуару, 1л ENSAN RINSE;685.0000;999;0;2026-05-05 10:31:58;2026-07-01 10:43:46
1208;4999;4999;Біотуалет для дачі універсальний Enders Supreme;7150.0000;999;0;2026-05-05 10:31:58;2026-07-01 10:43:46
1128;501798;501798;Рідина для біотуалету для нижнього резервуару 2,5л ENSAN BLUE;695.0000;999;0;2026-05-05 10:31:58;2026-07-01 10:43:46
1465746497;5032DB04;5032DB04;Пляшка з корком MIGUELETE, кориця, 500 мл;339.0000;1;1;2026-06-30 23:01:06;2026-07-01 10:43:46
1465746286;5032DB622;5032DB622;Пляшка з корком MIGUELETE, зелений, 500 мл;339.0000;10;1;2026-06-30 23:01:01;2026-07-01 10:43:46
1465746287;5033DB411;5033DB411;Пляшка з корком MIGUELETE, жовте золото, 700 мл;374.0000;0;1;2026-06-30 23:01:01;2026-07-01 10:43:46
1465746436;5033DB484;5033DB484;Пляшка з корком MIGUELETE, 700 мл, гранат;447.0000;9;1;2026-06-30 23:01:04;2026-07-01 10:43:46
1465746285;5033DB615;5033DB615;Пляшка з корком MIGUELETE, хакі, 700 мл;374.0000;0;1;2026-06-30 23:01:01;2026-07-01 10:43:46
1465746284;5043DB400;5043DB400;Пляшка з корком LAZOS, кунжут, 700 мл;447.0000;10;1;2026-06-30 23:01:01;2026-07-01 10:43:46
1465746437;5043DB408;5043DB408;Пляшка з корком LAZOS, 700 мл, зелена хвиля;447.0000;10;1;2026-06-30 23:01:04;2026-07-01 10:43:46
1465746283;5047DB411;5047DB411;Пляшка з корком ANIS EL MONO, жовте золото, 500 мл;299.0000;10;1;2026-06-30 23:01:01;2026-07-01 10:43:46
1144;5056;5056;Захисний чохол для Polo;1970.0000;999;0;2026-05-05 10:29:42;2026-07-01 10:43:46
1835;5058;5058;Захисний чохол для газового грилю MONROE 5 KP;2715.0000;999;0;2026-05-05 10:27:59;2026-07-01 10:43:46
325;505978;505978;Солод Шато Віскі Лайт (Whisky Light);199.0000;99;1;2026-06-30 23:01:53;2026-07-01 10:43:46
1143;5062;5062;Столик для Elegance, Rattan, Barcelona;2845.0000;999;0;2026-05-05 10:29:42;2026-07-01 10:43:46
507;507;507;Солод VIKING PILSNER MALT;78.1000;99;1;2026-06-30 23:01:52;2026-07-01 10:43:46
1145;5071;5071;Сумка-чохол для газового грилю Urban / Urban Pro;1075.0000;0;0;2026-05-05 10:27:59;2026-07-01 10:43:46
509;5097;5097;Пивні дріжджі Safale BE-134 (11 гр);80.0000;0;1;2026-06-30 23:01:14;2026-07-01 10:43:46
510;510;510;Пивні дріжджі SafLager S-189 (11.5 гр);180.0000;0;1;2026-06-30 23:01:14;2026-07-01 10:43:46
1465746280;5103;5103;Диспенсер для напоїв з корком та краном RACIMOS, 2 л;760.0000;991;1;2026-06-30 23:01:01;2026-07-01 10:43:46
511;511;511;Пивні дріжджі Danstar Munich (Мюнхен), 0.5 кг;1.0000;0;0;2026-06-30 23:01:14;2026-07-01 10:43:46
512;512;512;Пивні дріжджі Danstar BRY-97, 500гр.;1.0000;0;0;2026-06-30 23:01:14;2026-07-01 10:43:46
513;513;513;Пивні дріжджі Danstar Belle Saison, 11 гр.;1.0000;0;0;2026-06-30 23:01:14;2026-07-01 10:43:46
515;515;515;Солод Pale Ale (Пейл Ель) Viking Malt;78.1000;99;1;2026-06-30 23:01:52;2026-07-01 10:43:46
1465745976;51535995;51535995;"Миюча головка ротаційна 1/2&quot; з нержавіючої сталі AISI 304";737.0000;999;1;2026-06-30 23:06:41;2026-07-01 10:43:46
1465746282;5157G20;5157G20;Лимонадник для напоїв з кришкою та краном CILINDRO, 6 л;1160.0000;997;1;2026-06-30 23:01:01;2026-07-01 10:43:46
516;516;516;Солод Vienna (Віденський) Viking Malt;78.8000;99;1;2026-06-30 23:01:52;2026-07-01 10:43:46
517;5172;5172;Солод Munich (Мюнхенський) Viking Malt;78.8000;99;1;2026-06-30 23:01:52;2026-07-01 10:43:46
518;5189;5189;Солод карамельний BEST Caramel® Pils;91.6000;99;1;2026-06-30 23:01:52;2026-07-01 10:43:46
519;519;519;Солод пшеничний Viking Wheat Malt;78.1000;99;1;2026-06-30 23:01:52;2026-07-01 10:43:46
523;5233;5233;Хміль Spalter Select (Селект) α-3.0..6.5 %, кг;700.0000;0;1;2026-06-30 23:01:14;2026-07-01 10:43:46
524;5240;5240;Хміль CASCADE (КАСКАД) α-5,6%, кг;970.0000;0;1;2026-06-30 23:01:14;2026-07-01 10:43:46
1465745288;527081550;527081550;"Металокерамічний дизайн-обігрівач UDEN-700 &quot;Виноградна долина&quot;";5600.0000;999;0;2026-05-05 10:34:03;2026-07-01 10:43:46
1465746275;5294G20;5294G20;Диспенсер для напоїв з кришкою та краном EST. 1896, 12,5 л;1880.0000;999;1;2026-06-30 23:01:01;2026-07-01 10:43:46
1465746276;5296G20;5296G20;Диспенсер для напоїв з кришкою та краном EST. 1896, 6 л.;1020.0000;999;1;2026-06-30 23:00:49;2026-07-01 10:43:46
1465746273;5297G20;5297G20;Диспенсер для напоїв з кришкою та краном ABEJA, 8 л;1369.0000;990;1;2026-06-30 23:01:01;2026-07-01 10:43:46
1465746277;5298G20;5298G20;Диспенсер для напоїв з кришкою та краном TIKI, 6 л;1080.0000;998;1;2026-06-30 23:01:01;2026-07-01 10:43:46
1465746279;5298G20DB08;5298G20DB08;Диспенсер для напоїв з кришкою та краном TIKI, 6л, оранж;1350.0000;999;1;2026-06-30 23:01:01;2026-07-01 10:43:46
1465746278;5298G20DB22;5298G20DB22;Диспенсер для напоїв з кришкою та краном TIKI, 6л, ківі;1350.0000;999;1;2026-06-30 23:01:01;2026-07-01 10:43:46
1787;5327;5327;Ізорефлектор для обігрівачів Enders Elegance, Trendstyle, Fancy ?76 см;4520.0000;0;0;2026-05-05 10:29:42;2026-07-01 10:43:46
535;535;535;Міні пивоварня Braumeister 1000L;2355750.0000;0;0;2026-06-30 23:00:12;2026-07-01 10:43:46
1781;5364;5364;Ізорифлектор для обігрівачів Enders Commercial ?88 см;4520.0000;0;0;2026-05-05 10:29:42;2026-07-01 10:43:46
1176;544123K;544123K;Вуличний газовий обігрівач 8 кВт FANCY;12200.0000;0;0;2026-05-05 10:34:03;2026-07-01 10:43:46
1115;546033K;546033K;Газовий інфрачервоний обігрівач вуличний;11898.0000;999;0;2026-05-05 10:34:03;2026-07-01 10:43:46
1465746310;546233K;546233K;Вуличний газовий обігрівач Enders POLO BLACK 2.0, 6 кВт;13220.0000;999;0;2026-05-05 10:34:03;2026-07-01 10:43:46
1111;55006;55006;Вуличний газовий обігрівач 14,0 кВт COMMERCIAL;22950.0000;0;0;2026-05-05 10:34:03;2026-07-01 10:43:46
1465745488;552093054;552093054;Металокерамічний обігрівач UDEN-500;3938.0000;999;0;2026-05-05 10:34:03;2026-07-01 10:43:46
1465745530;552137023;552137023;Металокерамічний обігрівач UDEN-500К;3938.0000;999;0;2026-05-05 10:34:03;2026-07-01 10:43:46
1465745509;552143720;552143720;Металокерамічний обігрівач UDEN-500D;3938.0000;999;0;2026-05-05 10:34:03;2026-07-01 10:43:46
1465745467;552145641;552145641;Металокерамічний обігрівач UDEN-300;3250.0000;999;0;2026-05-05 10:34:03;2026-07-01 10:43:46
1465745446;552149294;552149294;Металокерамічний обігрівач UDEN-250;3050.0000;999;0;2026-05-05 10:34:03;2026-07-01 10:43:46
1465745552;552152977;552152977;"Металокерамічний обігрівач UDEN-700 &quot;універсал&quot;";4348.0000;999;0;2026-05-05 10:34:03;2026-07-01 10:43:46
1465745489;552157025;552157025;"Металокерамічний обігрівач UDEN-500 &quot;універсал&quot;";4138.0000;999;0;2026-05-05 10:34:03;2026-07-01 10:43:46
1465745510;552165987;552165987;"Металокерамічний обігрівач UDEN-500D &quot;універсал&quot;";4138.0000;999;0;2026-05-05 10:34:03;2026-07-01 10:43:46
1465745531;552168016;552168016;"Металокерамічний обігрівач UDEN-500К &quot;універсал&quot;";4138.0000;999;0;2026-05-05 10:34:03;2026-07-01 10:43:46
1465745468;552178245;552178245;"Металокерамічний обігрівач UDEN-300 &quot;універсал&quot;";3400.0000;999;0;2026-05-05 10:34:03;2026-07-01 10:43:46
1465745447;552181646;552181646;"Металокерамічний обігрівач UDEN-250 &quot;універсал&quot;";3200.0000;999;0;2026-05-05 10:34:03;2026-07-01 10:43:46
1465745436;552196375;552196375;Металокерамічний обігрівач UDEN-200 теплий плінтус;3000.0000;999;0;2026-05-05 10:34:03;2026-07-01 10:43:46
1465745426;552202580;552202580;Металокерамічний обігрівач UDEN-150 теплий плінтус;2950.0000;999;0;2026-05-05 10:34:03;2026-07-01 10:43:46
1465745395;552204374;552204374;Металокерамічний обігрівач UDEN-100 теплий плінтус;2700.0000;999;0;2026-05-05 10:34:03;2026-07-01 10:43:46
1465745599;552210362;552210362;Металокерамічний обігрівач стельовий UDEN-500P;3938.0000;999;0;2026-05-05 10:34:03;2026-07-01 10:43:46
1465745341;552269615;552269615;"Металокерамічний дизайн-обігрівач UDEN-700 &quot;Порі року&quot;";5600.0000;999;0;2026-05-05 10:34:03;2026-07-01 10:43:46
1465745246;552443429;552443429;"Металокерамічний дизайн-обігрівач UDEN-500К &quot;Листопад&quot;";5710.0000;999;0;2026-05-05 10:34:03;2026-07-01 10:43:46
1465745238;552445065;552445065;"Металокерамічний дизайн-обігрівач UDEN-500К &quot;Думай&quot;";5710.0000;999;0;2026-05-05 10:34:03;2026-07-01 10:43:46
1465745260;552446077;552446077;"Металокерамічний дизайн-обігрівач UDEN-500К &quot;Твори&quot;";5710.0000;999;0;2026-05-05 10:34:03;2026-07-01 10:43:46
1465745237;552447213;552447213;"Металокерамічний дизайн-обігрівач UDEN-500К &quot;Дивись&quot;";5710.0000;999;0;2026-05-05 10:34:03;2026-07-01 10:43:46
1465745244;552448164;552448164;"Металокерамічний дизайн-обігрівач UDEN-500К &quot;Кохання-зітхання&quot;";5316.0000;999;0;2026-05-05 10:34:03;2026-07-01 10:43:46
1465745344;552448824;552448824;"Металокерамічний дизайн-обігрівач UDEN-700 &quot;Равлик&quot;";6429.0000;0;0;2026-05-05 10:34:03;2026-07-01 10:43:46
1465745325;552449745;552449745;"Металокерамічний дизайн-обігрівач UDEN-700 &quot;Мексиканці&quot;";6429.0000;999;0;2026-05-05 10:34:03;2026-07-01 10:43:46
1465745309;552450282;552450282;"Металокерамічний дизайн-обігрівач UDEN-700 &quot;Їжачок&quot;";5333.0000;0;0;2026-05-05 10:34:03;2026-07-01 10:43:46
1465745316;552455739;552455739;"Металокерамічний дизайн-обігрівач UDEN-700 &quot;Лондонський туман&quot;";4770.0000;999;0;2026-05-05 10:34:03;2026-07-01 10:43:46
1465745365;552457611;552457611;"Металокерамічний дизайн-обігрівач UDEN-700 &quot;Фраппе&quot;";4770.0000;999;0;2026-05-05 10:34:03;2026-07-01 10:43:46
1465745286;552458121;552458121;"Металокерамічний дизайн-обігрівач UDEN-700 &quot;Радуга&quot;";4770.0000;0;0;2026-05-05 10:34:03;2026-07-01 10:43:46
1465745321;552458179;552458179;"Металокерамічний дизайн-обігрівач UDEN-700 &quot;Майамі&quot;";4770.0000;999;0;2026-05-05 10:34:03;2026-07-01 10:43:46
1465745268;552459640;552459640;"Металокерамічний дизайн-обігрівач UDEN-700 &quot;Амарант&quot;";4770.0000;999;0;2026-05-05 10:34:03;2026-07-01 10:43:46
1465745328;552485996;552485996;"Металокерамічний дизайн-обігрівач UDEN-700 &quot;Мохіто&quot;";4770.0000;999;0;2026-05-05 10:34:03;2026-07-01 10:43:46
1465745320;552488977;552488977;"Металокерамічний дизайн-обігрівач UDEN-700 &quot;Маджента&quot;";4770.0000;999;0;2026-05-05 10:34:03;2026-07-01 10:43:46
1465745368;552503498;552503498;"Металокерамічний дизайн-обігрівач UDEN-700 &quot;Шафран&quot;";4770.0000;999;0;2026-05-05 10:34:03;2026-07-01 10:43:46
1465745334;552504619;552504619;"Металокерамічний дизайн-обігрівач UDEN-700 &quot;Німфаліда&quot;";4938.0000;0;0;2026-05-05 10:34:03;2026-07-01 10:43:46
1465745348;552512359;552512359;"Металокерамічний дизайн-обігрівач UDEN-700 &quot;Сафарі&quot;";5600.0000;999;0;2026-05-05 10:34:03;2026-07-01 10:43:46
1465745275;552515480;552515480;"Металокерамічний дизайн-обігрівач UDEN-700 &quot;Аріель&quot;";6429.0000;999;0;2026-05-05 10:34:03;2026-07-01 10:43:46
1465745273;552517495;552517495;"Металокерамічний дизайн-обігрівач UDEN-700 &quot;Апельсин&quot;";5333.0000;0;0;2026-05-05 10:34:03;2026-07-01 10:43:46
1465745330;552522089;552522089;"Металокерамічний дизайн-обігрівач UDEN-700 &quot;Невагомість&quot;";6015.0000;999;0;2026-05-05 10:34:03;2026-07-01 10:43:46
1465745326;552524805;552524805;"Металокерамічний дизайн-обігрівач UDEN-700 &quot;Менді&quot;";6429.0000;999;0;2026-05-05 10:34:03;2026-07-01 10:43:46
1465745332;552526229;552526229;"Металокерамічний дизайн-обігрівач UDEN-700 &quot;Нерозлучники&quot;";5600.0000;999;0;2026-05-05 10:34:03;2026-07-01 10:43:46
1465745336;552595562;552595562;"Металокерамічний дизайн-обігрівач UDEN-700 &quot;Овечки-акробати&quot;";5600.0000;999;0;2026-05-05 10:34:03;2026-07-01 10:43:46
1465745369;552638800;552638800;"Металокерамічний дизайн-обігрівач UDEN-700 &quot;Яблуко Ньютона&quot;";5333.0000;0;0;2026-05-05 10:34:03;2026-07-01 10:43:46
1465745281;552643283;552643283;"Металокерамічний дизайн-обігрівач UDEN-700 &quot;Батерфлай&quot;";7306.0000;0;0;2026-05-05 10:34:03;2026-07-01 10:43:46
1465745269;552645002;552645002;"Металокерамічний дизайн-обігрівач UDEN-700 &quot;Анабель&quot;";6015.0000;999;0;2026-05-05 10:34:03;2026-07-01 10:43:46
1465745315;552648111;552648111;"Металокерамічний дизайн-обігрівач UDEN-700 &quot;Лимон&quot;";5185.0000;999;0;2026-05-05 10:34:03;2026-07-01 10:43:46
1465745284;552649904;552649904;"Металокерамічний дизайн-обігрівач UDEN-700 &quot;Ваніла&quot;";5600.0000;999;0;2026-05-05 10:34:03;2026-07-01 10:43:46
1465745293;552940795;552940795;"Металокерамічний дизайн-обігрівач UDEN-700 &quot;Данаїда&quot;";5728.0000;0;0;2026-05-05 10:34:03;2026-07-01 10:43:46
1465745279;552941028;552941028;"Металокерамічний дизайн-обігрівач UDEN-700 &quot;Бамбук&quot;";5600.0000;999;0;2026-05-05 10:34:03;2026-07-01 10:43:46
1465745361;552942208;552942208;"Металокерамічний дизайн-обігрівач UDEN-700 &quot;Феєрія&quot;";6015.0000;999;0;2026-05-05 10:34:03;2026-07-01 10:43:46
1465745276;552945016;552945016;"Металокерамічний дизайн-обігрівач UDEN-700 &quot;Атакама&quot;";5333.0000;0;0;2026-05-05 10:34:03;2026-07-01 10:43:46
1465745339;552946838;552946838;"Металокерамічний дизайн-обігрівач UDEN-700 &quot;Папороть&quot;";6015.0000;999;0;2026-05-05 10:34:03;2026-07-01 10:43:46
1465745333;552948274;552948274;"Металокерамічний дизайн-обігрівач UDEN-700 &quot;Ніжність&quot;";6429.0000;999;0;2026-05-05 10:34:03;2026-07-01 10:43:46
1465745338;552951316;552951316;"Металокерамічний дизайн-обігрівач UDEN-700 &quot;Орхідея&quot;";5600.0000;999;0;2026-05-05 10:34:03;2026-07-01 10:43:46
1465745303;552952210;552952210;"Металокерамічний дизайн-обігрівач UDEN-700 &quot;Зайченятко&quot;";5333.0000;0;0;2026-05-05 10:34:03;2026-07-01 10:43:46
1465745345;552952858;552952858;"Металокерамічний дизайн-обігрівач UDEN-700 &quot;Рафік&quot;";5333.0000;0;0;2026-05-05 10:34:03;2026-07-01 10:43:46
1465745310;552952950;552952950;"Металокерамічний дизайн-обігрівач UDEN-700 &quot;Коти-Ведмедики&quot;";5600.0000;999;0;2026-05-05 10:34:03;2026-07-01 10:43:46
1465745322;552953900;552953900;"Металокерамічний дизайн-обігрівач UDEN-700 &quot;Маленька фея&quot;";5600.0000;999;0;2026-05-05 10:34:03;2026-07-01 10:43:46
1465745323;552954850;552954850;"Металокерамічний дизайн-обігрівач UDEN-700 &quot;Маленька чарівниця&quot; універсал";5800.0000;0;0;2026-05-05 10:34:03;2026-07-01 10:43:46
1465745357;552956350;552956350;"Металокерамічний дизайн-обігрівач UDEN-700 &quot;Тихий вечір&quot;";5600.0000;999;0;2026-05-05 10:34:03;2026-07-01 10:43:46
1465745191;552960630;552960630;"Металокерамічний дизайн-обігрівач UDEN-300 &quot;Марципановий будиночок&quot;";5038.0000;999;0;2026-05-05 10:34:03;2026-07-01 10:43:46
1465745312;552962317;552962317;"Металокерамічний дизайн-обігрівач UDEN-700 &quot;Козаки&quot;";6429.0000;999;0;2026-05-05 10:34:03;2026-07-01 10:43:46
1465745337;552964011;552964011;"Металокерамічний дизайн-обігрівач UDEN-700 &quot;Олаф і Свен&quot;";6518.0000;0;0;2026-05-05 10:34:03;2026-07-01 10:43:46
1465745250;552966029;552966029;"Металокерамічний дизайн-обігрівач UDEN-500К &quot;Мерілін&quot;";5063.0000;0;0;2026-05-05 10:34:03;2026-07-01 10:43:46
1465745193;552966541;552966541;"Металокерамічний дизайн-обігрівач UDEN-300 &quot;Пташки-щебетушки&quot;";4713.0000;999;0;2026-05-05 10:34:03;2026-07-01 10:43:46
1465745367;552966908;552966908;"Металокерамічний дизайн-обігрівач UDEN-700 &quot;Цікавість&quot;";5600.0000;999;0;2026-05-05 10:34:03;2026-07-01 10:43:46
1465745335;552967309;552967309;"Металокерамічний дизайн-обігрівач UDEN-700 &quot;Оберіг&quot;";6429.0000;999;0;2026-05-05 10:34:03;2026-07-01 10:43:46
1465745327;552968235;552968235;"Металокерамічний дизайн-обігрівач UDEN-700 &quot;Морська медуза&quot;";6429.0000;999;0;2026-05-05 10:34:03;2026-07-01 10:43:46
1465745287;552968474;552968474;"Металокерамічний дизайн-обігрівач UDEN-700 &quot;Весна&quot;";5600.0000;999;0;2026-05-05 10:34:03;2026-07-01 10:43:46
1465745283;552980106;552980106;"Металокерамічний дизайн-обігрівач UDEN-700 &quot;Голубий лотос&quot;";6429.0000;999;0;2026-05-05 10:34:03;2026-07-01 10:43:46
1465745352;552984426;552984426;"Металокерамічний дизайн-обігрівач UDEN-700 &quot;Слава Україні&quot;";7052.0000;999;0;2026-05-05 10:34:03;2026-07-01 10:43:46
1465745349;553001330;553001330;"Металокерамічний дизайн-обігрівач UDEN-700 &quot;Світанок&quot;";5728.0000;0;0;2026-05-05 10:34:03;2026-07-01 10:43:46
1465745261;553001861;553001861;"Металокерамічний дизайн-обігрівач UDEN-500К &quot;Упевненість&quot;";5710.0000;999;0;2026-05-05 10:34:03;2026-07-01 10:43:46
1465745262;553002289;553002289;"Металокерамічний дизайн-обігрівач UDEN-500К &quot;Харлей&quot;";5438.0000;0;0;2026-05-05 10:34:03;2026-07-01 10:43:46
1465745239;553006497;553006497;"Металокерамічний дизайн-обігрівач UDEN-500К &quot;Елвіс&quot;";5063.0000;0;0;2026-05-05 10:34:03;2026-07-01 10:43:46
1465745346;553006820;553006820;"Металокерамічний дизайн-обігрівач UDEN-700 &quot;Рок-н-рол&quot;";5333.0000;0;0;2026-05-05 10:34:03;2026-07-01 10:43:46
1465745251;553007523;553007523;"Металокерамічний дизайн-обігрівач UDEN-500К &quot;Одрі&quot;";5063.0000;0;0;2026-05-05 10:34:03;2026-07-01 10:43:46
1465745377;553026927;553026927;"Металокерамічний дизайн-обігрівач UDEN-S &quot;8 березня&quot; (диптих)";10849.0000;999;0;2026-05-05 10:34:03;2026-07-01 10:43:46
1465745394;553029594;553029594;"Металокерамічний дизайн-обігрівач UDEN-S &quot;Хіпстери&quot; (триптих)";16274.0000;999;0;2026-05-05 10:34:03;2026-07-01 10:43:46
1465745378;553046756;553046756;"Металокерамічний дизайн-обігрівач UDEN-S &quot;Атлантида&quot; (триптих)";15680.0000;999;0;2026-05-05 10:34:03;2026-07-01 10:43:46
1465745388;553051879;553051879;"Металокерамічний дизайн-обігрівач UDEN-S &quot;Осінній блюз&quot; (триптих)";15037.0000;999;0;2026-05-05 10:34:03;2026-07-01 10:43:46
1465745384;553054728;553054728;"Металокерамічний дизайн-обігрівач UDEN-S &quot;Ірисі&quot; (триптих)";13431.0000;0;0;2026-05-05 10:34:03;2026-07-01 10:43:46
1465746294;5541DB400;5541DB400;Бутиль COLONIAL, 12 л, кунжут;1488.0000;999;1;2026-06-30 23:01:01;2026-07-01 10:43:46
1465746298;5541_1;5541_1;Бутиль з корком COLONIAL, 12 л;1178.0000;998;1;2026-06-30 23:01:01;2026-07-01 10:43:46
1465746296;5542DB400;5542DB400;Бутиль COLONIAL, 4 л, кунжут;528.0000;998;1;2026-06-30 23:01:01;2026-07-01 10:43:46
1465746295;5542DB615;5542DB615;Бутиль COLONIAL, 4 л, хакі;528.0000;998;1;2026-06-30 23:01:01;2026-07-01 10:43:46
1465746300;5542_1;5542_1;Бутиль з корком COLONIAL, 4 л;418.0000;996;1;2026-06-30 23:00:49;2026-07-01 10:43:46
1465746434;5575DB27;5575DB27 ;Бутиль GARRAFA 34 л карамель;2918.0000;999;1;2026-06-30 23:01:04;2026-07-01 10:43:46
1465746433;5577DB622;5577DB622;Бутиль GARRAFA 34 л зелений ;2918.0000;999;1;2026-06-30 23:01:04;2026-07-01 10:43:46
1109;5589;5589;Вуличний газовий обігрівач 11 кВт;37590.0000;999;0;2026-05-05 10:34:03;2026-07-01 10:43:46
1889;560030K;560030K;Вуличний камін газовий 2.5 кВт Enders NOVA LED M Black;11580.0000;999;0;2026-05-05 10:34:03;2026-07-01 10:43:46
1187;560130K;560130K;Вуличний газовий камін 2.5 кВт Enders NOVA LED L Black;12800.0000;999;0;2026-05-05 10:34:03;2026-07-01 10:43:46
1890;560430K;560430K;Вуличний камін газовий 2.5 кВт Enders NOVA LED M Grey;11580.0000;999;0;2026-05-05 10:34:03;2026-07-01 10:43:46
1186;560530K;560530K;Вуличний газовий камін 2.5 кВт Enders NOVA LED L GREY;12400.0000;1;0;2026-05-05 10:34:03;2026-07-01 10:43:46
560;5608;5608;Столик для NOVA LED;2335.0000;999;0;2026-05-05 10:29:42;2026-07-01 10:43:46
1188;5609;5609;Захисний чохол для Enders NOVA LED L;1860.0000;999;0;2026-05-05 10:29:42;2026-07-01 10:43:46
1465745223;562580103;562580103;"Металокерамічний дизайн-обігрівач UDEN-500D &quot;Масаї&quot;";5710.0000;999;0;2026-05-05 10:34:03;2026-07-01 10:43:46
1465745227;562633688;562633688;"Металокерамічний дизайн-обігрівач UDEN-500D &quot;Субіра&quot;";6695.0000;999;0;2026-05-05 10:34:03;2026-07-01 10:43:46
1465745224;562635912;562635912;"Металокерамічний дизайн-обігрівач UDEN-500D &quot;Муремб&quot;";6695.0000;999;0;2026-05-05 10:34:03;2026-07-01 10:43:46
1465745216;562636224;562636224;"Металокерамічний дизайн-обігрівач UDEN-500D &quot;Аданна&quot;";6695.0000;999;0;2026-05-05 10:34:03;2026-07-01 10:43:46
1465745383;562671317;562671317;"Металокерамічний дизайн-обігрівач UDEN-S &quot;Грація&quot; (триптих)";19081.0000;999;0;2026-05-05 10:34:03;2026-07-01 10:43:46
1114;5640;5640;Газовий інфрачервоний обігрівач вуличний;16920.0000;999;0;2026-05-05 10:34:03;2026-07-01 10:43:46
1465745631;565109633;565109633;Терморегулятор UDEN-TW (бездротовий розетковий);1250.0000;999;0;2026-05-05 10:29:42;2026-07-01 10:43:46
1141;5663/5679;5663/5679;Захисний чохол для Vulano;2850.0000;999;0;2026-05-05 10:29:42;2026-07-01 10:43:46
1140;5664;5664;Захисний чохол для Trendstyle;2270.0000;999;0;2026-05-05 10:29:42;2026-07-01 10:43:46
1138;5675;5675;Захисний чохол для Elegance , Event;1995.0000;999;0;2026-05-05 10:29:42;2026-07-01 10:43:46
1465746311;5676;5676;Захисний чохол для Polo;1970.0000;999;0;2026-05-05 10:30:54;2026-07-01 10:43:46
1142;5677;5677;Захисний чохол для Ecoline;2310.0000;999;0;2026-05-05 10:29:42;2026-07-01 10:43:46
1139;5678;5678;Захисний чохол для Commercial;2870.0000;999;0;2026-05-05 10:29:42;2026-07-01 10:43:46
1816;5681;5681;Чохол для газового грилю Urban , Urban Pro;575.0000;0;0;2026-05-05 10:27:59;2026-07-01 10:43:46
1179;5683;5683;Захисний чохол для Fancy;2270.0000;999;0;2026-05-05 10:29:42;2026-07-01 10:43:46
1185;5691;5691;Чохол для газового грилю Brooklyn 4;2405.0000;999;0;2026-05-05 10:27:59;2026-07-01 10:43:46
1171;5693;5693;Захисний чохол для газового грилю Enders MONROE 2 S, MONROE PROX 3 S TURBO;2585.0000;999;0;2026-05-05 10:27:59;2026-07-01 10:43:46
1170;5694;5694;Захисний чохол для газового грилю Enders Monroe 3 SIK, Boston 3K Turbo;2775.0000;999;0;2026-05-05 10:27:59;2026-07-01 10:43:46
1172;5696;5696;Захисний чохол для газових грилів Enders серії Kansas, Monroe Pro 4 SIK Turbo;4395.0000;999;0;2026-05-05 10:27:59;2026-07-01 10:43:46
1169;5699;5699;Чохол для газового грилю Urban Trolley/Vario, Urban Pro Trolley/Vario;2535.0000;999;0;2026-05-05 10:27:59;2026-07-01 10:43:46
570;570;570;Хміль Нозерн Бревер (Northern Brewer) кг, α - 10%;700.0000;0;1;2026-06-30 23:01:15;2026-07-01 10:43:46
1465745390;573437669;573437669;"Металокерамічний дизайн-обігрівач UDEN-S &quot;Пробудження&quot; (триптих)";15680.0000;999;0;2026-05-05 10:34:03;2026-07-01 10:43:46
1465746291;5743DB622;5743DB622;Бутиль BOTELLA, 12 л, зелений;1488.0000;998;1;2026-06-30 23:01:01;2026-07-01 10:43:46
1465746292;5744DB04;5744DB04;Бутиль GARRAFA, 4 л, кориця;528.0000;993;1;2026-06-30 23:01:01;2026-07-01 10:43:46
1465745289;575099993;575099993;"Металокерамічний дизайн-обігрівач UDEN-700 &quot;Відродження&quot;";6429.0000;999;0;2026-05-05 10:34:03;2026-07-01 10:43:46
1465745353;575597346;575597346;"Металокерамічний дизайн-обігрівач UDEN-700 &quot;Соната&quot;";5978.0000;0;0;2026-05-05 10:34:03;2026-07-01 10:43:46
1465746281;5757G20;5757G20;Лимонадник для напоїв з кришкою та краном CILINDRO, 12,5 л;1960.0000;998;1;2026-06-30 23:01:01;2026-07-01 10:43:46
577;577;577;Аламбік Геракл 18 літрів з дефлегматором;11652.5000;0;0;2026-06-30 23:00:13;2026-07-01 10:43:46
1108;5770;5770;Вуличний газовий обігрівач 6 кВт;8762.0000;0;0;2026-05-05 10:34:03;2026-07-01 10:43:46
578;578;578;Самогонний апарат з дефлегматором 24 л;23170.0000;0;1;2026-06-30 23:00:13;2026-07-01 10:43:46
579;579;579;Аламбік Геракл 35 л з дефлегматором;14761.8000;0;0;2026-06-30 23:00:13;2026-07-01 10:43:46
580;580;580;Аламбік Геракл 45 л з дефлегматором;16815.0000;0;0;2026-06-30 23:00:13;2026-07-01 10:43:46
1840;5801100;5801100;Газовий настільний міні-камін для вулиці COSI Cosiscoop Original Ivory;4485.0000;999;0;2026-05-05 10:34:03;2026-07-01 10:43:46
1839;5801110;5801110;Настільний газовий міні-камін для вулиці COSI Cosiscoop Original Black;4485.0000;998;0;2026-05-05 10:34:03;2026-07-01 10:43:46
1465745385;581194537;581194537;"Металокерамічний дизайн-обігрівач UDEN-S &quot;Коліскова&quot; (триптих)";16274.0000;999;0;2026-05-05 10:34:03;2026-07-01 10:43:46
1465745252;581198506;581198506;"Металокерамічний дизайн-обігрівач UDEN-500К &quot;Пушистики&quot;";5710.0000;999;0;2026-05-05 10:34:03;2026-07-01 10:43:46
1465745253;581199290;581199290;"Металокерамічний дизайн-обігрівач UDEN-500К &quot;Рижики&quot;";5710.0000;999;0;2026-05-05 10:34:03;2026-07-01 10:43:46
1465745256;581199756;581199756;"Металокерамічний дизайн-обігрівач UDEN-500К &quot;Соні&quot;";5710.0000;999;0;2026-05-05 10:34:03;2026-07-01 10:43:46
587;587;587;Аламбік з колоною на 5 л;15750.0000;0;1;2026-06-30 23:00:13;2026-07-01 10:43:46
1465746293;5871DB400;5871DB400;Бутиль CABERNET, 12 л, кунжут;1558.0000;998;1;2026-06-30 23:01:01;2026-07-01 10:43:46
588;588;588;Аламбік з колоною на 10 л;22050.0000;0;1;2026-06-30 23:00:13;2026-07-01 10:43:46
589;589;589;Аламбік з колоною на 20 л;24750.0000;0;1;2026-06-30 23:00:13;2026-07-01 10:43:46
590;590;590;Аламбік з колоною на 30 л;28575.0000;0;1;2026-06-30 23:00:13;2026-07-01 10:43:46
1517;59057651;59057651;Скло боросилікатне D80мм H500mm;850.0000;5;1;2026-06-30 23:01:28;2026-07-01 10:43:46
591;591;591;Аламбік з колоною на 40 л;33975.0000;0;1;2026-06-30 23:00:13;2026-07-01 10:43:46
592;592;592;Аламбік з колоною на 50 л;85500.0000;0;1;2026-06-30 23:00:13;2026-07-01 10:43:46
1465746438;5921DB776;5921DB776;Пляшка з корком TOSCANA, 700 мл, сірий;460.0000;10;1;2026-06-30 23:01:04;2026-07-01 10:43:46
1465746496;5923DB794;5923DB794;Пляшка з корком TOSCANA, бірюзовий, 500 мл;339.0000;1;1;2026-06-30 23:01:06;2026-07-01 10:43:46
1841;5957590;5957590;Вуличний стіл - газовий камін Cosi Cosiglobe white;35315.0000;999;0;2026-05-05 10:34:03;2026-07-01 10:43:46
1465746274;5968G20;5968G20;Диспенсер для напоїв, комбучі з кришкою та краном AUTHENTIC, 4 л;760.0000;995;1;2026-06-30 23:00:49;2026-07-01 10:43:46
307;5979;5979;Пивні дріжджі Safale WB-06 - 11,5 g;140.0000;0;1;2026-06-30 23:01:12;2026-07-01 10:43:46
1465746545;"60л-2""";"60л-2""";"Кришка нержавіюча 60 л під кламп 2&quot; для перегінного куба";2145.0000;999;1;2026-06-30 23:06:46;2026-07-01 10:43:46
1465746546;"60л-3""";"60л-3""";"Кришка нержавіюча 60 л під кламп 3&quot; для перегінного куба";2585.0000;999;1;2026-06-30 23:06:47;2026-07-01 10:43:46
1465746547;"60л-4""";"60л-4""";"Кришка нержавіюча 60 л під кламп 4&quot; для перегінного куба";2695.0000;999;1;2026-06-30 23:06:48;2026-07-01 10:43:46
1465745553;617437299;617437299;"Металокерамічний обігрівач UDEN-700 &quot;універсал&quot; + терморегулятор UDEN TW";5598.0000;999;0;2026-05-05 10:34:03;2026-07-01 10:43:46
1023;61928074;61928074;ДУБОВА ТРІСКА ФРАНЦУЗЬКИЙ ДУБ СЕРЕДНЯ ФРАКЦІЯ СЕРЕДНІЙ ВИПАЛ (100 Г);100.0000;0;1;2026-06-30 23:01:23;2026-07-01 10:43:46
1465746362;62500863;62500863;Затвор дисковий під кламп 2 дюйми, кран метелик;770.0000;999;1;2026-06-30 23:01:01;2026-07-01 10:43:46
439;63226;63226;Мембрана гідропресу 20 л;5074.0000;999;1;2026-06-30 23:00:10;2026-07-01 10:43:46
436;63230;63230;Мішок для пресу 20 л;2058.0000;998;1;2026-06-30 23:00:10;2026-07-01 10:43:46
1310;63260;63260;Адаптер GEKA G 3/4;140.0000;999;1;2026-06-30 23:00:24;2026-07-01 10:43:46
440;63272;63272;Мембрана гідропресу 40 л;6020.0000;999;1;2026-06-30 23:00:10;2026-07-01 10:43:46
437;63273;63273;Мішок для пресу 40 л;2401.0000;998;1;2025-10-18 17:04:29;2026-07-01 10:43:46
441;63285;63285;Мембрана гідропресу 90 л;7800.0000;999;1;2026-06-30 23:00:10;2026-07-01 10:43:46
433;63286;63286;Мішок для пресу 90 л;3038.0000;999;1;2026-06-30 23:00:10;2026-07-01 10:43:46
638;638;638;Аламбік Геракл на 18 літрів;13700.0000;0;0;2026-06-30 23:00:13;2026-07-01 10:43:46
442;63831;63831;Мембрана гідропресу 180 л;8815.0000;998;1;2026-06-30 23:00:10;2026-07-01 10:43:46
438;63840;63840;Мішок для пресу 180 л;4018.0000;999;1;2026-06-30 23:00:10;2026-07-01 10:43:46
867;63865;63865;Гільза гідрозатвору SPEIDEL для плаваючої кришки;270.0000;3;1;2026-06-30 23:01:21;2026-07-01 10:43:46
485;63887;63887;Термометр біметалічний;1890.0000;0;1;2026-06-30 23:01:14;2026-07-01 10:43:46
640;640;640;Аламбік Геракл на 24 літрів;14500.0000;0;0;2026-06-30 23:00:13;2026-07-01 10:43:46
486;64071;64071;Гільза для термометра NW 10;1590.0000;0;1;2026-06-30 23:01:14;2026-07-01 10:43:46
1465745953;64490673;64490673;"Багатотрубна мультиплівкова царга 4&quot; подовжена";6325.0000;999;1;2026-06-30 23:06:36;2026-07-01 10:43:46
682;64939;64939;"Кран нержавіючий кульовий 1&quot;";3570.0000;0;1;2026-06-30 23:01:15;2026-07-01 10:43:46
484;64949;64949;Кран відбору проб NW 10;2360.0000;0;1;2026-06-30 23:01:14;2026-07-01 10:43:46
522;65276;65276;"Кран нержавіючий G ?&quot;";1890.0000;1;1;2026-06-30 23:01:14;2026-07-01 10:43:46
1465745999;66381614;66381614;Кран кульовий 1/2 дюйма ;200.0000;5;1;2026-06-30 23:01:39;2026-07-01 10:43:46
712;66609;66609;Захист краю для Braumeister 10/20/50 L;180.0000;3;1;2026-06-30 23:01:15;2026-07-01 10:43:46
748;66627;66627;Насос (Помпа) для Braumeister 10/20/50 L;5400.0000;0;1;2026-06-30 23:01:16;2026-07-01 10:43:46
521;66686;66686;"перехідник Gardena ?&quot;";765.0000;2;1;2026-06-30 23:01:14;2026-07-01 10:43:46
412;66712;66712;Пристрій перекачування сусла для Braumeister 20L;4860.0000;0;1;2026-06-30 23:01:13;2026-07-01 10:43:46
411;66713;66713;Пристрій перекачування сусла для Braumeister 50L;5460.0000;1;1;2026-06-30 23:01:13;2026-07-01 10:43:46
520;66715;66715;Термометр самоклеючий SPEIDEL 4-24 С;200.0000;2;1;2026-06-30 23:01:14;2026-07-01 10:43:46
760;66725;66725;Шкала для 30 л бочки;270.0000;4;1;2026-06-30 23:01:16;2026-07-01 10:43:46
761;66726;66726;Шкала для 60л бочки;270.0000;1;1;2026-06-30 23:01:16;2026-07-01 10:43:46
461;66733;66733;Low-Oxygen кришка для Braumeister 50L;5400.0000;0;1;2026-06-30 23:01:13;2026-07-01 10:43:46
669;669;669;Похилий конвеєр з нержавіючої сталі;1.0000;0;0;2026-06-30 23:00:14;2026-07-01 10:43:46
538;66928;66928;Дрібне сито для Braumeister 20L;675.0000;0;1;2026-06-30 23:01:14;2026-07-01 10:43:46
875;66929;66929;Сито для Braumeister 50L;900.0000;1;1;2026-06-30 23:01:21;2026-07-01 10:43:46
670;670;670;Установка для миття фруктів з R?tzm?hle;1.0000;0;0;2026-06-30 23:00:14;2026-07-01 10:43:46
1465745282;672230342;672230342;"Металокерамічний дизайн-обігрівач UDEN-700 &quot;Беріл&quot;";4770.0000;999;0;2026-05-05 10:34:03;2026-07-01 10:43:46
1465745313;672232495;672232495;"Металокерамічний дизайн-обігрівач UDEN-700 &quot;Латте&quot;";4770.0000;999;0;2026-05-05 10:34:03;2026-07-01 10:43:46
1465745318;672249101;672249101;"Металокерамічний дизайн-обігрівач UDEN-700 &quot;Лукреція&quot;";6429.0000;999;0;2026-05-05 10:34:03;2026-07-01 10:43:46
1465745386;676890748;676890748;"Металокерамічний дизайн-обігрівач UDEN-S &quot;Крилата історія&quot; (диптих)";11598.0000;999;0;2026-05-05 10:34:03;2026-07-01 10:43:46
1465745225;676893946;676893946;"Металокерамічний дизайн-обігрівач UDEN-500D &quot;Перо&quot;";6104.0000;999;0;2026-05-05 10:34:03;2026-07-01 10:43:46
1465745257;676894560;676894560;"Металокерамічний дизайн-обігрівач UDEN-500К &quot;Зграя&quot;";6104.0000;999;0;2026-05-05 10:34:03;2026-07-01 10:43:46
678;6780;6780;Хміль Mosaic® Brand (МОЗАІК), 1 кг;1850.0000;0;1;2026-06-30 23:01:15;2026-07-01 10:43:46
1470;67916352;67916352;Ковпачок у міні діоптрі 2 дюйми;1450.0000;5;1;2026-06-30 23:01:27;2026-07-01 10:43:46
1471;67916352-1;67916352-1;Ковпачок у міні діоптрі 3 дюйми;2530.0000;999;1;2026-06-30 23:03:48;2026-07-01 10:43:46
1472;67916352-1-1;67916352-1-1;Ковпачок у міні діоптрі 4 дюйми;3960.0000;999;1;2026-06-30 23:03:48;2026-07-01 10:43:46
1058;68431404;68431404;Дубова щепа ФРАНЦУЗЬКИЙ ДУБ МІЛКА ФРАКЦІЯ СРЕДНІЙ ВИПАЛ (100 Г);100.0000;0;1;2026-06-30 23:01:24;2026-07-01 10:43:46
685;6858;6858;Солод карамельний BEST Caramel® Amber;83.1000;99;1;2026-06-30 23:01:52;2026-07-01 10:43:46
1465744638;687695571;687695571;"Керамогранітний обігрівач KEN-500 &quot;Наталі&quot; кварцовий";4300.0000;999;0;2026-05-05 10:34:03;2026-07-01 10:43:46
688;6889;6889;Хміль ХЕРСБРУКЕР (Hersbrucker) – 1 кг.;1188.0000;0;1;2026-06-30 23:01:15;2026-07-01 10:43:46
405;69315;69315;Шаровий кран з нержавіючої сталі для Fermentegg 250 л та 600 л;4350.0000;0;1;2026-06-30 23:01:13;2026-07-01 10:43:46
193;7-002;7-002;Випарний бак 13 л;3620.0000;0;1;2026-06-30 23:00:04;2026-07-01 10:43:46
194;7-003;7-003;Випарний бак 20 л;4600.0000;0;1;2026-06-30 23:00:04;2026-07-01 10:43:46
195;7-004;7-004;Випарний бак 25 л;4800.0000;0;1;2026-06-30 23:00:04;2026-07-01 10:43:46
196;7-005;7-005;Випарний бак 36 л;5200.0000;0;1;2026-06-30 23:00:04;2026-07-01 10:43:46
202;7-006;7-006;"Колона &quot;Арома компакт&quot; 4 рівня нерж.";9580.0000;0;1;2026-06-30 23:01:10;2026-07-01 10:43:46
201;7-007;7-007;"Колона &quot;Арома компакт&quot; 4 рівня мідь";13200.0000;0;1;2026-06-30 23:01:10;2026-07-01 10:43:46
264;7-010;7-010;Склянка вимірювання спиртуозності;1130.0000;0;1;2026-06-30 23:01:11;2026-07-01 10:43:46
197;7-029;7-029;Випарний куб 2016 - 13 л;7200.0000;1;1;2026-06-30 23:00:04;2026-07-01 10:43:46
198;7-030;7-030;Випарний куб 2016 - 21 л;1.0000;0;0;2026-06-30 23:00:04;2026-07-01 10:43:46
199;7-031;7-031;Випарний куб 2016 - 36 л;1.0000;0;0;2026-06-30 23:00:04;2026-07-01 10:43:46
212;7-033;7-033;Перегінний куб «Доктор Губер» 21 л без кришки;1.0000;0;0;2026-06-30 23:00:05;2026-07-01 10:43:46
213;7-034;7-034;Перегінний куб «Доктор Губер» 36 л без кришки;1.0000;0;0;2026-06-30 23:00:05;2026-07-01 10:43:46
249;7-036;7-036;Прокладка кришки випарного куба;490.0000;0;1;2026-06-30 23:01:11;2026-07-01 10:43:46
239;7-038;7-038;Ніпель для термометра з різьбленням;460.0000;1;1;2026-06-30 23:01:11;2026-07-01 10:43:46
216;7-041;7-041;Кришка нержавіюча D32 см;629.0000;0;1;2026-06-30 23:01:11;2026-07-01 10:43:46
205;7-042;7-042;Кошик для солоду під казан 21 л D32 см;5600.0000;0;1;2026-06-30 23:01:10;2026-07-01 10:43:46
206;7-043;7-043;Кошик для солоду під казан 36 л D32 см;6055.0000;0;1;2026-06-30 23:01:10;2026-07-01 10:43:46
330;7-047;7-047;Сферичний ковпак 3х1,5'';1090.0000;1;1;2026-06-30 23:01:12;2026-07-01 10:43:46
329;7-049;7-049;Перфорований рівень джин-кошика;270.0000;1;1;2026-06-30 23:01:12;2026-07-01 10:43:46
204;7-050;7-050;Ковпачкова тарілка для діоптру нержавіюча сталь;975.0000;0;1;2026-06-30 23:01:10;2026-07-01 10:43:46
203;7-051;7-051;Ковпачкова тарілка для діоптру мідь;1490.0000;0;1;2026-06-30 23:01:10;2026-07-01 10:43:46
250;7-054;7-054;Простий джин-кошик 2 рівня;5245.0000;0;1;2026-06-30 23:01:11;2026-07-01 10:43:46
172;7-055;7-055;Дод. рівень арома нерж з діоптром;3090.0000;0;1;2026-06-30 23:01:10;2026-07-01 10:43:46
171;7-056;7-056;Дод. рівень арома мідь із діоптром;3420.0000;0;1;2026-06-30 23:01:10;2026-07-01 10:43:46
280;7-058;7-058;Фланець з ніпелем для колон 38 мм.;680.0000;0;1;2026-06-30 23:01:11;2026-07-01 10:43:46
240;7-063;7-063;Заснування колони АРОМА під КЛАМП;650.0000;0;1;2026-06-30 23:01:11;2026-07-01 10:43:46
242;7-066;7-066;Перехідник 135 градусів;860.0000;0;1;2026-06-30 23:01:11;2026-07-01 10:43:46
1829;70001571 00;70001571 00;Кавовий столик для ITALKERO DOLCE VITA;13835.0000;999;0;2026-05-05 10:29:42;2026-07-01 10:43:46
1830;70001575 00;70001575 00;Кавовий столик для ITALKERO FALO EVO;13835.0000;999;0;2026-05-05 10:29:42;2026-07-01 10:43:46
1857;7000657500;7000657500;Захисний чохол для Etna;3150.0000;999;0;2026-05-05 10:29:42;2026-07-01 10:43:46
1859;7000658900;7000658900;Захисний чохол для Italkero Falo Evo;4750.0000;999;0;2026-05-05 10:29:42;2026-07-01 10:43:46
711;70298;70298;Плаваюча пневматична кришка 500мм;6300.0000;0;1;2026-06-30 23:01:15;2026-07-01 10:43:46
1059;70352392;70352392;Дубова щепа АМЕРИКАНСЬКИЙ ДУБ МІЛКА ФРАКЦІЯ СРЕДНІЙ ВИПАЛ (100 Г);100.0000;0;1;2026-06-30 23:01:24;2026-07-01 10:43:46
1465744445;705672286;705672286;"Керамогранітний обігрівач &quot;Париж&quot; (триптих)";14374.0000;0;0;2026-05-05 10:34:03;2026-07-01 10:43:46
1465746021;70586477-7;70586477-7;Царга 3 дюйма/50см  нержавійка;1430.0000;999;1;2026-06-30 23:06:15;2026-07-01 10:43:46
1465746022;70586477-9;70586477-9;Царга 3 дюйма/50см  нержавійка (з ніпелем);1705.0000;999;1;2026-06-30 23:06:16;2026-07-01 10:43:46
710;7107;7107;Солод Viking Chocolate (Шоколад) 0.25кг;32.7000;99;1;2026-06-30 23:01:52;2026-07-01 10:43:46
1465746349;7150800;7150800;Штуцер – перехідник GOK AG M20 x 1,5 x AG KLF;1090.0000;999;0;2026-05-05 10:30:54;2026-07-01 10:43:46
537;72610;72610;Ущільнювач солодової труби Braumeister 20L;540.0000;1;1;2026-06-30 23:01:14;2026-07-01 10:43:46
305;72896;72896;Ареометр для сусла, шкала 0-20 Plato + термометр;900.0000;0;1;2026-06-30 23:01:12;2026-07-01 10:43:46
320;72897;72897;Циліндр 100 мл пласт. для ареометра;405.0000;0;1;2026-06-30 23:01:12;2026-07-01 10:43:46
422;72898;72898;Ківш для солоду;540.0000;0;1;2026-06-30 23:01:13;2026-07-01 10:43:46
237;72899;72899;Нержавіючий охолоджувач сусла для Braumeister 20 L;4500.0000;0;1;2026-06-30 23:01:11;2026-07-01 10:43:46
238;72900;72900;Нержавіючий охолоджувач сусла для Braumeister 50 л;9450.0000;0;1;2026-06-30 23:01:11;2026-07-01 10:43:46
262;72903;72903;Солодоподрібнювач ручний;4912.0000;999;1;2026-06-30 23:00:06;2026-07-01 10:43:46
539;73026;73026;Нержавіючий ТЕН для Braumeister 20/50L;3510.0000;0;1;2026-06-30 23:01:15;2026-07-01 10:43:46
1465745198;746468248;746468248;"Металокерамічний дизайн-обігрівач UDEN-500 &quot;Джон&quot;";6188.0000;0;0;2026-05-05 10:34:03;2026-07-01 10:43:46
1465745206;746472450;746472450;"Металокерамічний дизайн-обігрівач UDEN-500 &quot;Пол&quot;";6104.0000;999;0;2026-05-05 10:34:03;2026-07-01 10:43:46
1465745379;746484957;746484957;"Металокерамічний дизайн-обігрівач UDEN-S &quot;Бітлз&quot; (диптих)";11598.0000;999;0;2026-05-05 10:34:03;2026-07-01 10:43:46
747;7473;7473;Солод ШАТО ПІТЕД (Копчений);45.0000;0;1;2026-06-30 23:00:16;2026-07-01 10:43:46
751;7510;7510;Дріжджі Кодзі Меллоу (Mellow) 1кг;1.0000;0;0;2026-06-30 23:01:16;2026-07-01 10:43:46
483;75104;75104;"Нержавіючий шаровий кран 3/4&quot;, V2A";3150.0000;1;1;2026-06-30 23:01:14;2026-07-01 10:43:46
713;75113;75113;Ущільнювач солодової труби Braumeister 50L;910.0000;0;1;2026-06-30 23:01:15;2026-07-01 10:43:46
762;75187;75187;Нержавіючий ТЕН для Braumeister 50 L;4275.0000;0;1;2026-06-30 23:01:16;2026-07-01 10:43:46
752;7527;7527;Солод ШАТО ПЕЙЛ ЕЛЬ® (Pale Ale);52.0000;0;1;2026-06-30 23:00:16;2026-07-01 10:43:46
755;7558;7558;Цукор світлий карамельний 0,5 кг;75.0000;0;1;2026-06-30 23:01:16;2026-07-01 10:43:46
763;763;763;Солод Шато ДИСТИЛІН (CHATEAU DISTILLING®);107.6000;99;1;2026-06-30 23:01:53;2026-07-01 10:43:46
1494;76337120;76337120;Міжрівнева прокладка під скло діаметром 60мм;150.0000;7;1;2026-06-30 23:01:27;2026-07-01 10:43:46
766;7664;7664;Солод житній Viking Rye Malt;113.2000;99;1;2026-06-30 23:01:52;2026-07-01 10:43:46
1232;76685;76685;Прокладка силіконова з бортом,  ? 350;1435.0000;2;1;2026-06-30 23:01:25;2026-07-01 10:43:46
767;7671;7671;Дріжджі SafSpirit USW-6, 25g (American Whiskey);185.0000;0;1;2026-06-30 23:01:16;2026-07-01 10:43:46
768;7688;7688;Дріжджі SafSpirit™ HG-1, 0.5 кг;2320.0000;0;1;2026-06-30 23:01:16;2026-07-01 10:43:46
769;7695;7695;Дріжджі DISTILAMAX® MW Whiskey, 500гр;1850.0000;5;1;2026-06-30 23:01:16;2026-07-01 10:43:46
1465746312;7711;7711;Магнітний тримач для рушників;1200.0000;999;0;2026-05-05 10:27:59;2026-07-01 10:43:46
1465746313;7712;7712;Деко-планча для серії грилів Enders (нержавіюча сталь);3750.0000;999;0;2026-05-05 10:27:59;2026-07-01 10:43:46
1465746314;7717;7717;Гачки для столових приладів на магнітах;1200.0000;999;0;2026-05-05 10:27:59;2026-07-01 10:43:46
771;7718;7718;Дріжджі Whiskey Distilamax HT, 500g;1.0000;0;0;2026-06-30 23:01:16;2026-07-01 10:43:46
772;7725;7725;Солод карамельний BEST Caramel Munich III, 0.25 кг;27.4000;99;1;2026-06-30 23:01:52;2026-07-01 10:43:46
488;77278;77278;Контролер температури бродіння G?rmeister;18000.0000;0;1;2026-06-30 23:01:14;2026-07-01 10:43:46
904;77280-05;77280-05;Винні фруктові дріжджі;154.0000;0;1;2026-06-30 23:01:22;2026-07-01 10:43:46
773;7732;7732;Дріжджі SafSpirit GR-2 (Grain), 25 гр;185.0000;0;1;2026-06-30 23:01:17;2026-07-01 10:43:46
749;77329;77329;Насос перекачування сусла для Braumeister 200/500/1000 L;35100.0000;0;1;2026-06-30 23:01:16;2026-07-01 10:43:46
275;77354;77354;Термосорочка для Braumeister 20 л;3600.0000;0;1;2026-06-30 23:01:11;2026-07-01 10:43:46
276;77355;77355;Термосорочка для Braumeister 50 л;4950.0000;1;1;2026-06-30 23:01:11;2026-07-01 10:43:46
1465745833;77360;77360;Кабель живлення до ВМ 50 L;1050.0000;1;1;2026-06-30 23:01:36;2026-07-01 10:43:46
421;77367;77367;Ємність для бродіння з конічним дном 30L;13275.0000;999;1;2026-06-30 23:00:10;2026-07-01 10:43:46
443;77368;77368;Ємність для бродіння з конічним дном 65L;14760.0000;999;1;2026-06-30 23:00:10;2026-07-01 10:43:46
451;77369;77369;Ємність для бродіння з конічним дном 120L;19740.0000;999;1;2026-06-30 23:00:11;2026-07-01 10:43:46
544;77376;77376;КЕГ КОРНЕЛІУС (CORNELIUS), 9 Л;7020.0000;999;1;2026-06-30 23:00:12;2026-07-01 10:43:46
321;77377;77377;КЕГ КОРНЕЛІУС (CORNELIUS), 18 Л;7740.0000;999;1;2026-06-30 23:00:08;2026-07-01 10:43:46
156;77390;77390;Дерев'яна лопатка пивовара - 70 см;540.0000;0;1;2026-06-30 23:01:10;2026-07-01 10:43:46
687;77397;77397;Змійовиковий охолоджувач для ЦКТ 60-120 л;8100.0000;1;1;2026-06-30 23:01:15;2026-07-01 10:43:46
686;77400;77400;Підставка під ємності 240 л;8600.0000;0;1;2026-06-30 23:01:15;2026-07-01 10:43:46
876;77430;77430;Сито для Braumeister 10 L;540.0000;0;1;2026-06-30 23:01:21;2026-07-01 10:43:46
236;77445;77445;Нержавіючий охолоджувач сусла для Braumeister 10 L;3825.0000;0;1;2026-06-30 23:01:11;2026-07-01 10:43:46
148;77455;77455;Wi-Fi модуль до пивоварні Braumeister;6300.0000;2;1;2026-06-30 23:01:09;2026-07-01 10:43:46
487;77457;77457;Охолоджуючий блок 0,3 кВт;36450.0000;999;1;2026-06-30 23:00:11;2026-07-01 10:43:46
541;77467;77467;Солодоподрібнювач Speidel;34000.0000;999;1;2026-06-30 23:00:12;2026-07-01 10:43:46
774;7749;7749;Дріжджі SafSpirit™ HG-1, 25 гр;155.0000;0;1;2026-06-30 23:01:17;2026-07-01 10:43:46
753;77490;77490;Підставка для Braumeister 50l;10500.0000;1;1;2026-06-30 23:01:16;2026-07-01 10:43:46
479;77520;77520;Підставка під ємності 60-120л;4950.0000;0;1;2026-06-30 23:01:14;2026-07-01 10:43:46
777;7770;7770;Солод  PILSNER ZERO VIKING MALT;39.0000;0;1;2026-06-30 23:00:16;2026-07-01 10:43:46
1844;7784;7784;Набір чавунних ґрат Switch Grid для Boston Black 3;5175.0000;999;0;2026-05-05 10:27:59;2026-07-01 10:43:46
1165;7789;7789;Деко чавунне 1/2 для KANSAS 4;4890.0000;999;0;2026-05-05 10:27:59;2026-07-01 10:43:46
1153;7790;7790;Сковорода-камінь для піци Switch Grid;3235.0000;999;0;2026-05-05 10:27:59;2026-07-01 10:43:46
1163;7791;7791;Чавунні грати з малюнком для стейків Switch Grid;2980.0000;999;0;2026-05-05 10:27:59;2026-07-01 10:43:46
1150;7792;7792;Чавунна сковорода для грат Switch Grid;3235.0000;999;0;2026-05-05 10:27:59;2026-07-01 10:43:46
1465746315;7793;7793;Жаровня для приготування птиці Enders Switch Grid;2500.0000;999;0;2026-05-05 10:27:59;2026-07-01 10:43:46
1465746316;7795;7795;Чавунна жаровня Switch Grid ™;5350.0000;999;0;2026-05-05 10:27:59;2026-07-01 10:43:46
1465746317;7797;7797;Чавунна сковорода WOK Enders Switch Grid;3600.0000;999;0;2026-05-05 10:27:59;2026-07-01 10:43:46
780;7800;7800;Солод карамельний Viking Caramel 300;5.3000;99;1;2026-06-30 23:01:52;2026-07-01 10:43:46
1393;780000;780000;Насос для перекачування рідини NOVAX 25M;11400.0000;0;1;2026-06-30 23:01:27;2026-07-01 10:43:46
230;78027;78027;Набір для чищення;2700.0000;0;1;2026-06-30 23:01:11;2026-07-01 10:43:46
217;78032;78032;Кришка нержавіюча для Braumeister 20 л;6750.0000;0;1;2026-06-30 23:01:11;2026-07-01 10:43:46
218;78033;78033;Кришка нержавіюча для Braumeister 50 л;9000.0000;0;1;2026-06-30 23:01:11;2026-07-01 10:43:46
1164;7805;7805;Набір чавунних ґрат Switch Grid для Monroe 2 S;2740.0000;0;0;2026-05-05 10:27:59;2026-07-01 10:43:46
1785;7806;7806;Набір чавунних грат Switch Grid для Monroe 3;2227.0000;999;0;2026-05-05 10:27:59;2026-07-01 10:43:46
1146;7811;7811;Магнітний тримач для рушників;765.0000;0;0;2026-05-05 10:27:59;2026-07-01 10:43:46
1147;7812;7812;Гачки для приладдя на магнітах;765.0000;0;0;2026-05-05 10:27:59;2026-07-01 10:43:46
1782;7813;7813;Контейнер для гриля на магнітах пластиковий;974.0000;0;0;2026-05-05 10:27:59;2026-07-01 10:43:46
1168;7814;7814;Магнітний тримач для пляшок;1395.0000;999;0;2026-05-05 10:27:59;2026-07-01 10:43:46
1167;7815;7815;Контейнер для гриля на магнітах XL;1970.0000;999;0;2026-05-05 10:27:59;2026-07-01 10:43:46
781;7817;7817;Контейнер для гриля на магнітах пластиковий;1625.0000;999;0;2026-05-05 10:27:59;2026-07-01 10:43:46
1818;7818;7818;Контейнер для спецій на магнітах;1275.0000;999;0;2026-05-05 10:27:59;2026-07-01 10:43:46
782;7824-1;7824-1;Солод палений VIKING CHOCOLATE LIGHT MALT 0.25 кг;35.0000;96;1;2026-06-30 23:00:16;2026-07-01 10:43:46
783;783;783;Солод перловий темний VIKING PEARLED BLACK MALT;24.8000;99;1;2026-06-30 23:01:52;2026-07-01 10:43:46
784;784;784;Солод палений VIKING ROASTED BARLEY 0.25 кг;38.5000;99;1;2026-06-30 23:01:52;2026-07-01 10:43:46
785;785;785;Солод VIKING MUNICH DARK MALT;78.8000;99;1;2026-06-30 23:01:52;2026-07-01 10:43:46
786;786;786;Сухі турбо дріжджі Coobra Mega Pack 100L;390.0000;0;1;2026-06-30 23:01:17;2026-07-01 10:43:46
787;787;787;Спиртові турбо дріжджі Coobra 24 Basic;1.0000;0;0;2026-06-30 23:01:17;2026-07-01 10:43:46
788;788;788;Спиртові турбо дріжджі Coobra 48 Basic;139.0000;1;1;2026-06-30 23:01:17;2026-07-01 10:43:46
1131;7880;7880;Деко чавунне 1/3 для KANSAS 3;3105.0000;999;0;2026-05-05 10:27:59;2026-07-01 10:43:46
1820;7882;7882;Деко чавунне 1/3 BOSTON Black 3 K TURBO, Monroe Pro 3;3135.0000;999;0;2026-05-05 10:27:59;2026-07-01 10:43:46
1166;7885;7885;Деко Plancha з нержавіючої сталі для грилів серії KANSAS;7325.0000;0;0;2026-05-05 10:27:59;2026-07-01 10:43:46
789;789;789;Турбо дріжджі Coobra 7;1.0000;0;0;2026-06-30 23:01:17;2026-07-01 10:43:46
1132;7890;7890;Деко чавунне 1/3 для гриля MONROE 3;3250.0000;999;0;2026-05-05 10:27:59;2026-07-01 10:43:46
1774;7891;7891;Грати чавунні 1/3 для гриля MONROE 3;2440.0000;999;0;2026-05-05 10:27:59;2026-07-01 10:43:46
1819;7893;7893;Деко чавунне 1/2 для гриля MONROE PRO 4 SIK TURBO Switch Grid;4740.0000;999;0;2026-05-05 10:27:59;2026-07-01 10:43:46
790;790;790;Турбо дрожжи Coobra 8;1.0000;0;0;2025-12-17 10:35:02;2026-07-01 10:43:46
1129;7901;7901;Вертел для грилів KANSAS 3;6244.0000;999;0;2026-05-05 10:27:59;2026-07-01 10:43:46
1192;7903;7903;Вертел для грилів серії Monroe Pro 3+4 та Boston 3+4;5495.0000;999;0;2026-05-05 10:27:59;2026-07-01 10:43:46
498;79048;79048;Ущільнювальне кільце O-Ring 23,47x2,62;270.0000;8;1;2026-06-30 23:01:14;2026-07-01 10:43:46
1196;7905;7905;Вертел для грилів Cubiq + eFlow Pro Boston;5495.0000;999;0;2026-05-05 10:27:59;2026-07-01 10:43:46
1894;7908;7908;Вертел для грилів серії KANSAS II PRO 3+4, MONROE PRO 3+4, BOSTON 3+4;5495.0000;999;0;2026-05-05 10:27:59;2026-07-01 10:43:46
792;792;792;Сухі турбо дріжджі Coobra Pure;1.0000;0;0;2026-06-30 23:01:17;2026-07-01 10:43:46
277;79263;79263;Укорочена солодова труба для Braumeister 50 L;5880.0000;1;1;2026-06-30 23:01:11;2026-07-01 10:43:46
793;793;793;Активні турбо дріжджі Coobra Basic Vodka;1.0000;0;0;2026-06-30 23:01:17;2026-07-01 10:43:46
794;794;794;Турбо дріжджі Coobra Magnum 6;1.0000;0;0;2025-12-17 10:35:47;2026-07-01 10:43:46
795;795;795;Дріжджі для меду Coobra Mjоd (мёд);1.0000;0;0;2026-06-30 23:01:17;2026-07-01 10:43:46
1465746005;79582199;79582199;Регулятор потужності 3,5кВт;2500.0000;999;1;2026-06-30 23:00:52;2026-07-01 10:43:46
796;796;796;Дріжджі винні Сoobra Cider (сидр);1.0000;0;0;2026-06-30 23:01:19;2026-07-01 10:43:46
1154;7976;7976;Вертел для грилів KANSAS;7238.0000;999;0;2026-05-05 10:27:59;2026-07-01 10:43:46
800;800;800;Дріжджі Spirit Ferm Black Magic TC6;117.0000;0;1;2025-10-17 12:42:07;2026-07-01 10:43:46
802;802;802;Сухі винні дріжджі Spirit Ferm wino bayanus G995;1.0000;0;0;2026-06-30 23:01:19;2026-07-01 10:43:46
803;803;803;Турбо дріжджі Mixerman Jaskraft 7;100.0000;0;1;2026-06-30 23:01:19;2026-07-01 10:43:46
1465746318;8043;8043;Набір (кришка і вітрова захист) для гриля MANHATTAN;2940.0000;1;0;2026-05-05 10:27:59;2026-07-01 10:43:46
184;805059;805059;Дріжджі SafSpirit GR-2 (Grain), 500 гр;2320.0000;0;1;2026-06-30 23:01:10;2026-07-01 10:43:46
808;8081;8081;Дріжджі винні Lalvin V1116, 500 гр.;1380.0000;6;1;2026-06-30 23:01:19;2026-07-01 10:43:46
1465744464;811732955;811732955;"Керамогранітний обігрівач KEN-400 &quot;Степанич&quot;";4500.0000;999;0;2026-05-05 10:34:03;2026-07-01 10:43:46
1773;8207;8207;Деко чавунне 1/3 для OAKLAND 3S;1298.0000;999;0;2026-05-05 10:27:59;2026-07-01 10:43:46
1465745611;824797052;824797052;Ніжка-підставка для обігрівача UDEN-S універсальна;520.0000;999;0;2026-05-05 10:29:42;2026-07-01 10:43:46
1380;82535888;82535888;Ковпачкова колона 2 дюйма Premium;14700.0000;999;1;2026-06-30 23:00:26;2026-07-01 10:43:46
831;8319;8319;Перехідник із крана на трубку, штуцер 10,2 мм (металевий);90.0000;1;1;2026-06-30 23:01:20;2026-07-01 10:43:46
1191;8374630;8374630;Газовий гриль MONROE PROX 3 S Turbo;30255.0000;0;0;2026-05-05 10:26:48;2026-07-01 10:43:46
1189;837633K;837633K;Газовий гриль MONROE PRO 3 SIK Turbo;45285.0000;999;0;2026-05-05 10:26:48;2026-07-01 10:43:46
1181;83786K;83786K;Газовий гриль MONROE PRO 4 SIK Turbo;52406.0000;0;0;2026-05-05 10:26:48;2026-07-01 10:43:46
1465746319;838133K;838133K;Газовий гриль Enders MONROE PRO 3 SIK Turbo - SHADOW;45285.0000;999;0;2026-05-05 10:26:48;2026-07-01 10:43:46
1465746320;838133NP24;838133NP24;Комплект: Monroe 3 SIK Turbo Shadow та газовий балон HPCR 24,5 л з відсікачем;47498.0000;999;0;2026-05-05 10:26:48;2026-07-01 10:43:46
1465746321;838533K;838533K;Газовий гриль Enders MONROE PRO 4 SIK Turbo - SHADOW;52406.0000;999;0;2026-05-05 10:26:48;2026-07-01 10:43:46
838;8388;8388;Аламбік Класік 250 л Португалія;157500.0000;998;1;2026-06-30 23:00:17;2026-07-01 10:43:46
846;846;846;Міні КЕГ 5л чорний;590.0000;0;1;2026-06-30 23:00:18;2026-07-01 10:43:46
849;849;849;ЦКТ 60л з охолодженням;1.0000;0;0;2026-06-30 23:00:18;2026-07-01 10:43:46
852;852;852;Сифон переливний автоматичний;300.0000;0;1;2026-06-30 23:01:20;2026-07-01 10:43:46
855;855;855;Гідрозатвор S подібний з пробкою;59.0000;19;1;2026-06-30 23:01:20;2026-07-01 10:43:46
1518;85811270;85811270;Вузол відбору хвостів 2 дюйма;590.0000;5;1;2026-06-30 23:01:28;2026-07-01 10:43:46
1519;85811270-3;85811270-3;Вузол відбору хвостів 3 дюйма;825.0000;999;1;2026-06-30 23:04:16;2026-07-01 10:43:46
1465746548;"85л/4""";"85л/4""";"Кришка нержавіюча 85 л під кламп 4&quot; для перегінного куба";2970.0000;999;1;2026-06-30 23:06:49;2026-07-01 10:43:46
1199;8601;8601;Термометр для м'яса;1510.0000;999;0;2026-05-05 10:27:59;2026-07-01 10:43:46
861;861;861;Ареометр АСП100 (0-100);85.0000;1;1;2026-06-30 23:01:20;2026-07-01 10:43:46
863;863;863;Ємність для бродіння 33 л із кришкою;379.0000;920;1;2026-06-30 23:00:18;2026-07-01 10:43:46
1119;8641;8641;Газовий гриль FLORIDA Plancha;9285.0000;0;0;2026-05-05 10:26:48;2026-07-01 10:43:46
1203;8645630K;8645630K;Газовий гриль BROOKLYN NEXT 2;15560.0000;999;0;2026-05-05 10:26:48;2026-07-01 10:43:46
1190;86466;86466;Газовий гриль BROOKLYN NEXT 3;17650.0000;0;0;2026-05-05 10:26:48;2026-07-01 10:43:46
864;8647;8647;TDS-метр вимірювач вмісту солей в воді;174.0000;3;1;2026-06-30 23:01:21;2026-07-01 10:43:46
868;8685;8685;Солод пшеничний CHATEAU WHEAT BLANC (ШАТО ВІТ БЛАН );71.0000;0;1;2026-06-30 23:00:18;2026-07-01 10:43:46
1783;8706;8706;Газовий гриль KANSAS Black Pro 3 K Turbo;33553.0000;0;0;2026-05-05 10:26:48;2026-07-01 10:43:46
870;8708;8708;Фільтри лабораторні обеззолені червона стрічка d=110 мм (50 шт);110.0000;1;1;2026-06-30 23:01:21;2026-07-01 10:43:46
1124;8709;8709;Газовий гриль KANSAS Pro 3 SIKTurbo;47260.0000;0;0;2026-05-05 10:26:48;2026-07-01 10:43:46
1834;8714;8714;Газовий гриль KANSAS Pro 4 SIK Profi Turbo;74915.0000;0;0;2026-05-05 10:26:48;2026-07-01 10:43:46
1151;8753;8753;Набір для гриля з дерев'яними ручками;935.0000;999;0;2026-05-05 10:27:59;2026-07-01 10:43:46
683;87711;87711;"Т-адаптор для ЦКТ 2 х ?&quot;";6090.0000;0;1;2026-06-30 23:01:15;2026-07-01 10:43:46
680;87712;87712;Шпунт-апарат ?“;12600.0000;0;1;2026-06-30 23:01:15;2026-07-01 10:43:46
1465746322;8775;8775;Камінь для піци XL;1720.0000;0;0;2026-05-05 10:27:59;2026-07-01 10:43:46
1789;8780;8780;Глибокий лист для непрямого обсмажування на грилі;357.0000;999;0;2026-05-05 10:27:59;2026-07-01 10:43:46
1197;8782;8782;Щипці для барбекю із нержавіючої сталі з фіксацією Enders;890.0000;999;0;2026-05-05 10:27:59;2026-07-01 10:43:46
1893;8784;8784;Лопатка для барбекю із короткою ручкою Enders;545.0000;999;0;2026-05-05 10:27:59;2026-07-01 10:43:46
1184;8785;8785;Рукавички для барбекю вогнестійкі, матеріал-арамід, 1 пара, колір чорний;1580.0000;999;0;2026-05-05 10:27:59;2026-07-01 10:43:46
1193;8786;8786;Преміум набір для барбекю з 3 предметами в чохлі;3205.0000;999;0;2026-05-05 10:27:59;2026-07-01 10:43:46
1809;8787;8787;Преміум щипці з нержавіючої сталі для барбекю;1108.0000;999;0;2026-05-05 10:27:59;2026-07-01 10:43:46
1159;8788;8788;Преміум-лопатка з нержавіючої сталі для барбекю;845.0000;999;0;2026-05-05 10:27:59;2026-07-01 10:43:46
1158;8789;8789;Преміум вилка з нержавіючої сталі для барбекю;840.0000;999;0;2026-05-05 10:27:59;2026-07-01 10:43:46
1135;8790;8790;Сковорода деко;1175.0000;999;0;2026-05-05 10:27:59;2026-07-01 10:43:46
1891;8791;8791;Камінь для піци 32 см;1300.0000;999;0;2026-05-05 10:27:59;2026-07-01 10:43:46
1808;8794;8794;Силіконова рукавичка для барбекю;590.0000;0;0;2026-05-05 10:27:59;2026-07-01 10:43:46
1160;8795;8795;Лопатка для барбекю з дерев'яною ручкою;390.0000;999;0;2026-05-05 10:27:59;2026-07-01 10:43:46
1786;8796;8796;Щітка для очищення гриля;389.0000;999;0;2026-05-05 10:27:59;2026-07-01 10:43:46
684;87986;87986;Кран підключення CO2 ?“;66150.0000;0;1;2026-06-30 23:01:15;2026-07-01 10:43:46
1157;8801;8801;Щипці Enders для барбекю з нержавіючої сталі та силікону;575.0000;0;0;2026-05-05 10:27:59;2026-07-01 10:43:46
1134;8802;8802;Набір шампурів;1515.0000;999;0;2026-05-05 10:27:59;2026-07-01 10:43:46
1209;8804;8804;Лист з нержавіючої сталі глибокий для непрямого прожарювання;1340.0000;999;0;2026-05-05 10:27:59;2026-07-01 10:43:46
1866;8807;8807;Тримач для овочів та риби з нержавіючої сталі;1490.0000;999;0;2026-05-05 10:27:59;2026-07-01 10:43:46
1161;8811;8811;Міні-камені для піци та випічки з кордієриту;1275.0000;999;0;2026-05-05 10:27:59;2026-07-01 10:43:46
1810;8812;8812;Контейнер для копчення смокер-бокс Enders із нержавіючої сталі;890.0000;999;0;2026-05-05 10:27:59;2026-07-01 10:43:46
1162;8813;8813;Прес для бургерів із ABS пластику;560.0000;999;0;2026-05-05 10:27:59;2026-07-01 10:43:46
881;8814;8814;Преміум щітка зі сталевим ворсом для барбекю;675.0000;999;0;2026-05-05 10:27:59;2026-07-01 10:43:46
1200;8815;8815;Силіконова підставка для столових приладів;1385.0000;999;0;2026-05-05 10:27:59;2026-07-01 10:43:46
1217;88153843;88153843;Дубова клепка бочки з-під портвейну Porto Rose (100 г);150.0000;0;1;2026-06-30 23:01:24;2026-07-01 10:43:46
1465746323;8816;8816;Чавунний прес для гамбургерів;1280.0000;999;0;2026-05-05 10:27:59;2026-07-01 10:43:46
1465746324;8817;8817;Щітка Enders для BBQ Premium з ворсом із нержавіючої сталі;875.0000;999;0;2026-05-05 10:27:59;2026-07-01 10:43:46
1465746325;88186;88186;Модульна шафа на магнітах для грилів Enders;6600.0000;999;0;2026-05-05 10:27:59;2026-07-01 10:43:46
1892;8819;8819;Прес для бургерів;960.0000;999;0;2026-05-05 10:27:59;2026-07-01 10:43:46
882;8821;8821;Фруктоза;117.0000;0;1;2026-06-30 23:01:21;2026-07-01 10:43:46
1198;8822;8822;Кошик для гриля L;1250.0000;999;0;2026-05-05 10:27:59;2026-07-01 10:43:46
1465746326;8825;8825;Cковорода WOK Enders із нержавіючої сталі;1680.0000;999;0;2026-05-05 10:27:59;2026-07-01 10:43:46
883;8838;8838;Декстроза (Глюкоза) 1кг;90.0000;17;1;2026-06-30 23:01:21;2026-07-01 10:43:46
884;884;884;ПЕТ пляшка 1л, коричнева;9.0000;972;1;2026-06-30 23:00:18;2026-07-01 10:43:46
885;8852;8852;СОЛОД ШАТО ОУТ® (ВІВСЯНИЙ);103.0000;0;1;2026-06-30 23:00:18;2026-07-01 10:43:46
886;886;886;Ортофосфорна кислота, 24кг;2500.0000;0;1;2026-06-30 23:01:21;2026-07-01 10:43:46
1121;8862630;8862630;Газовий гриль BOSTON Black 3K Turbo;27537.0000;0;0;2026-05-05 10:26:48;2026-07-01 10:43:46
887;887;887;Пивні ріжджі LALBREW NEW ENGLAND™ – AMERICAN EAST COAST ALE YEAST, 0.5kg;1.0000;0;0;2026-06-30 23:01:21;2026-07-01 10:43:46
1465745613;888156488;888156488;Стійка для обігрівача UDEN-700, UDEN-500;568.0000;999;0;2026-05-05 10:29:42;2026-07-01 10:43:46
890;890;890;"Пивні дріжджі LALBREW CBC-1™ – CASK &amp; BOTTLE CONDITIONING YEAST, 500g";1.0000;0;0;2026-06-30 23:01:21;2026-07-01 10:43:46
891;891;891;Пивні ріжджі LALBREW WIT™ – BELGIAN WIT-STYLE ALE YEAST;1.0000;0;0;2026-06-30 23:01:21;2026-07-01 10:43:46
892;892;892;Пивні дріжджі LALBREW LONDON™ – ENGLISH-STYLE ALE YEAST;1.0000;0;0;2026-06-30 23:01:21;2026-07-01 10:43:46
893;893;893;Дріжджі LALBREW VOSS™ – KVEIK ALE YEAST;1.0000;0;0;2026-06-30 23:01:21;2026-07-01 10:43:46
894;894;894;Пивні дріжджі LALBREW K?LN™ – K?LSCH STYLE ALE YEAST;1.0000;0;0;2026-06-30 23:01:21;2026-07-01 10:43:46
895;895;895;Пивні дріжджі LALBREW VERDANT IPA™ – ALE YEAST;4996.0000;0;1;2026-06-30 23:01:21;2026-07-01 10:43:46
896;896;896;Пивні дріжджі WILDBREW PHILLY SOUR™;1.0000;0;0;2026-06-30 23:01:21;2026-07-01 10:43:46
897;897;897;Дріжджі винні Lalvin V1116, 25 гр.;109.0000;28;1;2026-06-30 23:01:21;2026-07-01 10:43:46
898;898;898;Дріжджі DISTILAMAX® MW Whiskey, 25гр;95.0000;0;1;2026-06-30 23:01:21;2026-07-01 10:43:46
900;900;900;ШАТО КАРА БЛОНД®;44.0000;0;1;2026-06-30 23:00:19;2026-07-01 10:43:46
1465746289;9012;9012;Менажниця COCA-COLA D25XH7CM, 1,7 л;430.0000;999;1;2026-07-01 10:11:40;2026-07-01 10:43:46
1465746288;9013;9013;Менажниця COCA-COLA D14XH5CM, 350 мл;280.0000;999;1;2026-07-01 10:11:18;2026-07-01 10:43:46
905;9057;9057;Лопатка пивовара 70см нержавіюча сталь;200.0000;0;1;2026-06-30 23:01:22;2026-07-01 10:43:46
1395;90884;90884;Картонний бокс/ящик для ПЕТ Кега 30л;102.0000;999;1;2026-06-30 23:00:26;2026-07-01 10:43:46
909;909;909;Кришка ПЕТ пляшки 28мм, чорна;1.0000;117;1;2026-06-30 23:00:19;2026-07-01 10:43:46
910;910;910;Пивні дріжджі SafAle S-33, 500 гр.;1.0000;0;0;2026-06-30 23:01:22;2026-07-01 10:43:46
916;916;916;Пивні дріжджі пшеничні LalBrew Essential Wheat Beer, 1kg;1.0000;0;0;2026-06-30 23:01:22;2026-07-01 10:43:46
919;919;919;Хміль Spalter Select (Селект) α-3.0..6.5 %, 50гр;80.0000;0;1;2026-06-30 23:01:22;2026-07-01 10:43:46
921;921;921;Відро 20 л з кришкою;169.0000;981;1;2026-06-30 23:00:19;2026-07-01 10:43:46
1760;9247;9247;Композитний газовий балон 24,5л. Чехія, під український редуктор HPCR.;6790.0000;999;0;2026-05-11 11:46:11;2026-07-01 10:43:46
924;9248;9248;Композитний газовий балон 24,5л Чехія, під Євроредуктор HPCR;6790.0000;999;0;2026-05-11 11:46:04;2026-07-01 10:43:46
926;926;926;Солод Pilsen Michalovce (Словакия);70.7000;99;1;2026-06-30 23:01:52;2026-07-01 10:43:46
1465745971;92821820;92821820;Трійник мідний під приварку для дистиляційного обладнання;1089.0000;999;1;2026-06-30 23:06:38;2026-07-01 10:43:46
931;931;931;Лужний миючий засіб Ekfil CIP 1 кг;220.0000;11;1;2026-06-30 23:01:22;2026-07-01 10:43:46
1465745314;931654418;931654418;"Металокерамічний дизайн-обігрівач UDEN-700 &quot;Легкість&quot;";6429.0000;999;0;2026-05-05 10:34:03;2026-07-01 10:43:46
1465745354;931660163;931660163;"Металокерамічний дизайн-обігрівач UDEN-700 &quot;Танок&quot;";6429.0000;999;0;2026-05-05 10:34:03;2026-07-01 10:43:46
1465745329;931664757;931664757;"Металокерамічний дизайн-обігрівач UDEN-700 &quot;Мрія&quot;";6429.0000;999;0;2026-05-05 10:34:03;2026-07-01 10:43:46
1465745295;931669396;931669396;"Металокерамічний дизайн-обігрівач UDEN-700 &quot;Диско&quot;";6015.0000;999;0;2026-05-05 10:34:03;2026-07-01 10:43:46
1465745298;931675172;931675172;"Металокерамічний дизайн-обігрівач UDEN-700 &quot;Електро&quot;";6015.0000;999;0;2026-05-05 10:34:03;2026-07-01 10:43:46
1465745360;931675180;931675180;"Металокерамічний дизайн-обігрівач UDEN-700 &quot;Фанк&quot;";6015.0000;999;0;2026-05-05 10:34:03;2026-07-01 10:43:46
1465745302;931680807;931680807;"Металокерамічний дизайн-обігрівач UDEN-700 &quot;Журавліні квіти&quot;";6015.0000;999;0;2026-05-05 10:34:03;2026-07-01 10:43:46
1465745280;931684586;931684586;"Металокерамічний дизайн-обігрівач UDEN-700 &quot;Барабулька&quot;";6429.0000;999;0;2026-05-05 10:34:03;2026-07-01 10:43:46
1465745319;931688733;931688733;"Металокерамічний дизайн-обігрівач UDEN-700 &quot;Луфар&quot;";6429.0000;999;0;2026-05-05 10:34:03;2026-07-01 10:43:46
1465745301;931694886;931694886;"Металокерамічний дизайн-обігрівач UDEN-700 &quot;Журавель&quot;";5600.0000;999;0;2026-05-05 10:34:03;2026-07-01 10:43:46
1465745965;93172184;93172184;"Діоптр гайковий 3&quot; з підсвіткою, AISI 304";2145.0000;999;1;2026-06-30 23:06:39;2026-07-01 10:43:46
1465745299;932251812;932251812;"Металокерамічний дизайн-обігрівач UDEN-700 &quot;Єлисейські поля&quot;";6015.0000;999;0;2026-05-05 10:34:03;2026-07-01 10:43:46
1465745297;932254938;932254938;"Металокерамічний дизайн-обігрівач UDEN-700 &quot;Ейфелева вежа&quot;";6015.0000;999;0;2026-05-05 10:34:03;2026-07-01 10:43:46
1465745307;932256086;932256086;"Металокерамічний дизайн-обігрівач UDEN-700 &quot;Ізабелла&quot;";6015.0000;999;0;2026-05-05 10:34:03;2026-07-01 10:43:46
1465745317;932257267;932257267;"Металокерамічний дизайн-обігрівач UDEN-700 &quot;Лотос&quot;";6429.0000;999;0;2026-05-05 10:34:03;2026-07-01 10:43:46
1465745366;932257691;932257691;"Металокерамічний дизайн-обігрівач UDEN-700 &quot;Хащі&quot;";7052.0000;999;0;2026-05-05 10:34:03;2026-07-01 10:43:46
1465745364;932258411;932258411;"Металокерамічний дизайн-обігрівач UDEN-700 &quot;Флористика&quot;";6429.0000;999;0;2026-05-05 10:34:03;2026-07-01 10:43:46
1465745242;932259736;932259736;"Металокерамічний дизайн-обігрівач UDEN-500К &quot;Квітка&quot;";6104.0000;999;0;2026-05-05 10:34:03;2026-07-01 10:43:46
1106;937622K;937622K;Вуличний газовий обігрівач 8 кВт ELEGANCE;10165.0000;999;0;2026-05-05 10:34:03;2026-07-01 10:43:46
943;943;943;Рідкі дріжджі WLP300 Hefeweizen Ale - White Labs - Nano WLP300 Hefeweizen Ale - White Labs - PurePitch™;1.0000;0;0;2026-06-30 23:01:22;2026-07-01 10:43:46
944;944;944;Рідкі дріжджі WLP300 Hefeweizen Ale - White Labs - Nano;1.0000;0;0;2026-06-30 23:01:22;2026-07-01 10:43:46
1465745974;95825563;95825563;1,5 дюйма Клапан безпеки;1250.0000;5;1;2026-06-30 23:01:39;2026-07-01 10:43:46
1806;9666;9666;Композитний газовий балон 18,2л HPC Research;6390.0000;999;0;2026-05-11 11:45:58;2026-07-01 10:43:46
1807;9667;9667;Композитний газовий балон HPC Research 12,7л;6190.0000;999;0;2026-05-11 11:46:26;2026-07-01 10:43:46
1817;9670;9670;Композитний газовий балон 26,2л HPC Research;6990.0000;999;0;2026-05-11 11:46:19;2026-07-01 10:43:46
1207;9710;9710;Електричний гриль Enders eFlow Pro;33125.0000;0;0;2026-05-05 10:26:48;2026-07-01 10:43:46
1465746327;9712;9712;eFLOW Pro 2 Turbo Shadow;34300.0000;999;0;2026-05-05 10:26:48;2026-07-01 10:43:46
243;9729;9729;Пивні дріжджі Данстар Віндзор (Danstar Windsor), 11 гр;1.0000;0;0;2026-06-30 23:01:11;2026-07-01 10:43:46
268;9731;9731;Пивні дріжджі Danstar Windsor (Данстар Віндзор), 500 гр;1.0000;0;0;2026-06-30 23:01:11;2026-07-01 10:43:46
270;9732;9732;Пивні дріжджі Nottingham Ale (Ноттингем), 500 гр.;3800.0000;0;1;2026-06-30 23:01:11;2026-07-01 10:43:46
986;986;986;"Набір для пива &quot;Бердичівське&quot; на 20л";743.0000;994;1;2026-06-30 23:00:20;2026-07-01 10:43:46
987;987;987;"Набір для пива &quot;Українське традиційне&quot; на 20л";650.0000;994;1;2026-06-30 23:00:20;2026-07-01 10:43:46
1465745845;98727462;98727462;Міжрівнева прокладка під скло діаметром 110мм;250.0000;5;1;2026-06-30 23:01:37;2026-07-01 10:43:46
1465745844;98727462-1;98727462-1;Міжрівнева прокладка під скло діаметром 80мм;220.0000;999;1;2026-06-30 23:05:31;2026-07-01 10:43:46
988;988;988;"Набір для пива &quot;Віденське&quot; на 20л";750.0000;991;1;2026-06-30 23:00:20;2026-07-01 10:43:46
990;990;990;Набір для пива Brown Ale на 20 л;690.0000;998;1;2026-06-30 23:00:20;2026-07-01 10:43:46
991;991;991;Набір для пива IPA (indian pale ale) на 20 л;790.0000;995;1;2026-06-30 23:00:20;2026-07-01 10:43:46
995;995;995;Декстроза 100гр;25.0000;10;1;2026-06-30 23:01:22;2026-07-01 10:43:46
1465745212;998619495;998619495;"Металококерамічний дизайн-обігрівач UDEN-500 &quot;Спокуса&quot;";5438.0000;0;0;2026-05-05 10:34:03;2026-07-01 10:43:46
1950;A 101KT 24;A 101KT 24;Мідна багатошарова сковорідка 24 см.;3560.0000;0;1;2026-06-30 23:00:45;2026-07-01 10:43:46
1951;A 101KT 26;A 101KT 26;Мідна багатошарова сковорідка 26 см.;4050.0000;0;1;2026-06-30 23:00:45;2026-07-01 10:43:46
1465745928;A 102YS 16;A 102YS 16;Мідна багатошарова сковорідка з боковими ручками 16 см.;2580.0000;0;1;2026-06-30 23:01:01;2026-07-01 10:43:46
1943;A-0011;A-0011;Аквадистилятор BSC-WD6;6300.0000;999;1;2026-06-30 23:00:44;2026-07-01 10:43:46
1944;A-007;A-007;Аквадистилятор BSC-WD7;5900.0000;0;1;2026-06-30 23:00:45;2026-07-01 10:43:46
1744;A00613200T;A00613200T;Термометр для м'яса GrandHall;440.0000;999;0;2026-05-05 10:27:59;2026-07-01 10:43:46
1763;A01615041E;A01615041E;Чавунні грати для електричного грилю E-Grill;1535.0000;999;0;2026-05-05 10:27:59;2026-07-01 10:43:46
1750;A05403001T;A05403001T;Кріплення для грилів балконне E-Grill/GP Grill;3750.0000;999;0;2026-05-05 10:27:59;2026-07-01 10:43:46
1465745882;A05403002T;A05403002T;Навісний складний стіл для GrandHall E-Grill;3750.0000;999;0;2026-05-05 10:27:59;2026-07-01 10:43:46
1762;A05701008H;A05701008H;Чавунний деко для електричного гриля GrandHall E-Grill;1270.0000;999;0;2026-05-05 10:27:59;2026-07-01 10:43:46
1752;A06601042G;A06601042G;Набір змінних щіток для очищення гриля;625.0000;999;0;2026-05-05 10:27:59;2026-07-01 10:43:46
1759;A06602037T;A06602037T;Набір для гриля, 3 предмети;1520.0000;999;0;2026-05-05 10:27:59;2026-07-01 10:43:46
1814;A06603008T;A06603008T;Т-подібна бамбукова щітка для гриля GrandHall;395.0000;0;0;2026-05-05 10:27:59;2026-07-01 10:43:46
1764;A06604050T;A06604050T;Набір для шашлику та люля-кебаб GrandHall;1790.0000;999;0;2026-05-05 10:27:59;2026-07-01 10:43:46
1754;A06612023T;A06612023T;Чистяще-мастильна абразивна мочалка;200.0000;0;0;2026-05-05 10:27:59;2026-07-01 10:43:46
1796;A06701006T;A06701006T;Контейнер для тріски смокер-бокс GrandHall;1055.0000;999;0;2026-05-05 10:27:59;2026-07-01 10:43:46
1772;A06702002T;A06702002T;Тріска GrandHall з ароматом віскі 1 кг;545.0000;0;0;2026-05-05 10:27:59;2026-07-01 10:43:46
1771;A06702003T;A06702003T;Тріска яблучна GrandHall 1 кг;545.0000;0;0;2026-05-05 10:27:59;2026-07-01 10:43:46
1767;A06703111T;A06703111T;Чаша для замочування тріски GrandHall;690.0000;999;0;2026-05-05 10:27:59;2026-07-01 10:43:46
1769;A06724001T;A06724001T;Пакет для копчення з ароматом гікорі GrandHall;195.0000;0;0;2026-05-05 10:27:59;2026-07-01 10:43:46
1768;A06724002T;A06724002T;Пакет для копчення з ароматом віскі GrandHall;195.0000;0;0;2026-05-05 10:27:59;2026-07-01 10:43:46
1770;A06724007T;A06724007T;Пакет для копчення з ароматом вільхи GrandHall;195.0000;0;0;2026-05-05 10:27:59;2026-07-01 10:43:46
1795;A06816001T;A06816001T;Складаний стартер для розпалювання вугілля GrandHall;1350.0000;999;0;2026-05-05 10:27:59;2026-07-01 10:43:46
1755;A07002048A;A07002048A;Захисний чохол для гриля Bel Air Titanium;1460.0000;0;0;2026-05-05 10:27:59;2026-07-01 10:43:46
1756;A07002050B;A07002050B;Захисний чохол для вугільного гриля Xenon;2135.0000;999;0;2026-05-05 10:27:59;2026-07-01 10:43:46
1749;A07005068T;A07005068T;Захисний чохол для Maxim GT4 та Elite GT4 SS built in;3195.0000;999;0;2026-05-05 10:27:59;2026-07-01 10:43:46
1797;A07005071T;A07005071T;Сумка-чохол для електричного грилю GrandHall E-Grill;1345.0000;999;0;2026-05-05 10:27:59;2026-07-01 10:43:46
1793;B02316320A;B02316320A;Тумба-підставка для GrandHal Premium GT;22049.0000;0;0;2026-05-05 10:26:48;2026-07-01 10:43:46
1974;B0502;B0502;Дубова бочка 5л М+;2200.0000;999;1;2026-06-30 23:08:08;2026-07-01 10:43:46
1975;B0505;B0505;Дубова бочка 5л М+ зі скляними денцями;2350.0000;0;1;2026-06-30 23:00:46;2026-07-01 10:43:46
1465746394;B0506;B0506;Бочка дубова 5 л зі скляними денцями і краном М+;3850.0000;999;1;2026-06-30 23:07:34;2026-07-01 10:43:46
1976;B0510;B0510;Дубова бочка 5л М+ декоративна;3200.0000;0;1;2026-06-30 23:00:46;2026-07-01 10:43:46
1977;B1001;B1001;Бочка дубова 10л тостована;2650.0000;999;1;2026-06-30 23:07:46;2026-07-01 10:43:46
1978;B1002;B1002;Бочка дубова 10л M+;2650.0000;999;1;2026-06-30 23:07:36;2026-07-01 10:43:46
1979;B1003;B1003;Бочка дубова 10л HH Шкіра Дракона;2800.0000;0;1;2026-06-30 23:07:44;2026-07-01 10:43:46
1980;B1005;B1005;Дубова бочка 10л М+ зі скляними денцями;3050.0000;0;1;2026-06-30 23:00:46;2026-07-01 10:43:46
1465746396;B1006;B1006;Бочка дубова 10 л зі скляними денцями і краном М+;4150.0000;999;1;2026-06-30 23:07:31;2026-07-01 10:43:46
1981;B1051;B1051;Дубова бочка 10л Paxarette з-під Хересу;3400.0000;999;1;2026-06-30 23:07:41;2026-07-01 10:43:46
1982;B1052;B1052;Дубова бочка 10л Paxarette з-під Портвейну;3600.0000;999;1;2026-06-30 23:07:39;2026-07-01 10:43:46
1465746390;B1053;B1053;Бочка дубова Hot Rod 10 л Paxarette з-під Мадери;3400.0000;999;1;2026-06-30 23:07:37;2026-07-01 10:43:46
1794;B17102650A;B17102650A;Тумба підставка під газові грилі GrandHall Maxim GT4, Elite GT5;25070.0000;0;0;2026-05-05 10:26:48;2026-07-01 10:43:46
1983;B2001;B2001;Бочка дубова 20л тостована;4250.0000;999;1;2026-06-30 23:07:59;2026-07-01 10:43:46
1984;B2002;B2002;Бочка дубова 20л M+;4250.0000;999;1;2026-06-30 23:07:48;2026-07-01 10:43:46
1985;B2003;B2003;Бочка дубова 20л HH Шкіра Дракона;4500.0000;999;1;2026-06-30 23:07:57;2026-07-01 10:43:46
1986;B2005;B2005;Дубова бочка 20л М+ зі скляними денцями;4050.0000;0;1;2026-06-30 23:00:46;2026-07-01 10:43:46
1465746395;B2006;B2006;Бочка дубова 20 л зі скляними денцями і краном М+;5150.0000;999;1;2026-06-30 23:07:33;2026-07-01 10:43:46
1987;B2051;B2051;Дубова бочка 20л Paxarette з-під Хересу;5100.0000;999;1;2026-06-30 23:07:53;2026-07-01 10:43:46
1988;B2052;B2052;Дубова бочка 20л Paxarette з-під Портвейну;5300.0000;999;1;2026-06-30 23:07:52;2026-07-01 10:43:46
1465746393;B2053;B2053;Бочка дубова Hot Rod 20 л Paxarette з-під Мадери;5100.0000;999;1;2026-06-30 23:07:50;2026-07-01 10:43:46
1989;B3002;B3002;Бочка дубова 30л M+;4900.0000;999;1;2026-06-30 23:08:01;2026-07-01 10:43:46
1990;B3003;B3003;Бочка дубова 30л HH Шкіра Дракона;5150.0000;999;1;2026-06-30 23:08:06;2026-07-01 10:43:46
1991;B3051;B3051;Дубова бочка 30л Paxarette з-під Хересу;5900.0000;0;1;2026-06-30 23:08:05;2026-07-01 10:43:46
1992;B3052;B3052;Дубова бочка 30л Paxarette з-під Портвейну;6300.0000;999;1;2026-06-30 23:08:04;2026-07-01 10:43:46
1465746392;B3053;B3053;Бочка дубова Hot Rod 30 л Paxarette з-під Мадери;5900.0000;999;1;2026-06-30 23:08:03;2026-07-01 10:43:46
1993;B5002;B5002;Бочка дубова 50л M+;5850.0000;999;1;2026-06-30 23:08:14;2026-07-01 10:43:46
1994;B5051;B5051;Дубова бочка 50л Paxarette з-під Хересу;7800.0000;0;1;2026-06-30 23:08:18;2026-07-01 10:43:46
1995;B5052;B5052;Дубова бочка 50л Paxarette з-під Портвейну;8150.0000;999;1;2026-06-30 23:08:17;2026-07-01 10:43:46
1465746391;B5053;B5053;Бочка дубова Hot Rod 50 л Paxarette з-під Мадери;7800.0000;999;1;2026-06-30 23:08:16;2026-07-01 10:43:46
1996;B8802;B8802;Бондарний віск герметик для ремонту бочок 60 г;195.0000;995;1;2026-06-30 23:00:46;2026-07-01 10:43:46
1465746366;beer0-40;beer0-40;Система циркуляції та охолодження для пивоварні 40л без насосу;8360.0000;999;1;2026-06-30 23:06:24;2026-07-01 10:43:46
1465746367;beer0-60;beer0-60;Система циркуляції та охолодження для пивоварні 60л без насосу;8360.0000;999;1;2026-06-30 23:06:25;2026-07-01 10:43:46
1465746368;beer1-40;beer1-40;Система циркуляції та охолодження для пивоварні 40л з насосом;10945.0000;999;1;2026-06-30 23:06:26;2026-07-01 10:43:46
1465746369;beer1-60;beer1-60;Система циркуляції та охолодження для пивоварні 60л з насосом;10945.0000;999;1;2026-06-30 23:06:26;2026-07-01 10:43:46
187;BO-055 Var 0003;BO-055 Var 0003;Ємність нержавіюча 220 л зі шкалою;12825.0000;999;1;2026-06-30 23:00:04;2026-07-01 10:43:46
1465745930;BT-125;BT-125;Мідний глечик з лудженням 1,9 л.;4140.0000;5;1;2026-06-30 23:01:03;2026-07-01 10:43:46
791;C-T3;C-T3;Турбо дріжджі Coobra Т3 Basic;88.0000;0;1;2026-06-30 23:01:17;2026-07-01 10:43:46
1858;C013600;C013600;Захисний чохол для Pyramide Cheops;2875.0000;999;0;2026-05-05 10:29:42;2026-07-01 10:43:46
331;C0423;C0423;Термометр цифровий;100.0000;1;1;2026-06-30 23:01:12;2026-07-01 10:43:46
1851;C1270;C1270;Чохол для газового балона 12,7 л;1400.0000;999;0;2026-05-05 10:31:30;2026-07-01 10:43:46
1852;C1820;C1820;Чохол для газового балона 18,2 л;1530.0000;999;0;2026-05-05 10:31:30;2026-07-01 10:43:46
1854;C2450;C2450;Чохол для газового балона 24,5 л;1590.0000;999;0;2026-05-05 10:31:30;2026-07-01 10:43:46
1853;C2620;C2620;Чохол для газового балона 26,2 л;1650.0000;999;0;2026-05-05 10:31:30;2026-07-01 10:43:46
1465745843;cap;cap;Міні диоптр капельник;649.0000;999;1;2026-06-30 23:05:31;2026-07-01 10:43:46
1465746553;copp-25;copp-25;Мідна вставка MagnumStill у перегінний куб 25 л;6589.0000;999;1;2026-06-30 23:06:53;2026-07-01 10:43:46
1465746554;copp-40;copp-40;Мідна вставка MagnumStill у перегінний куб 40 л;9889.0000;999;1;2026-06-30 23:06:54;2026-07-01 10:43:46
1465746555;copp-60;copp-60;Мідна вставка MagnumStill у перегінний куб 60 л;13189.0000;999;1;2026-06-30 23:06:54;2026-07-01 10:43:46
1364;COPS-00;COPS-00;Ректифікаційна колона 2 дюйми (мідь);10550.0000;999;1;2026-06-30 23:00:25;2026-07-01 10:43:46
1935;CP-0007;CP-0007;Царга мідна 3 дюйми;4392.0000;5;1;2026-06-30 23:01:35;2026-07-01 10:43:46
1936;CP-0008;CP-0008;Царга мідна 4 дюйми;5129.0000;5;1;2026-06-30 23:01:35;2026-07-01 10:43:46
1937;CP-0009;CP-0009;Царга мідна 5 дюймів;6235.0000;5;1;2026-06-30 23:01:35;2026-07-01 10:43:46
1938;CP-0016;CP-0016;Царга мідна 6 дюймів;7140.0000;5;1;2026-06-30 23:01:35;2026-07-01 10:43:46
1939;CP-0017;CP-0017;Царга мідна 8 дюймів;8783.0000;5;1;2026-06-30 23:01:35;2026-07-01 10:43:46
572;CP-0202;CP-0202;Дистилятор для гідролатів 2,4л 2 дюйма;12035.0000;999;1;2026-06-30 23:00:13;2026-07-01 10:43:46
1902;CP-0203;CP-0203;Апарат для виготовлення ефірних олій 2л 3 дюйма Базовий;17165.0000;999;1;2026-06-30 23:00:43;2026-07-01 10:43:46
1906;CP-0204;CP-0204;Апарат для виготовлення ефірних олій 2л 4 дюйма Преміум;18840.0000;999;1;2026-06-30 23:00:43;2026-07-01 10:43:46
1278;CP-0304;CP-0304;Апарат для виготовлення ефірних олій 5л 4 дюйма Базовий;22326.0000;999;1;2026-06-30 23:00:23;2026-07-01 10:43:46
1920;CP-0402;CP-0402;Мідний самогонний апарат 4л 2 дюйма;15991.0000;999;1;2026-06-30 23:00:44;2026-07-01 10:43:46
574;CP-0503;CP-0503;Дистилятор для гідролатів 5л 3 дюйма;9752.0000;0;1;2026-06-30 23:00:13;2026-07-01 10:43:46
585;CP-0504;CP-0504;"Самогонний апарат Фенікс 5л колона 4&quot;";9000.0000;0;0;2026-06-30 23:00:13;2026-07-01 10:43:46
635;CP-0805;CP-0805;Апарат для виготовлення ефірних олій 8л 5 дюймів Преміум;30204.0000;999;1;2026-06-30 23:00:13;2026-07-01 10:43:46
1279;CP-1204;CP-1204;Апарат для виготовлення ефірних олій 12л 4 дюйма Преміум;24707.0000;999;1;2026-06-30 23:00:23;2026-07-01 10:43:46
1915;CP-1299;CP-1299;Мідний самогонний апарат 12л 4 дюйма;22259.0000;999;1;2026-06-30 23:00:44;2026-07-01 10:43:46
1898;CP-1406;CP-1406;Апарат для виготовлення ефірних олій 14л 6 дюйма Преміум;38149.0000;999;1;2026-06-30 23:00:43;2026-07-01 10:43:46
1899;CP-1505;CP-1505;Апарат для виготовлення ефірних олій 15л 5 дюймів Преміум;33858.0000;999;1;2026-06-30 23:00:43;2026-07-01 10:43:46
1916;CP-1899;CP-1899;Мідний самогонний апарат 18л 4 дюйма;24807.0000;999;1;2026-06-30 23:00:44;2026-07-01 10:43:46
1465745925;CP-2006-e22;CP-2006-e22;Електричний дистилятор для ефірної олії 20 л, колона 8,5 л (220 V);41045.0000;999;1;2025-09-17 23:05:12;2026-07-01 10:43:46
1900;CP-2006-ne;CP-2006-ne;Апарат для виготовлення ефірних олій 20л 6 дюймів Преміум;41334.0000;999;1;2026-06-30 23:00:43;2026-07-01 10:43:46
1901;CP-2008;CP-2008;Апарат для виготовлення ефірних олій 25л 8 дюймів Преміум;47201.0000;999;1;2026-06-30 23:00:43;2026-07-01 10:43:46
1465745926;CP-2008-е22;CP-2008-е22;Електричний дистилятор для ефірної олії 25 л, колона 18 л (220 V);46315.0000;999;1;2025-09-17 23:05:18;2026-07-01 10:43:46
912;CP-2499;CP-2499;Мідний самогонний апарат 24л 4 дюйма;26651.0000;999;1;2026-06-30 23:00:19;2026-07-01 10:43:46
1918;CP-4099;CP-4099;Мідний самогонний апарат 42л 6 дюйма;44351.0000;0;1;2026-06-30 23:00:44;2026-07-01 10:43:46
1940;CP-4099e;CP-4099e;Самогонний апарат з дефлегматором та теном 42 л;52464.0000;0;1;2026-06-30 23:00:44;2026-07-01 10:43:46
1919;CP-4099e-1;CP-4099e-1;Мідний самогонний апарат 42л 6 дюйма з теном;49044.0000;0;1;2026-06-30 23:00:44;2026-07-01 10:43:46
1932;CP-6240;CP-6240;Папуга для самогону підвісний;2835.0000;5;1;2026-06-30 23:01:35;2026-07-01 10:43:46
1931;CP-7240;CP-7240;Папуга для самогону малий;3000.0000;5;1;2026-06-30 23:01:35;2026-07-01 10:43:46
1930;CP-7285;CP-7285;Папуга для самогону великий;3300.0000;1;1;2026-06-30 23:01:35;2026-07-01 10:43:46
1465746330;CP8642;CP8642;Чохол для газового балону 26,2л з відсікачем;1810.0000;999;0;2026-05-05 10:31:30;2026-07-01 10:43:46
1465746416;CPD-0016T;CPD-0016T;Сковорода з боковими фігурними ручками 16 см.;3470.0000;3;1;2026-06-30 23:01:03;2026-07-01 10:43:46
1465746417;CPD-0022T;CPD-0022T;Сковорода з боковими фігурними ручками 22 см.;3120.0000;3;1;2026-06-30 23:01:04;2026-07-01 10:43:46
1465746418;CPD-0026T;CPD-0026T;Сковорода з боковими фігурними ручками 26 см.;3640.0000;2;1;2026-06-30 23:01:04;2026-07-01 10:43:46
1384;CS-3D3;CS-3D3;Ковпачкова колона 3 дюйма 3 рівні;16400.0000;999;1;2026-06-30 23:00:26;2026-07-01 10:43:46
1463;CS-3D4;CS-3D4;Ковпачкова колона 3 дюйма 4 рівні;17800.0000;999;1;2026-06-30 23:00:28;2026-07-01 10:43:46
1464;CS-3D5;CS-3D5;Ковпачкова колона 3 дюйма 5 рівнів;19200.0000;999;1;2026-06-30 23:00:28;2026-07-01 10:43:46
1338;CS000001;CS000001;Домашня сироварня на 100л.;67864.0000;999;1;2026-06-30 23:02:09;2026-07-01 10:43:46
1340;CS000002;CS000002;Домашня сироварня на 60 л з візком;68745.0000;999;1;2026-06-30 23:02:08;2026-07-01 10:43:46
1343;CS000003;CS000003;Домашня сироварня 60 л без візка;53448.0000;999;1;2026-06-30 23:01:55;2026-07-01 10:43:46
1345;CS000004;CS000004;Домашня сироварня 50 л;47324.0000;999;1;2026-06-30 23:02:06;2026-07-01 10:43:46
1346;CS000005;CS000005;Домашня сироварня 40 л;41320.0000;999;1;2026-06-30 23:02:04;2026-07-01 10:43:46
1347;CS000006;CS000006;Домашня сироварня 30 л;39100.0000;999;1;2026-06-30 23:02:02;2026-07-01 10:43:46
1348;CS000007;CS000007;Домашня сироварня 20 л зі зливом сироватки;36800.0000;999;1;2026-06-30 23:02:01;2026-07-01 10:43:46
1349;CS000008;CS000008;Домашня сироварня 20 л без зливу сироватки;26758.0000;999;1;2026-06-30 23:01:59;2026-07-01 10:43:46
1350;CS000009;CS000009;Домашня сироварня 10 л;26860.0000;999;1;2026-06-30 23:01:58;2026-07-01 10:43:46
1355;CS000010;CS000010;Кронштейн для контроллера сироварні;1500.0000;999;1;2026-06-30 23:00:25;2026-07-01 10:43:46
1356;CS000015;CS000015;Стіл-візок для сироварні;4450.0000;999;1;2026-06-30 23:00:25;2026-07-01 10:43:46
1352;CS000016;CS000016;Прес для сиру електромеханічний;15700.0000;999;1;2026-06-30 23:00:25;2026-07-01 10:43:46
1357;CS000017;CS000017;Кран зливу Молочний кран, для сироварні.;2800.0000;999;1;2026-06-30 23:00:25;2026-07-01 10:43:46
1351;CS000018;CS000018;Прес для сиру ручний;7200.0000;999;1;2026-06-30 23:00:25;2026-07-01 10:43:46
1358;CS000019;CS000019;Контроллер температури;3100.0000;999;1;2026-06-30 23:00:25;2026-07-01 10:43:46
1353;CS000020;CS000020;Фальшдно для сироварні 30 л;3100.0000;999;1;2026-06-30 23:00:25;2026-07-01 10:43:46
1354;CS000021;CS000021;Фальшдно для сироварні 40 л;3600.0000;999;1;2026-06-30 23:00:25;2026-07-01 10:43:46
1359;CS000030;CS000030;Сирна Книжка Універсальна;3000.0000;999;1;2026-06-30 23:00:25;2026-07-01 10:43:46
1329;CS000038;CS000038;Автоматика для самогонного апарату Pervak з Wi-Fi;13950.0000;999;1;2026-06-30 23:02:58;2026-07-01 10:43:46
1332;CS000039;CS000039;Автоматика  PERVAK LITE 1.01 СТАРТ-СТОП;4840.0000;999;1;2026-06-30 23:02:54;2026-07-01 10:43:46
1330;CS000040;CS000040;Автоматика старт-стоп для дистиляції та ректифікації;3850.0000;0;1;2026-06-30 23:02:11;2026-07-01 10:43:46
1333;CS000041;CS000041;Регулятор потужності Версия 1.0;3520.0000;999;1;2026-06-30 23:02:47;2026-07-01 10:43:46
1334;CS000042;CS000042;Автоматика для дистиляції, ректифікації та затирання Pervak;15125.0000;999;1;2026-06-30 23:02:29;2026-07-01 10:43:46
1335;CS000043;CS000043;Регулятор потужності трифазний 12 кВт;6560.0000;999;1;2026-06-30 23:02:43;2026-07-01 10:43:46
1336;CS000052;CS000052;Модуль Охолодження;855.0000;999;1;2026-06-30 23:02:42;2026-07-01 10:43:46
1328;CS000053;CS000053;Автоматика для самогонного апарату з барометром Pervak Wi-Fi;16400.0000;999;1;2026-06-30 23:02:56;2026-07-01 10:43:46
1465746035;CS000062;CS000062;Клапан для автоматики дистиляції та ректифікації Pervak;1155.0000;999;1;2026-06-30 23:02:31;2026-07-01 10:43:46
1465746039;CS000066;CS000066;Датчик температури для автоматики Pervak, Pervak Lite;440.0000;999;1;2026-06-30 23:02:37;2026-07-01 10:43:46
1465746037;CS000067;CS000067;Датчик для затирання автоматики Pervak, Pervak Lite. Датчик температури для сироварні;660.0000;999;1;2026-06-30 23:02:34;2026-07-01 10:43:46
2042;CS000068;CS000068;Регулятор потужності 3,5 кВт для самогонного апарату зі стабілізатором та терморегулятором РМ ​​2;3970.0000;999;1;2026-06-30 23:02:48;2026-07-01 10:43:46
1465746040;CS000071;CS000071;Стандартний клапан для автоматик Pervak та Pervak Lite;750.0000;999;1;2026-06-30 23:02:39;2026-07-01 10:43:46
1465746041;CS000078;CS000078;Автоматика Старт Стоп для дистиляції та ректифікації;2160.0000;0;1;2026-06-30 23:02:40;2026-07-01 10:43:46
1465746042;CS000079;CS000079;Трифазний Регулятор потужності РМ 4,5 12 кВт для самогонного апарату з терморегулятором і стабілізатором потужності;7950.0000;999;1;2026-06-30 23:02:45;2026-07-01 10:43:46
1465746453;CS000284;CS000284;Автоматика Старт Стоп для дистиляції та ректифікації Pervak 1.0;2960.0000;999;1;2026-06-30 23:02:59;2026-07-01 10:43:46
1465746024;CS00089;CS00089;Автоматика для дистиляції та ректифікації PERVAK LITE 2,5 СТАРТ-СТОП;5680.0000;999;1;2026-06-30 23:02:51;2026-07-01 10:43:46
1012;D0101;D0101;СПИРТОВІ ТУРБО ДРІЖДЖІ HOT ROD 48 НА 25 Л (146 Г);102.0000;20;1;2026-06-30 23:01:23;2026-07-01 10:43:46
1047;D0102;D0102;Спиртові турбо дріжджі Hot-Rod 24 Express на 25 Л;145.0000;21;1;2026-06-30 23:01:23;2026-07-01 10:43:46
1027;D0103;D0103;СПИРТОВІ ТУРБО ДРІЖДЖІ HOT ROD VODKA НА 25 Л;89.0000;20;1;2026-06-30 23:01:23;2026-07-01 10:43:46
1026;D0104;D0104;Спиртові турбо дріжджі HOT ROD MEGA PACK на 100 л;225.0000;20;1;2026-06-30 23:01:23;2026-07-01 10:43:46
1304;D0105;D0105;Турбо дріжджі Hot Rod 48 Carbon на 25 л;165.0000;20;1;2026-06-30 23:01:26;2026-07-01 10:43:46
1030;D0106;D0106;СПИРТОВІ ТУРБО-ДРІЖДЖІ ПЕРВАК НА 50 Л (174 Г);99.0000;0;1;2026-06-30 23:01:23;2026-07-01 10:43:46
1465746407;D0106-185;D0106-185;СПИРТОВІ ТУРБО-ДРІЖДЖІ ПЕРВАК 185 г;113.0000;8;1;2026-06-30 23:01:48;2026-07-01 10:43:46
1465746272;D0107;D0107;Турбо-дріжджі Первак на 25 л (125 г);85.0000;20;1;2026-06-30 23:01:47;2026-07-01 10:43:46
1684;D0201;D0201;Дріжджі на 25 л 71 г Hot Rod Whiskey;129.0000;21;1;2026-06-30 23:01:33;2026-07-01 10:43:46
1679;D0210;D0210;Дріжджі 1 кг Hot Rod Whiskey Single Strain;1150.0000;1;1;2026-06-30 23:01:33;2026-07-01 10:43:46
1680;D0211;D0211;Дріжджі на 25 л 23 г Hot Rod Whiskey Single Strain;115.0000;20;1;2026-06-30 23:01:33;2026-07-01 10:43:46
1302;D0301;D0301;Винні дріжджі Hot Rod Aromatic Wine Complex на 25л;69.0000;21;1;2026-06-30 23:01:26;2026-07-01 10:43:46
1303;D0302;D0302;Спиртові турбо дріжджі Hot Rod Fruit на 25л для фруктових браг;99.0000;21;1;2026-06-30 23:01:26;2026-07-01 10:43:46
1682;D0303;D0303;Спиртові дріжджі для фруктових браг на 25 л 69 г Hot Rod Jam;86.0000;20;1;2026-06-30 23:01:33;2026-07-01 10:43:46
1040;D0304;D0304;Винні дріжджі Hot-Rod Bayanus (10 Г);49.0000;25;1;2026-06-30 23:01:23;2026-07-01 10:43:46
1042;D0305;D0305;Винні дріжджі Hot-Rod Cider (10 Г);49.0000;23;1;2026-06-30 23:01:23;2026-07-01 10:43:46
1043;D0307;D0307;Винні дріжджі Hot-Rod Restart (21 г);69.0000;22;1;2026-06-30 23:01:23;2026-07-01 10:43:46
1676;D0314;D0314;Винні дріжджі 500 г Hot Rod Bayanus MegaPack;549.0000;0;1;2026-06-30 23:01:33;2026-07-01 10:43:46
1044;D0401;D0401;Винні дріжджі Hot Rod Mjod (мед), 10 г;59.0000;21;1;2026-06-30 23:01:23;2026-07-01 10:43:46
1683;D0501;D0501;Дріжджі для рому на 25 л 71 г Hot Rod Rum;119.0000;20;1;2026-06-30 23:01:33;2026-07-01 10:43:46
656;D0601;D0601;Дріжджі Кодзі Ангел;450.0000;0;1;2026-06-30 23:01:15;2026-07-01 10:43:46
1465745868;D0605;D0605;Дріжджі кодзі ECO-Koji;210.0000;20;1;2026-06-30 23:01:36;2026-07-01 10:43:46
1224;D1001;D1001;Турбо-дріжджі Hot Rod Turbo Yeast (1кг);549.0000;20;1;2026-06-30 23:01:25;2026-07-01 10:43:46
1223;D1002;D1002;Турбо-дріжджі Hot Rod Turbo Yeast Fruit (1кг);995.0000;0;1;2026-06-30 23:01:25;2026-07-01 10:43:46
1674;D2001;D2001;Альфа амілаза 100г Hot Rod a-amylase;79.0000;0;1;2026-06-30 23:01:33;2026-07-01 10:43:46
1675;D2002;D2002;Альфа амілаза 5г Hot Rod a-amylase;49.0000;3;1;2026-06-30 23:01:33;2026-07-01 10:43:46
1618;D2005;D2005;Альфа амілаза фермент Thermo Alpha на 100 кг зерна 10 мл;63.0000;0;1;2026-06-30 23:01:31;2026-07-01 10:43:46
1677;D2011;D2011;Глюкоамілаза  100г Hot Rod Amyloglucosidase;225.0000;1;1;2026-06-30 23:01:33;2026-07-01 10:43:46
1678;D2012;D2012;Глюкоамілаза 5 г на 25 л сусла Hot Rod Glucoamylase ;49.0000;1;1;2026-06-30 23:01:33;2026-07-01 10:43:46
1508;D2015;D2015;Фермент глюкоамилаза GlucoPRO на 100 кг зерна 10 мл;59.0000;0;1;2026-06-30 23:01:27;2026-07-01 10:43:46
1686;D2020;D2020;Фермент для зернових браг 50 мл Hot Rod NSP Master ;146.0000;0;1;2026-06-30 23:01:33;2026-07-01 10:43:46
1465746384;D2025;D2025;Пектиназа Hot Rod Pectinase 10 г на 25 л;49.0000;0;1;2026-06-30 23:01:48;2026-07-01 10:43:46
1673;D2031;D2031;Дезінфектант для обладнання 20г Hot Rod Sanitizer ;34.0000;0;1;2026-06-30 23:01:32;2026-07-01 10:43:46
1301;D2041;D2041;Регулятор кислотности сусла Hot Rod pH Booster;79.0000;2;1;2026-06-30 23:01:26;2026-07-01 10:43:46
1685;D2051;D2051;Підживлення для дріжджів універсальне 100г Hot Rod Yeast Nutrient;83.0000;0;1;2026-06-30 23:01:33;2026-07-01 10:43:46
1681;D2061;D2061;Піногасник харчовий 100мл Hot Rod AntiFoam;195.0000;21;1;2026-06-30 23:01:33;2026-07-01 10:43:46
1520;Def-3D;Def-3D;Дефлегматор Дімрота в діоптрі 3 дюйма;4345.0000;999;1;2026-06-30 23:04:16;2026-07-01 10:43:46
350;DN1.5;DN1.5;Хомут накидний КЛАМП 1,5'';107.0000;3;1;2026-06-30 23:01:13;2026-07-01 10:43:46
349;DN2;DN2;"Хомут накидний КЛАМП 2&quot;";140.0000;5;1;2026-06-30 23:01:13;2026-07-01 10:43:46
351;DN3;DN3;"Хомут накидний КЛАМП 3&quot;";200.0000;5;1;2026-06-30 23:01:13;2026-07-01 10:43:46
1321;DN4;DN4;"Хомут накидний КЛАМП 4&quot;";220.0000;1;1;2026-06-30 23:01:27;2026-07-01 10:43:46
1465746038;DP00020;DP00020;Комплект для оновлення прошивки Автоматики Pervak 3-ї та 4-ї серії;220.0000;999;1;2026-06-30 23:02:36;2026-07-01 10:43:46
1465746036;DP00021;DP00021;Пристрій контролю води на виході з дефлегматора;570.0000;999;1;2026-06-30 23:02:32;2026-07-01 10:43:46
1465746043;DP00022;DP00022;Регулятор потужності РМ 2,5 для самогонного апарату з терморегулятором та стабілізатором потужності;4975.0000;999;1;2026-06-30 23:02:50;2026-07-01 10:43:46
1465746034;DP00025;DP00025;Утримувач пристроїв на ректифікаційну та бражну колону 1,5 дюйми;250.0000;999;1;2026-06-30 23:02:27;2026-07-01 10:43:46
1465746033;DP00026;DP00026;Утримувач пристроїв на ректифікаційну та бражну колону 2 дюйми;280.0000;999;1;2026-06-30 23:02:26;2026-07-01 10:43:46
1465746032;DP00027;DP00027;Утримувач пристроїв на ректифікаційну та бражну колону 3 дюйми;310.0000;999;1;2026-06-30 23:02:24;2026-07-01 10:43:46
573;E-0414;E-0414;Аламбік класичний 5 л;10230.0000;0;1;2026-06-30 23:00:13;2026-07-01 10:43:46
1965;E-3705;E-3705;Мідний таз з електромішалкою діаметром 24 см.;3600.0000;0;1;2026-06-30 23:00:45;2026-07-01 10:43:46
1465745924;E-3712;E-3712;Мідний таз з електромішалкою діаметром 26 см.;5500.0000;0;1;2025-07-21 23:07:00;2026-07-01 10:43:46
1966;E-3729;E-3729;Мідний таз з електромішалкою діаметром 28 см.;4800.0000;0;1;2026-06-30 23:00:45;2026-07-01 10:43:46
1465745927;E-4436;E-4436;Ковшик та шумівка 28 см. з дерев’яними ручками (набір);1650.0000;0;1;2025-09-17 23:05:55;2026-07-01 10:43:46
1958;E-4740;E-4740;Мідна чашка 0,5 л.;1743.0000;0;1;2026-06-30 23:00:45;2026-07-01 10:43:46
1959;E-4740-1;E-4740-1;Мідна чашка 0,5 л. – звичайна ручка;1743.0000;4;1;2026-06-30 23:00:45;2026-07-01 10:43:46
1465745929;E-4771;E-4771;Мідна луджена каструля з кришкою 1,5 л.;6150.0000;0;1;2025-07-22 10:34:55;2026-07-01 10:43:46
1955;E-4887;E-4887;Мідна сковорідка з латунною ручкою 24 см.;4850.0000;0;1;2026-06-30 23:00:45;2026-07-01 10:43:46
1954;E-4894;E-4894;Мідна сковорідка з латунною ручкою 20 см.;3620.0000;0;1;2026-06-30 23:00:45;2026-07-01 10:43:46
1465745933;E-9066;E-9066;Мідний казанок на 60 л.;35000.0000;0;1;2026-06-30 23:01:01;2026-07-01 10:43:46
1465746419;E-9196;E-9196;Мідний казанок луджений на 30 л.;18148.0000;1;1;2026-06-30 23:01:04;2026-07-01 10:43:46
1465745931;E-9332;E-9332;Мідний казанок луджений на 10 л.;12792.0000;1;1;2026-06-30 23:01:04;2026-07-01 10:43:46
1465745932;E-9349;E-9349;Мідний казанок луджений на 20 л.;17000.0000;1;1;2026-06-30 23:01:04;2026-07-01 10:43:46
1465745935;E-9516;E-9516;Соусниця чи таз для варення 16 см., об’єм 1,2 л.;2400.0000;0;1;2025-07-21 23:09:34;2026-07-01 10:43:46
1827;ET07M0 L0000;ET07M0 L0000;Газовий обігрівач 7,3 кВт Italkero ETNA;37700.0000;999;0;2026-05-05 10:34:03;2026-07-01 10:43:46
1712;F0101;F0101;Фільтр для очистки дистилятів циркуляційний;2325.0000;0;1;2026-06-30 23:01:34;2026-07-01 10:43:46
1465746389;F0111;F0111;Вугільна колона скляна 500 мм, d 40 мм;230.0000;0;1;2026-06-30 23:01:48;2026-07-01 10:43:46
1714;F0113;F0113;Вугільна колона 335мм, d 40 мм скляна;205.0000;0;1;2026-06-30 23:01:34;2026-07-01 10:43:46
1017;F0201;F0201;СУМІШ ДЛЯ ОЧИСТКИ ЦУКРОВИХ ДИСТИЛЯТІВ (150 Г);63.0000;0;1;2026-06-30 23:01:23;2026-07-01 10:43:46
1015;F0202;F0202;СУМІШ ДЛЯ ОЧИСТКИ ФРУКТОВИХ ДИСТИЛЯТІВ (150 Г);90.0000;0;1;2026-06-30 23:01:23;2026-07-01 10:43:46
1016;F0203;F0203;СУМІШ ДЛЯ ОЧИСТКИ ЗЕРНОВИХ ДИСТИЛЯТІВ (150 Г);75.0000;0;1;2026-06-30 23:01:23;2026-07-01 10:43:46
1028;F0211;F0211;СУМІШ ДЛЯ ОЧИСТКИ ЦУКРОВИХ ДИСТИЛЯТІВ (1 КГ);339.0000;0;1;2026-06-30 23:01:23;2026-07-01 10:43:46
1029;F0212;F0212;СУМІШ ДЛЯ ОЧИСТКИ ФРУКТОВИХ ДИСТИЛЯТІВ (1 КГ);379.0000;0;1;2026-06-30 23:01:23;2026-07-01 10:43:46
1061;F0213;F0213;Суміш для очистки зернових дистилятів (1 КГ);359.0000;0;1;2026-06-30 23:01:24;2026-07-01 10:43:46
1713;F0221;F0221;Активоване кокосове вугілля 0,5 кг 207C;105.0000;0;1;2026-06-30 23:01:34;2026-07-01 10:43:46
1997;F0222;F0222;Кокосове активоване вугілля 207C 1 кг;195.0000;0;1;2026-06-30 23:01:35;2026-07-01 10:43:46
1258;F0251;F0251;Освітлювач для браги та вина Alcotec Turbo Klar (65 г);83.0000;0;1;2026-06-30 23:01:25;2026-07-01 10:43:46
1137;F1;F1;Фірмовий фартух Enders;1240.0000;999;0;2026-05-05 10:27:59;2026-07-01 10:43:46
546;FD-035-S Var 0001;FD-035-S Var 0001;Ємність ферментаційна конічна 60 л;1.0000;999;0;2026-06-30 23:00:12;2026-07-01 10:43:46
482;FD-035-S Var 0002;FD-035-S Var 0002;Ємність для ферментації конічна 30 л;33750.0000;999;1;2026-06-30 23:00:11;2026-07-01 10:43:46
552;FD-044-S Var 0019;FD-044-S Var 0019;Ємність ферментаційна 60 л;1.0000;999;0;2026-06-30 23:00:12;2026-07-01 10:43:46
553;FD-044-S Var 0020;FD-044-S Var 0020;Ємність ферментаційна 120 л;1.0000;999;0;2026-06-30 23:00:12;2026-07-01 10:43:46
548;FD-055-S Var 0043;FD-055-S Var 0043;Ємність ферментаційна конічна 1.2B 240 л ZKG;1.0000;999;0;2026-06-30 23:00:12;2026-07-01 10:43:46
557;FD-055-S Var 0044;FD-055-S Var 0044;Ємність ферментаційна FD-1.2B 120 л;1.0000;999;0;2026-06-30 23:00:12;2026-07-01 10:43:46
558;FD-055-S Var 0045;FD-055-S Var 0045;Ємність ферментаційна FD-1.2B 240 л;1.0000;999;0;2026-06-30 23:00:12;2026-07-01 10:43:46
547;FD-055-S Var 0046;FD-055-S Var 0046;Ємність ферментаційна конічна 120 л;1.0000;998;0;2026-06-30 23:00:12;2026-07-01 10:43:46
554;FD-055-S Var 0047;FD-055-S Var 0047;Ємність ферментаційна 240 л;1.0000;999;0;2026-06-30 23:00:12;2026-07-01 10:43:46
561;FD-055-S Var 0080;FD-055-S Var 0080;Ємність ферментаційна 2.5B 120 л;1.0000;999;0;2026-06-30 23:00:12;2026-07-01 10:43:46
681;FD-055-S Var 0081;FD-055-S Var 0081;Ємність конічна ЦКТ 120л 2,5Бар;209700.0000;999;1;2026-06-30 23:00:14;2026-07-01 10:43:46
562;FD-055-S Var 0082;FD-055-S Var 0082;Ємність ферментаційна 2.5B 240 л;1.0000;999;0;2026-06-30 23:00:12;2026-07-01 10:43:46
550;FD-082-S Var 0063;FD-082-S Var 0063;Ємність ферментаційна конічна 1.2B 625 л ZKG;1.0000;999;0;2026-06-30 23:00:12;2026-07-01 10:43:46
559;FD-082-S Var 0064;FD-082-S Var 0064;Ємність ферментаційна FD-1.2B 625 л;1.0000;999;0;2026-06-30 23:00:12;2026-07-01 10:43:46
555;FD-082-S Var 0067;FD-082-S Var 0067;Ємність ферментаційна 525 л;1.0000;999;0;2026-06-30 23:00:12;2026-07-01 10:43:46
556;FD-082-S Var 0068;FD-082-S Var 0068;Ємність ферментаційна 625 л;1.0000;999;0;2026-06-30 23:00:12;2026-07-01 10:43:46
563;FD-082-S Var 0113;FD-082-S Var 0113;Ємність ферментаційна 2.5B 625 л;1.0000;999;0;2026-06-30 23:00:13;2026-07-01 10:43:46
564;FD-100-S Var 0002;FD-100-S Var 0002;Ємність ферментаційна 2.5B 1150 л;1.0000;999;0;2026-06-30 23:00:13;2026-07-01 10:43:46
551;FD-100-S Var 0003;FD-100-S Var 0003;Ємність ферментаційна конічна 1.2B 1200 л ZKG;1.0000;999;0;2026-06-30 23:00:12;2026-07-01 10:43:46
1747;FGH1111;FGH1111;Фірмовий фартух GrandHall;905.0000;999;0;2026-05-05 10:27:59;2026-07-01 10:43:46
1465746290;FKP1533000001010;FKP1533000001010;Набір для віскі з 7 предметів (графин та 6 склянок) FJORD;2700.0000;997;1;2026-07-01 10:12:03;2026-07-01 10:43:46
1826;FL10AE L0100;FL10AE L0100;Газовий обігрівач 10,4 кВт Italkero Falo Evo;62800.0000;999;0;2026-05-05 10:34:03;2026-07-01 10:43:46
1824;FL10AE L0300;FL10AE L0300;Газовий обігрівач 10,4 кВт Italkero Falo Evo Black;64950.0000;999;0;2026-05-05 10:34:03;2026-07-01 10:43:46
1825;FL10ME L0400;FL10ME L0400;Газовий обігрівач 10,4 кВт Italkero Falo Evo Rust;60800.0000;999;0;2026-05-05 10:34:03;2026-07-01 10:43:46
1465746015;flan-2;flan-2;Фланець кламповий приварний (короткий) 2 дюйма ;71.5000;999;1;2026-06-30 23:06:09;2026-07-01 10:43:46
1465746017;flan-3;flan-3;Фланець кламповий приварний (короткий) 3 дюйма;99.0000;999;1;2026-06-30 23:06:11;2026-07-01 10:43:46
1465746016;flan-4;flan-4;Фланець кламповий приварний (короткий) 4 дюйма ;126.5000;999;1;2026-06-30 23:06:10;2026-07-01 10:43:46
1733;G0101;G0101;Приправа для шашлику зі свинини, класичний маринад на 2кг Гарячий Папуга;110.0000;999;1;2026-06-30 23:05:24;2026-07-01 10:43:46
1734;G0102;G0102;Приправа для шашлику зі свинини, томатний маринад на 2кг Гарячий Папуга;88.0000;999;1;2026-06-30 23:05:24;2026-07-01 10:43:46
1735;G0201;G0201;Приправа для шашлику з телятини, класичний маринад на 2кг Гарячий Папуга;88.0000;999;1;2026-06-30 23:05:25;2026-07-01 10:43:46
1736;G0301;G0301;Приправа для шашлику з курки, апельсиновий маринад на 2кг Гарячий Папуга;121.0000;999;1;2026-06-30 23:05:26;2026-07-01 10:43:46
1737;G0401;G0401;Приправа для шашлику з індички, кефірний маринад на 2кг Гарячий Папуга;88.0000;999;1;2026-06-30 23:05:27;2026-07-01 10:43:46
1740;G0501;G0501;Приправа для шашлику з баранини гранатовий, маринад на 2кг Гарячий Папуга;110.0000;999;1;2026-06-30 23:05:29;2026-07-01 10:43:46
1741;G0601;G0601;Приправа для шашлику з кролика, винний маринад на 2кг Гарячий Папуга;110.0000;999;1;2026-06-30 23:05:30;2026-07-01 10:43:46
1739;G1001;G1001;Набір спецій для Плова Класичного 10л Гарячий Папуга;176.0000;999;1;2026-06-30 23:05:28;2026-07-01 10:43:46
1738;G2001;G2001;Приправа для шашлику з печериць, вершковий маринад на 1кг Гарячий Папуга;66.0000;999;1;2026-06-30 23:05:27;2026-07-01 10:43:46
1465746341;GH100;GH100;Підлоговий газовий обігрівач Heidenfeld Inferno GH100;9645.0000;999;0;2026-05-05 10:34:03;2026-07-01 10:43:46
1465746443;GH100K;GH100K;Набір для автономного обігріву: обігрівач Heidenfeld Inferno GH100 + балон HPCR 24,5 л;15600.0000;999;0;2026-05-05 10:31:30;2026-07-01 10:43:46
1465746442;GH100KP;GH100KP;Набір для автономного обігріву: Heidenfeld Inferno GH100 + композитний балон HPCR 24,5 л (з відсікачем);16940.0000;999;0;2026-05-05 10:31:30;2026-07-01 10:43:46
1465746340;GH110;GH110;Підлоговий газовий обігрівач Heidenfeld Blueflame GH110;8950.0000;0;0;2026-05-05 10:34:03;2026-07-01 10:43:46
2026;H-12-19;H-12-19;Насос 12V 22W папа;460.0000;0;1;2026-06-30 23:01:36;2026-07-01 10:43:46
1156;H01;H01;Набір для підключення до газового балона, редуктор 30 мбар та шланг 80 см;975.0000;999;0;2026-05-05 10:30:54;2026-07-01 10:43:46
1177;H02;H02;Набір для підключення до газового балона редуктор GOK 30мбар, тип з'єднання SHELL, штуцер-ялинка;990.0000;0;0;2026-05-05 10:30:54;2026-07-01 10:43:46
1805;H03;H03;Набір для підключення до газового балона, редуктор 30 мбар, шланг 150 см та штуцер.;1190.0000;0;0;2026-05-05 10:30:54;2026-07-01 10:43:46
1815;H04;H04;Набір для підключення до газового балона, редуктор 30 мбар та шланг 150 см;1135.0000;0;0;2026-05-05 10:30:54;2026-07-01 10:43:46
1174;H05;H05;Набір для підключення до балона редуктор GOK 30 мбар, тип з'єднання SHELL, штуцер-ялинка;1225.0000;999;0;2026-05-05 10:30:54;2026-07-01 10:43:46
1875;H0850150R;H0850150R;"Газовий шланг 150 см під різьблення 1/4&quot;, редуктор GOK 50 мбар (тип з'єднання SHELL) комплект";1210.0000;0;0;2026-05-05 10:30:54;2026-07-01 10:43:46
1878;H0850200R;H0850200R;"Газовий шланг 200 см під різьблення 1/4&quot;, редуктор GOK 50 мбар (тип з'єднання SHELL) new комплект";1310.0000;0;0;2026-05-05 10:30:54;2026-07-01 10:43:46
1873;H085080R;H085080R;"Газовий шланг 80 см під різьблення 1/4&quot;, редуктор GOK 50 мбар (тип з'єднання SHELL), комплект";1055.0000;0;0;2026-05-05 10:30:54;2026-07-01 10:43:46
1868;H0937200HS;H0937200HS;Набір для підключення до газового балона, редуктор 37 мбар, шланг 200 см та штуцер.;1185.0000;999;0;2026-05-05 10:30:54;2026-07-01 10:43:46
1867;H093780HS;H093780HS;Набір для підключення до газового балона, редуктор 37 мбар, шланг 80 см та штуцер.;990.0000;999;0;2026-05-05 10:30:54;2026-07-01 10:43:46
1870;H30200HRNS;H30200HRNS;Набір для підключення до газового балона, редуктор 30 мбар, шланг 200 см та штуцер ?9 мм;1335.0000;0;0;2026-05-05 10:30:54;2026-07-01 10:43:46
1869;H3080HRNS;H3080HRNS;Набір для підключення до газового балона, редуктор 30 мбар, шланг 80 см та штуцер ?9 мм;1150.0000;0;0;2026-05-05 10:30:54;2026-07-01 10:43:46
1871;H50200HRNS;H50200HRNS;"Газовий шланг 200 см під хомут, редуктор GOK 50 мбар (тип з'єднання SHELL), 1/4&quot;, штуцер ?9 мм комплект";1335.0000;0;0;2026-05-05 10:30:54;2026-07-01 10:43:46
1872;H5080HRNS;H5080HRNS;"Газовий шланг 80 см під хомут, редуктор GOK 50 мбар (тип з'єднання SHELL), 1/4&quot;, штуцер ?9 мм, комплект";1150.0000;0;0;2026-05-05 10:30:54;2026-07-01 10:43:46
1465745962;hmel-0;hmel-0;"Міні колона 2&quot; з сухопарником та охолоджувачем";3245.0000;999;1;2026-06-30 23:05:47;2026-07-01 10:43:46
1465746371;homebrew60;homebrew60;Домашня пивоварня MagnumStill 60л ;24695.0000;999;1;2026-06-30 23:06:27;2026-07-01 10:43:46
1005;HY-10;HY-10;Термометр цифровий з виносним датчиком;99.0000;0;1;2026-06-30 23:01:22;2026-07-01 10:43:46
1465745889;K01;K01;Ваги електронні для балону HPCR;680.0000;999;0;2026-05-05 10:30:54;2026-07-01 10:43:46
1748;K01000036A;K01000036A;Конфорка з чавунною підставкою збоку GrandHall Side вбудований burner;10250.0000;0;0;2026-05-05 10:26:48;2026-07-01 10:43:46
1743;K01000171A;K01000171A;Вугільний гриль Grandhall Xenon;18900.0000;999;0;2026-05-05 10:26:48;2026-07-01 10:43:46
1765;K01000195A;K01000195A;Пальник для стейків збоку GrandHall Sear вбудований burner;11375.0000;999;0;2026-05-05 10:26:48;2026-07-01 10:43:46
1766;K01000211A;K01000211A;Бічна мийка вбудована GrandHall;15750.0000;999;0;2026-05-05 10:26:48;2026-07-01 10:43:46
1813;K01000226A;K01000226A;Електрогриль E-Grill;12225.0000;999;0;2026-05-05 10:26:48;2026-07-01 10:43:46
1745;K03000032A;K03000032A;Газовий гриль Xenon 3;15348.0000;0;0;2026-05-05 10:26:48;2026-07-01 10:43:46
1798;K03000071A;K03000071A;Газовий гриль Maxim GTI 3;17849.0000;0;0;2026-05-05 10:26:48;2026-07-01 10:43:46
1790;K03000196A;K03000196A;Газовий гриль, що вбудовується GrandHall Premium GT3 Built-in;26125.0000;0;0;2026-05-05 10:26:48;2026-07-01 10:43:46
1746;K04000016A;K04000016A;Газовий гриль Xenon 4;25499.0000;0;0;2026-05-05 10:26:48;2026-07-01 10:43:46
1792;K04000059A;K04000059A;Газовий гриль, що вбудовується GrandHall Elite GT4S-S Built-in;47050.0000;0;0;2026-05-05 10:26:48;2026-07-01 10:43:46
1799;K04000059А;K04000059А;Газовий гриль GrandHall Elite GTI4;41374.0000;0;0;2026-05-05 10:26:48;2026-07-01 10:43:46
1757;K04000072A;K04000072A;Газовий гриль Maxim GT4 Double walled hood;35899.0000;0;0;2026-05-05 10:26:48;2026-07-01 10:43:46
1465746328;K04000309A;K04000309A;Вбудовуваний газовий гриль GrandHall Pro Elite G4;74522.0000;999;0;2026-05-05 10:26:48;2026-07-01 10:43:46
1465745934;KD-0001;KD-0001;Мідний кований чайник з порцеляновою ручкою;3640.0000;7;1;2026-06-30 23:01:04;2026-07-01 10:43:46
1465746026;KL00569;KL00569;Електромагнітний клапан нормально закритий 12 V;980.0000;999;1;2026-06-30 23:08:20;2026-07-01 10:43:46
1465746028;KL00570;KL00570;Електромагнітний клапан нормально закритий 220 V;1050.0000;999;1;2026-06-30 23:08:21;2026-07-01 10:43:46
1465746029;KL00571;KL00571;Електромагнітний клапан нормально відкритий 220V;1120.0000;999;1;2026-06-30 23:08:19;2026-07-01 10:43:46
1465746031;KL00753;KL00753;Вузол контролю температури в системі охолодження дистилятора, пуш-з'єднання 6 мм;280.0000;999;1;2026-06-30 23:08:22;2026-07-01 10:43:46
1465746027;KL00754;KL00754;Вузол контролю температури в системі охолодження дистилятора, пуш-з'єднання 8 мм;235.0000;999;1;2026-06-30 23:02:14;2026-07-01 10:43:46
1465746025;KL00755;KL00755;Вузол контролю температури в системі охолодження дистилятора, пуш-з'єднання 10 мм;280.0000;999;1;2026-06-30 23:08:25;2026-07-01 10:43:46
1465746030;KL00756;KL00756;Вузол контролю температури в системі охолодження дистилятора, пуш-з'єднання 12 мм;280.0000;999;1;2026-06-30 23:08:22;2026-07-01 10:43:46
1465745874;LCD-0-18;LCD-0-18;Термометр самоклеючий 0-18 С;50.0000;5;1;2026-06-30 23:01:38;2026-07-01 10:43:46
1465745873;LCD-10-40;LCD-10-40;Термометр самоклеючий 10-40 С;50.0000;5;1;2026-06-30 23:01:38;2026-07-01 10:43:46
1823;LF10AE L0000;LF10AE L0000;Газовий обігрівач 10,4 кВт Italkero DolceVita;97750.0000;999;0;2026-05-05 10:34:03;2026-07-01 10:43:46
1716;M0101;M0101;Аламбік мідний шолом 2 дюйма;4950.0000;6;1;2026-06-30 23:01:34;2026-07-01 10:43:46
1720;M0102;M0102;Аламбік мідний шолом 3 дюйма;6250.0000;999;1;2026-06-30 23:07:17;2026-07-01 10:43:46
1717;M0103;M0103;Аламбік мідний шолом 4 дюйма;7900.0000;0;1;2026-06-30 23:07:23;2026-07-01 10:43:46
1722;M0104;M0104;Аламбік мідний шолом 2 дюйма - 1.5 дюйма;4950.0000;999;1;2026-06-30 23:07:12;2026-07-01 10:43:46
1727;M0105;M0105;Аламбік мідний шолом 3 дюйма - 2 дюйма;6585.0000;999;1;2026-06-30 23:07:18;2026-07-01 10:43:46
1729;M0106;M0106;Аламбік мідний шолом 4 дюйма - 2 дюйма;8980.0000;999;1;2026-06-30 23:07:24;2026-07-01 10:43:46
1732;M0107;M0107;Аламбік мідний шолом 4 дюйма - 2 дюйма з діоптром;19950.0000;0;1;2026-06-30 23:07:25;2026-07-01 10:43:46
1465746399;M0108;M0108;Шолом аламбік 4″ XL;14500.0000;0;1;2026-06-30 23:07:28;2026-07-01 10:43:46
1724;M0111;M0111;Аламбік мідний шолом 2 дюйма з термометром;5550.0000;999;1;2026-06-30 23:07:15;2026-07-01 10:43:46
1725;M0112;M0112;Аламбік мідний шолом 3 дюйма з термометром;6850.0000;999;1;2026-06-30 23:07:21;2026-07-01 10:43:46
1726;M0113;M0113;Аламбік мідний шолом 4 дюйма з термометром;8500.0000;999;1;2026-06-30 23:07:29;2026-07-01 10:43:46
1723;M0114;M0114;Аламбік мідний шолом 2 дюйма - 1.5 дюйма з термометром;5335.0000;999;1;2026-06-30 23:07:14;2026-07-01 10:43:46
1728;M0115;M0115;Аламбік мідний шолом 3 дюйма - 2 дюйма з термометром;7185.0000;999;1;2026-06-30 23:07:20;2026-07-01 10:43:46
1730;M0116;M0116;Аламбік мідний шолом 4 дюйма - 2 дюйма з термометром;9580.0000;999;1;2026-06-30 23:07:26;2026-07-01 10:43:46
1718;M0201;M0201;Мідний конус 2 дюйма – 1.5 дюйма;1700.0000;999;1;2026-06-30 23:07:07;2026-07-01 10:43:46
1715;M0202;M0202;Мідний конус 3 дюйма – 1.5 дюйма;2475.0000;999;1;2026-06-30 23:07:09;2026-07-01 10:43:46
1721;M0203;M0203;Мідний конус 3 дюйма – 2 дюйма;2800.0000;999;1;2026-06-30 23:07:10;2026-07-01 10:43:46
1719;M0204;M0204;Мідний конус  4 дюйма — 2 дюйма;3500.0000;0;1;2026-06-30 23:07:06;2026-07-01 10:43:46
1465746400;M0401;M0401;Мідна торпеда Міньйон дистиляційний рівень 2-4-2;6200.0000;0;1;2026-06-30 23:07:04;2026-07-01 10:43:46
1465746541;M1055;M1055;Віскарний злодій мідний 520 мм для відбору проб;2585.0000;0;1;2026-06-30 23:06:42;2026-07-01 10:43:46
1465746397;M1301;M1301;Пробовідбірник з міді 750 мм Віскарний злодій;2970.0000;999;1;2026-06-30 23:07:02;2026-07-01 10:43:46
1465746398;M1302;M1302;Пробовідбірник з міді 520 мм Віскарний злодій;2310.0000;999;1;2026-06-30 23:07:00;2026-07-01 10:43:46
1731;M2001;M2001;Очищувач міді 50 г Hot Rod Copper Shiner;39.0000;10;1;2026-06-30 23:01:34;2026-07-01 10:43:46
1611;MAG-3;MAG-3;Вузол відбору MagPro 3 дюйма з муфтою та термометром;2640.0000;0;1;2026-06-30 23:05:13;2026-07-01 10:43:46
1465745960;MAG-3D;MAG-3D;Вузол відбору по рідині MagPro з доохолоджувачем 3 дюйма ;4730.0000;0;1;2026-06-30 23:05:45;2026-07-01 10:43:46
1613;MAG-3V;MAG-3V;Вузол відбору MagProVisual 3 дюйма;4015.0000;999;1;2026-06-30 23:05:15;2026-07-01 10:43:46
1465745961;MAG-3VD;MAG-3VD;Вузол відбору  по рідині MagPro Visual з доохолоджувачем 3 дюйма ;6105.0000;999;1;2026-06-30 23:05:46;2026-07-01 10:43:46
1465745949;Mag-Es;Mag-Es;2 дюйма Magnum Spirit + екстрактор Сокслета (без куба);12760.0000;999;1;2026-06-30 23:05:42;2026-07-01 10:43:46
1465746360;Mag-S14-1;Mag-S14-1;Перегінний куб Магнум Лайт 14л/2 дюйми;3289.0000;999;1;2026-06-30 23:06:18;2026-07-01 10:43:46
1465745995;Mag-S14-2;Mag-S14-2;Перегінний куб 14л/2 дюйма  Магнум Лайт (з клампом під тен);3839.0000;999;1;2026-06-30 23:06:00;2026-07-01 10:43:46
1465745993;Mag-S21-1;Mag-S21-1;Перегінний куб 21л/2 дюйма  Магнум Лайт;3960.0000;999;1;2026-06-30 23:05:59;2026-07-01 10:43:46
1465745990;Mag-S21-2;Mag-S21-2;Перегінний куб 21л/2 дюйма  Магнум Лайт (з клампом під тен);4510.0000;999;1;2026-06-30 23:05:57;2026-07-01 10:43:46
1465745991;Mag-S33-1;Mag-S33-1;Перегінний куб 33л/2 дюйма  Магнум Лайт;5000.0000;999;1;2026-06-30 23:00:51;2026-07-01 10:43:46
1465745992;Mag-S33-2;Mag-S33-2;Перегінний куб 33л/2 дюйма  Магнум Лайт (з клампом під тен);5500.0000;999;1;2026-06-30 23:05:58;2026-07-01 10:43:46
1465745989;Mag-S43-2;Mag-S43-2;Перегінний куб 43л/2 дюйма  Магнум Лайт (з клампом під тен);5450.0000;0;1;2026-06-30 23:00:51;2026-07-01 10:43:46
1465746412;MAG0011-4;MAG0011-4;Самогонний апарат 40 л з бражною колоною 2 дюйми;14450.0000;999;1;2026-06-30 23:01:03;2026-07-01 10:43:46
1473;MAG1004-1;MAG1004-1;Тарілчаста колона 2 дюйми 3 рівня;3905.0000;999;1;2026-06-30 23:03:49;2026-07-01 10:43:46
1474;MAG1004-3;MAG1004-3;Тарілчаста колона 2 дюйми 4 рівні;4895.0000;999;1;2026-06-30 23:03:50;2026-07-01 10:43:46
1475;MAG1004-5;MAG1004-5;Тарілчаста колона 2 дюйми 5 рівнів;5885.0000;999;1;2026-06-30 23:03:56;2026-07-01 10:43:46
1495;MAG1005;MAG1005;Мідний ковпачок без тарілки;528.0000;999;1;2026-06-30 23:04:06;2026-07-01 10:43:46
1521;MAG1006;MAG1006;Хомут від клампового з'єднання 1,5 дюйма;132.0000;999;1;2026-06-30 23:04:17;2026-07-01 10:43:46
1522;MAG1008;MAG1008;Турбо дефлегматор 1,5 дюйма;1050.0000;0;1;2026-06-30 23:01:28;2026-07-01 10:43:46
1523;MAG1009;MAG1009;Турбо охолоджувач 2 дюйма;2145.0000;999;1;2026-06-30 23:04:18;2026-07-01 10:43:46
1465746558;MAG1009-2;MAG1009-2;"Охолоджувач 2&quot; 500 мм подовжений з нержавіючої сталі AISI 304";2475.0000;999;1;2026-06-30 23:06:58;2026-07-01 10:43:46
1524;MAG1010;MAG1010;Джин кошик для ароматизації 2 дюйма;2420.0000;999;1;2026-06-30 23:04:19;2026-07-01 10:43:46
1525;MAG1010-1;MAG1010-1;Джин кошик для ароматизації 1500мл 2 дюйма;4950.0000;999;1;2026-06-30 23:04:19;2026-07-01 10:43:46
1526;MAG1011;MAG1011;Хомут від клампового з'єднання 2 дюйма;165.0000;999;1;2026-06-30 23:04:20;2026-07-01 10:43:46
1527;MAG1011-1;MAG1011-1;Хомут від клампового з'єднання 2,5 дюйма;198.0000;0;1;2026-06-30 23:04:21;2026-07-01 10:43:46
1528;MAG1012;MAG1012;Джин кошик для ароматизації 1,5 дюйма;2200.0000;0;1;2026-06-30 23:01:28;2026-07-01 10:43:46
1476;MAG1016-1;MAG1016-1;"Тарілчаста колона 2&quot; 3 рівня, дефлегматор, холодильник";10890.0000;999;1;2026-06-30 23:03:56;2026-07-01 10:43:46
1477;MAG1016-2;MAG1016-2;"Тарілчаста колона 2&quot; 4 рівні, дефлегматор, холодильник";11880.0000;999;1;2026-06-30 23:03:57;2026-07-01 10:43:46
1478;MAG1016-3;MAG1016-3;"Тарілчаста колона 2&quot; 5 рівнів, дефлегматор, холодильник";12870.0000;999;1;2026-06-30 23:03:58;2026-07-01 10:43:46
1529;MAG1017-1;MAG1017-1;Царга нержавійка 50см  1,5 дюйма;770.0000;1;1;2026-06-30 23:01:28;2026-07-01 10:43:46
1530;MAG1017-2;MAG1017-2;Царга нержавійка 50см  з ніпелем 1,5 дюйма;1200.0000;5;1;2026-06-30 23:01:28;2026-07-01 10:43:46
1531;MAG1018;MAG1018;Царга нержавійка 100см  1,5 дюйма;1160.0000;0;1;2026-06-30 23:01:28;2026-07-01 10:43:46
1534;MAG1019-1;MAG1019-1;Царга нержавійка 50см  2 дюйма;737.0000;999;1;2026-06-30 23:04:21;2026-07-01 10:43:46
1535;MAG1019-2;MAG1019-2;Царга нержавійка 50см  з ніпелем 2 дюйма;1012.0000;999;1;2026-06-30 23:04:22;2026-07-01 10:43:46
1532;MAG101901;MAG101901;Царга нержавійка 50см  3 дюйма;1350.0000;5;1;2026-06-30 23:01:28;2026-07-01 10:43:46
1533;MAG101902;MAG101902;Царга нержавійка 50см  з ніпелем 3 дюйма;1550.0000;0;1;2026-06-30 23:01:28;2026-07-01 10:43:46
1536;MAG10198;MAG10198;Царга нержавійка 50см  з ніпелем 4 дюйма;2000.0000;5;1;2026-06-30 23:01:28;2026-07-01 10:43:46
1537;MAG10199;MAG10199;Царга нержавійка 50см  4 дюйма;1800.0000;5;1;2026-06-30 23:01:28;2026-07-01 10:43:46
1538;MAG1020-1;MAG1020-1;Царга нержавійка 100см  2 дюйма;1130.0000;0;1;2026-06-30 23:01:28;2026-07-01 10:43:46
1539;MAG1020-2;MAG1020-2;Царга нержавійка 100см  з ніпелем 2 дюйма;1100.0000;0;1;2026-06-30 23:01:28;2026-07-01 10:43:46
1540;MAG1023;MAG1023;Турбо дефлегматор 2 дюйма;1980.0000;999;1;2026-06-30 23:04:23;2026-07-01 10:43:46
1465746361;MAG1029-1;MAG1029-1;Неопреновий утеплювач для царги;319.0000;0;1;2026-06-30 23:06:19;2026-07-01 10:43:46
1465746019;MAG1029-2;MAG1029-2;Царга 3 дюйма Неопреновий утеплювач для царги;429.0000;999;1;2026-06-30 23:06:13;2026-07-01 10:43:46
1465746364;MAG1029-3;MAG1029-3;Неопреновий утеплювач для царги 4 дюйми;539.0000;999;1;2026-06-30 23:06:22;2026-07-01 10:43:46
1501;MAG1031;MAG1031;Царга мідна 50см 2 дюйми;2475.0000;999;1;2026-06-30 23:04:10;2026-07-01 10:43:46
1541;MAG1032;MAG1032;Турбо охолоджувач 1,5 дюйма;1350.0000;0;1;2026-06-30 23:01:28;2026-07-01 10:43:46
1465;MAG1033;MAG1033;Бражна колона 1,5 дюйми;5900.0000;998;1;2026-06-30 23:00:28;2026-07-01 10:43:46
1466;MAG1034;MAG1034;Бражна колона 2 дюйми;8250.0000;999;1;2026-06-30 23:03:46;2026-07-01 10:43:46
1542;MAG1035;MAG1035;Доохолоджувач для вузла відбору однотрубний;715.0000;999;1;2026-06-30 23:04:24;2026-07-01 10:43:46
1543;MAG1035-3;MAG1035-3;Доохолоджувач для вузла відбору трьохтрубний;1760.0000;999;1;2026-06-30 23:04:25;2026-07-01 10:43:46
1465745998;MAG1036;MAG1036;Сантехкомплект для бражної колони;495.0000;999;1;2026-06-30 23:06:01;2026-07-01 10:43:46
1487;MAG1037-1;MAG1037-1;Тарілчаста колона 4 дюйми 3 рівня;8700.0000;999;1;2026-06-30 23:00:29;2026-07-01 10:43:46
1488;MAG1037-2;MAG1037-2;Тарілчаста колона 4 дюйми 4 рівня;11050.0000;999;1;2026-06-30 23:00:29;2026-07-01 10:43:46
1489;MAG1037-3;MAG1037-3;Тарілчаста колона 4 дюйми 5 рівня;13400.0000;999;1;2026-06-30 23:00:29;2026-07-01 10:43:46
1490;MAG1038-1;MAG1038-1;"Тарілчаста колона 4&quot; 3 рівня, дефлегматор, холодильник";21670.0000;999;1;2026-06-30 23:04:04;2026-07-01 10:43:46
1491;MAG1038-2;MAG1038-2;"Тарілчаста колона 4&quot; 4 рівня, дефлегматор, холодильник";24255.0000;999;1;2026-06-30 23:04:05;2026-07-01 10:43:46
1492;MAG1038-3;MAG1038-3;"Тарілчаста колона 4&quot; 5 рівня, дефлегматор, холодильник";26840.0000;999;1;2026-06-30 23:04:06;2026-07-01 10:43:46
1467;MAG1045;MAG1045;Бражна колона мідна 2 дюйми;9950.0000;0;1;2026-06-30 23:00:28;2026-07-01 10:43:46
1479;MAG1048;MAG1048;"Додатковий рівень 2&quot; до тарілчастої колони";990.0000;999;1;2026-06-30 23:03:59;2026-07-01 10:43:46
1480;MAG1048-1;MAG1048-1;"Додатковий рівень 3&quot; до тарілчастої колони";1595.0000;999;1;2026-06-30 23:03:59;2026-07-01 10:43:46
1465745969;MAG10489;MAG10489;Додатковий рівень Вавілон Кристал 4 дюйма ;2585.0000;999;1;2026-06-30 23:05:48;2026-07-01 10:43:46
1504;MAG1051;MAG1051;Тарілчаста колона мідна 4 дюйми 3 рівні;31460.0000;999;1;2026-06-30 23:04:12;2026-07-01 10:43:46
1544;MAG1055;MAG1055;Заглушка 1,5 дюйма;66.0000;999;1;2026-06-30 23:04:26;2026-07-01 10:43:46
1545;MAG1056;MAG1056;Заглушка 2 дюйма;110.0000;999;1;2026-06-30 23:04:27;2026-07-01 10:43:46
1546;MAG1056-1;MAG1056-1;Заглушка 6 дюймів;770.0000;0;1;2026-06-30 23:04:27;2026-07-01 10:43:46
1547;MAG1056-2;MAG1056-2;Заглушка 8 дюймів;1100.0000;0;1;2026-06-30 23:04:28;2026-07-01 10:43:46
1548;MAG1056-3;MAG1056-3;Заглушка 3 дюйма;165.0000;999;1;2026-06-30 23:04:30;2026-07-01 10:43:46
1549;MAG1056-4;MAG1056-4;Заглушка 4 дюйма;220.0000;999;1;2026-06-30 23:04:30;2026-07-01 10:43:46
1465745997;MAG1059;MAG1059;Швидкоз'ємний фітінг 1/4 дюйма - 10мм;27.5000;999;1;2026-06-30 23:06:01;2026-07-01 10:43:46
1465746000;MAG1060;MAG1060;Голковий кран (пластик);71.5000;999;1;2026-06-30 23:06:02;2026-07-01 10:43:46
1465745854;MAG1061;MAG1061;"Голковий кран (нержавійка) 1/4&quot;";330.0000;999;1;2026-06-30 23:05:32;2026-07-01 10:43:46
1550;MAG1062;MAG1062;Перехідник фланець-кламп 2 дюйма;495.0000;999;1;2026-06-30 23:04:31;2026-07-01 10:43:46
1551;MAG1063-1;MAG1063-1;Відвід 90 градусів без ніпеля 1,5 дюйма;220.0000;999;1;2026-06-30 23:04:32;2026-07-01 10:43:46
1552;MAG1063-2;MAG1063-2;Відвід 90 градусів з ніпелем 1,5 дюйма;400.0000;1;1;2026-06-30 23:01:29;2026-07-01 10:43:46
1553;MAG1064-1-1;MAG1064-1-1;Відвід 90 градусов без ніпеля 2 дюйма;275.0000;999;1;2026-06-30 23:04:33;2026-07-01 10:43:46
1554;MAG1064-1-2;MAG1064-1-2;Відвід 90°  з ніпелем 2 дюйма;550.0000;999;1;2026-06-30 23:04:34;2026-07-01 10:43:46
1555;MAG1065;MAG1065;Прийомний носик 1,5 дюйма;200.0000;1;1;2026-06-30 23:01:29;2026-07-01 10:43:46
1556;MAG1066;MAG1066;Прийомний носик 2 дюйма;418.0000;999;1;2026-06-30 23:04:34;2026-07-01 10:43:46
1557;MAG1066-1;MAG1066-1;Прийомний носик 3 дюйма;759.0000;999;1;2026-06-30 23:04:35;2026-07-01 10:43:46
1558;MAG1067;MAG1067;Скло боросилікатне D60мм Н80мм;165.0000;999;1;2026-06-30 23:04:37;2026-07-01 10:43:46
1559;MAG1068;MAG1068;Скло боросилікатне D110мм H100мм;330.0000;999;1;2026-06-30 23:04:38;2026-07-01 10:43:46
1560;MAG1068-1;MAG1068-1;Скло боросилікатне D80мм H100мм;220.0000;999;1;2026-06-30 23:04:38;2026-07-01 10:43:46
1561;MAG1069;MAG1069;Перехідник 4-2  дюйма;825.0000;999;1;2026-06-30 23:04:39;2026-07-01 10:43:46
1563;MAG1069-1;MAG1069-1;Перехідник 3-4  дюйма;869.0000;999;1;2026-06-30 23:04:40;2026-07-01 10:43:46
1562;MAG10691;MAG10691;Перехідник редукція 6-3  дюйма;1650.0000;0;1;2026-06-30 23:04:40;2026-07-01 10:43:46
1465746556;MAG10691-1;MAG10691-1;"Перехідник редукція 6&quot;-4&quot; з нержавіючої сталі AISI 304";1650.0000;0;1;2026-06-30 23:06:55;2026-07-01 10:43:46
1496;MAG1072;MAG1072;"Тарілка 4&quot; з Pro ковпачками без скла";1980.0000;999;1;2026-06-30 23:04:07;2026-07-01 10:43:46
1564;MAG1073;MAG1073;Клампове з'єднання sms38 1,5 дюйма;258.5000;999;1;2026-06-30 23:04:41;2026-07-01 10:43:46
1565;MAG1074;MAG1074;Клампове з'єднання sms51 2 дюйма;308.0000;999;1;2026-06-30 23:04:42;2026-07-01 10:43:46
1566;MAG1075;MAG1075;Клампове з'єднання sms76 3 дюйма;418.0000;999;1;2026-06-30 23:04:43;2026-07-01 10:43:46
1567;MAG1080;MAG1080;Фланець кламповий приварний sms38 1,5 дюйма;66.0000;999;1;2026-06-30 23:04:44;2026-07-01 10:43:46
1568;MAG1081;MAG1081;Фланець кламповий приварний sms51 2 дюйма;71.5000;999;1;2026-06-30 23:04:45;2026-07-01 10:43:46
1569;MAG1081-1;MAG1081-1;Фланець кламповий приварний sms63 2,5 дюйма;82.5000;999;1;2026-06-30 23:04:46;2026-07-01 10:43:46
1570;MAG1082;MAG1082;Фланець кламповий приварний sms76 3 дюйма;99.0000;999;1;2026-06-30 23:04:47;2026-07-01 10:43:46
1498;MAG1084;MAG1084;Дефлегматор мідний 2 дюйми;3025.0000;999;1;2026-06-30 23:04:08;2026-07-01 10:43:46
1571;MAG1085;MAG1085;Турбо дефлегматор 4 дюйма;5445.0000;999;1;2026-06-30 23:04:47;2026-07-01 10:43:46
1505;MAG1086;MAG1086;Мідний рівень 4 дюйми;6545.0000;999;1;2026-06-30 23:04:13;2026-07-01 10:43:46
1572;MAG1087;MAG1087;Стакан бункер для джин кошика;275.0000;999;1;2026-06-30 23:04:48;2026-07-01 10:43:46
1573;MAG1087-1-1;MAG1087-1-1;Стакан бункер 2'' для діоптра  2 дюйма;176.0000;999;1;2026-06-30 23:04:49;2026-07-01 10:43:46
1506;MAG10874;MAG10874;Мідний рівень 6 дюймів для тарілчастої мідної колони;13750.0000;999;1;2026-06-30 23:04:14;2026-07-01 10:43:46
1574;MAG1089;MAG1089;Клампове з'єднання sms102 4 дюйма;528.0000;999;1;2026-06-30 23:04:50;2026-07-01 10:43:46
1575;MAG1090;MAG1090;Хомут від клампового з'єднання 3 дюйма;220.0000;999;1;2026-06-30 23:04:51;2026-07-01 10:43:46
1576;MAG1091;MAG1091;Хомут від клампового з'єднання 4 дюйма;275.0000;999;1;2026-06-30 23:04:51;2026-07-01 10:43:46
1577;MAG1091-1;MAG1091-1;Хомут від клампового з'єднання 6 дюймів;770.0000;999;1;2026-06-30 23:04:52;2026-07-01 10:43:46
1578;MAG1091-1-1;MAG1091-1-1;Хомут від клампового з'єднання 8 дюймів;1100.0000;0;1;2026-06-30 23:04:53;2026-07-01 10:43:46
1579;MAG1092;MAG1092;Фланець кламповий приварний sms102 4 дюйма;126.5000;999;1;2026-06-30 23:04:54;2026-07-01 10:43:46
1580;MAG1092-1;MAG1092-1;Фланець кламповий приварний sms152 6 дюймів;385.0000;999;1;2026-06-30 23:04:55;2026-07-01 10:43:46
1581;MAG1092-2;MAG1092-2;Фланець кламповий приварний sms203 8 дюймів;462.0000;0;1;2026-06-30 23:04:55;2026-07-01 10:43:46
1582;MAG1095;MAG1095;Перехідник 2-1,5  дюйма;429.0000;999;1;2026-06-30 23:04:56;2026-07-01 10:43:46
1583;MAG1096;MAG1096;Вузол відбору по рідині MagPro з доохолоджувачем 2 дюйма;3025.0000;999;1;2026-06-30 23:04:56;2026-07-01 10:43:46
1584;MAG1097;MAG1097;Вузол відбору по рідині MagPro з доохолоджувачем 1,5 дюйма;1950.0000;0;1;2026-06-30 23:01:30;2026-07-01 10:43:46
1585;MAG1098;MAG1098;Вузол відбору по рідині MagPro Visual з доохолоджувачем 2 дюйма;3960.0000;999;1;2026-06-30 23:04:58;2026-07-01 10:43:46
1586;MAG1099;MAG1099;Діоптр 2 дюйма;935.0000;999;1;2026-06-30 23:04:59;2026-07-01 10:43:46
1587;MAG10994М;MAG10994М;Царга діоптр 40см 4 дюйма;3245.0000;0;1;2026-06-30 23:05:00;2026-07-01 10:43:46
1588;MAG1099М;MAG1099М;Міні Діоптр 2 дюйма;935.0000;999;1;2026-06-30 23:05:01;2026-07-01 10:43:46
1589;MAG1099М1;MAG1099М1;Царга діоптр 40см 2 дюйма;1430.0000;999;1;2026-06-30 23:05:02;2026-07-01 10:43:46
1590;MAG1099М2;MAG1099М2;Царга діоптр 40см 3 дюйма;2420.0000;0;1;2026-06-30 23:05:02;2026-07-01 10:43:46
1591;MAG1099М3;MAG1099М3;Міні Діоптр 3 дюйма;1375.0000;999;1;2026-06-30 23:05:03;2026-07-01 10:43:46
1592;MAG1099М3-1;MAG1099М3-1;Міні Діоптр 4 дюйма;1980.0000;999;1;2026-06-30 23:05:03;2026-07-01 10:43:46
1593;MAG1101;MAG1101;Вузол відбору по рідині MagPro Visual з доохолоджувачем 1,5 дюйма;2400.0000;0;1;2026-06-30 23:01:30;2026-07-01 10:43:46
1594;MAG1102;MAG1102;Вузол відбору по рідині MagPro 1,5 дюйма;650.0000;0;1;2026-06-30 23:01:30;2026-07-01 10:43:46
1595;MAG1103;MAG1103;Вузол відбору по рідині MagPro 2 дюйма;1980.0000;999;1;2026-06-30 23:05:04;2026-07-01 10:43:46
1596;MAG1104;MAG1104;Вузол відбору по рідині MagPro Visual 1,5 дюйма;1500.0000;0;1;2026-06-30 23:01:30;2026-07-01 10:43:46
1597;MAG1105;MAG1105;Вузол відбору по рідині MagPro Visual 2 дюйма;2915.0000;999;1;2026-06-30 23:05:04;2026-07-01 10:43:46
1619;MAG1106;MAG1106;Тен для самогонного апарату 4,5 кВт 2 дюйми;1750.0000;5;1;2026-06-30 23:01:31;2026-07-01 10:43:46
1422;MAG1110-1;MAG1110-1;Перегінний куб 25 літрів 2 дюйма з клампом під тен;5950.0000;999;1;2026-06-30 23:00:27;2026-07-01 10:43:46
1421;MAG1110-10;MAG1110-10;Перегінний куб 25 літрів 1,5 дюйма  з клампом під тен;6545.0000;999;1;2026-06-30 23:03:24;2026-07-01 10:43:46
1420;MAG1110-7;MAG1110-7;Перегінний куб 25 літрів 2 дюйма  без клампу під тен;5450.0000;999;1;2026-06-30 23:00:27;2026-07-01 10:43:46
1396;MAG1110-8;MAG1110-8;Перегінний куб 25 літрів  1,5 дюйма  без клампу під тен;5950.0000;999;1;2026-06-30 23:00:26;2026-07-01 10:43:46
1598;MAG1111;MAG1111;Царга діоптр 55 см 2 дюйма;1650.0000;999;1;2026-06-30 23:05:05;2026-07-01 10:43:46
1599;MAG1113;MAG1113;Скло боросилікатне D60мм H500mm ;550.0000;999;1;2026-06-30 23:05:06;2026-07-01 10:43:46
1600;MAG1113-1;MAG1113-1;Скло боросилікатне D110мм H500mm;1100.0000;0;1;2026-06-30 23:05:07;2026-07-01 10:43:46
1410;MAG1116;MAG1116;Фальшдно для перегінного куба на 25 літрів;1760.0000;999;1;2026-06-30 23:03:16;2026-07-01 10:43:46
1620;MAG1117;MAG1117;Тен для самогонного апарату 2,5 кВт 2 дюйми;1540.0000;999;1;2026-06-30 23:05:17;2026-07-01 10:43:46
1621;MAG1118;MAG1118;Тен для самогонного апарату 3,5 кВт 2 дюйми;1650.0000;999;1;2026-06-30 23:05:18;2026-07-01 10:43:46
1601;MAG1119;MAG1119;Діоптр 4 дюйма;1980.0000;999;1;2026-06-30 23:05:07;2026-07-01 10:43:46
1465745973;MAG1120;MAG1120;Ніпель під термометр з нержавійки;209.0000;999;1;2026-06-30 23:05:49;2026-07-01 10:43:46
1397;MAG1121-1;MAG1121-1;Перегінний куб 40 літрів  1,5 дюйма  без клампу під тен;6450.0000;999;1;2026-06-30 23:00:26;2026-07-01 10:43:46
1465745910;MAG1121-2;MAG1121-2;Перегінний куб 40 літрів 2 дюйма без клампу під тен;7095.0000;999;1;2026-06-30 23:05:34;2026-07-01 10:43:46
1425;MAG1121-4;MAG1121-4;Перегінний куб 40 літрів 1,5 дюйма з клампом під тен;6950.0000;999;1;2026-06-30 23:00:27;2026-07-01 10:43:46
1426;MAG1121-5;MAG1121-5;Перегінний куб 40 літрів 2 дюйма з клампом під тен;7645.0000;999;1;2026-06-30 23:03:28;2026-07-01 10:43:46
1423;MAG1121-6;MAG1121-6;Перегінний куб 40 літрів  3 дюйма  без клампу під тен;7535.0000;999;1;2026-06-30 23:03:25;2026-07-01 10:43:46
1427;MAG1121-7;MAG1121-7;Перегінний куб 40 літрів 3 дюйма з клампом під тен;8085.0000;999;1;2026-06-30 23:03:28;2026-07-01 10:43:46
1424;MAG1121-8;MAG1121-8;Перегінний куб 40 літрів  4 дюйма  без клампу під тен;7645.0000;999;1;2026-06-30 23:03:26;2026-07-01 10:43:46
1428;MAG1121-9;MAG1121-9;Перегінний куб 40 літрів 4 дюйма з клампом під тен;8195.0000;999;1;2026-06-30 23:03:29;2026-07-01 10:43:46
1398;MAG1122-2;MAG1122-2;Перегінний куб 60 літрів 2 дюйма  без клампу під тен;8450.0000;0;1;2026-06-30 23:00:26;2026-07-01 10:43:46
1431;MAG1122-3;MAG1122-3;Перегінний куб 60 літрів 3 дюйма  без клампу під тен;8850.0000;0;1;2026-06-30 23:00:27;2026-07-01 10:43:46
1432;MAG1122-4;MAG1122-4;Перегінний куб 60 літрів 4 дюйма  без клампу під тен;8950.0000;0;1;2026-06-30 23:00:27;2026-07-01 10:43:46
1434;MAG1122-6;MAG1122-6;Перегінний куб 60 літрів 2 дюйма  з клампом під тен;9845.0000;999;1;2026-06-30 23:03:30;2026-07-01 10:43:46
1436;MAG1122-7;MAG1122-7;Перегінний куб 60 літрів 3 дюйма  з клампом під тен;10285.0000;999;1;2026-06-30 23:03:31;2026-07-01 10:43:46
1438;MAG1122-8;MAG1122-8;Перегінний куб 60 літрів 4 дюйма  з клампом під тен;10395.0000;999;1;2026-06-30 23:03:31;2026-07-01 10:43:46
1419;MAG1123-1;MAG1123-1;Перегінний куб на 85 літрів 2 дюйма;10395.0000;0;1;2026-06-30 23:03:23;2026-07-01 10:43:46
1453;MAG1123-2;MAG1123-2;Перегінний куб на 85 літрів 3 дюйма;10835.0000;0;1;2026-06-30 23:03:38;2026-07-01 10:43:46
1454;MAG1123-3;MAG1123-3;Перегінний куб на 85 літрів 4 дюйма;10945.0000;0;1;2026-06-30 23:03:40;2026-07-01 10:43:46
1411;MAG1124;MAG1124;Фальшдно для самогонного апарату на 40 л;2145.0000;999;1;2026-06-30 23:03:17;2026-07-01 10:43:46
1412;MAG1125;MAG1125;Фальшдно для перегонного куба на 60 литров;2640.0000;999;1;2026-06-30 23:03:17;2026-07-01 10:43:46
1602;MAG1126;MAG1126;Царга коротка з гільзою під термометр 2 дюйма;539.0000;999;1;2026-06-30 23:05:08;2026-07-01 10:43:46
1603;MAG1126-3;MAG1126-3;Царга коротка з гільзою під термометр 3 дюйма;627.0000;999;1;2026-06-30 23:05:08;2026-07-01 10:43:46
1604;MAG1127;MAG1127;Діоптр 3 дюйма;1375.0000;999;1;2026-06-30 23:05:09;2026-07-01 10:43:46
1605;MAG1128;MAG1128;Царга коротка з гільзою під термометр 1,5 дюйма;490.0000;6;1;2026-06-30 23:01:30;2026-07-01 10:43:46
1606;MAG1131-1;MAG1131-1;Царга нержавійка 30см 2 дюйма;605.0000;999;1;2026-06-30 23:05:10;2026-07-01 10:43:46
1607;MAG1131-2;MAG1131-2;Царга нержавійка з ніпелем 30см 2 дюйма;880.0000;999;1;2026-06-30 23:05:10;2026-07-01 10:43:46
1414;MAG1133;MAG1133;Фальшдно для перегінного куба на 85л/125 літрів;3245.0000;999;1;2026-06-30 23:03:18;2026-07-01 10:43:46
1415;MAG1133-1;MAG1133-1;Фальшдно для перегінного куба на 200 літрів;4345.0000;999;1;2026-06-30 23:03:19;2026-07-01 10:43:46
1499;MAG1147;MAG1147;Мідний рівень 2 дюйми;2750.0000;999;1;2026-06-30 23:04:09;2026-07-01 10:43:46
1416;MAG1149;MAG1149;Сито для затирання під куб 40л;3289.0000;999;1;2026-06-30 23:03:21;2026-07-01 10:43:46
1500;MAG1150;MAG1150;Тарілчаста колона мідна 2 дюйми 3 рівні;15070.0000;999;1;2026-06-30 23:04:10;2026-07-01 10:43:46
1465745978;MAG1151;MAG1151;Фільтр Базука 15см;165.0000;999;1;2026-06-30 23:05:51;2026-07-01 10:43:46
1468;MAG1159;MAG1159;Бражна колона 2 дюйми з мідною царгою;10505.0000;999;1;2026-06-30 23:03:47;2026-07-01 10:43:46
1481;MAG1166-1;MAG1166-1;Тарілчаста колона 3 дюйми 3 рівня;6160.0000;999;1;2026-06-30 23:04:00;2026-07-01 10:43:46
1482;MAG1166-2;MAG1166-2;Тарілчаста колона 3 дюйми 4 рівні;7755.0000;999;1;2026-06-30 23:04:01;2026-07-01 10:43:46
1483;MAG1166-3;MAG1166-3;Тарілчаста колона 3 дюйми 5 рівня;9350.0000;999;1;2026-06-30 23:04:01;2026-07-01 10:43:46
1484;MAG1167-1;MAG1167-1;"Тарілчаста колона 3&quot; 3 рівня, дефлегматор, холодильник";16445.0000;999;1;2026-06-30 23:04:02;2026-07-01 10:43:46
1485;MAG1167-2;MAG1167-2;"Тарілчаста колона 3&quot; 4 рівні, дефлегматор, холодильник";18040.0000;999;1;2026-06-30 23:04:03;2026-07-01 10:43:46
1486;MAG1167-3;MAG1167-3;"Тарілчаста колона 3&quot; 5 рівнів, дефлегматор, холодильник";19635.0000;999;1;2026-06-30 23:04:04;2026-07-01 10:43:46
1608;MAG1168;MAG1168;Перехідник 3-2  дюйма;605.0000;999;1;2026-06-30 23:05:11;2026-07-01 10:43:46
1503;MAG1169;MAG1169;Мідний рівень 3 дюйми;5445.0000;999;1;2026-06-30 23:04:11;2026-07-01 10:43:46
1502;MAG1170;MAG1170;Тарілчаста колона мідна 3 дюйми 3 рівні;26400.0000;999;1;2026-06-30 23:04:11;2026-07-01 10:43:46
1622;MAG1173;MAG1173;Тен для самогонного апарату 3 кВт 2 дюйми;1540.0000;999;1;2026-06-30 23:05:19;2026-07-01 10:43:46
1417;MAG1176;MAG1176;Сито для затирання під куб 60л;3905.0000;999;1;2026-06-30 23:03:21;2026-07-01 10:43:46
1418;MAG1176-1;MAG1176-1;Сито для затирання під куб 85л;4345.0000;999;1;2026-06-30 23:03:23;2026-07-01 10:43:46
1465745866;MAG1184;MAG1184;"Стакан &quot;Папуга&quot; вимірювання спиртозності на клампах";2640.0000;999;1;2026-06-30 23:05:33;2026-07-01 10:43:46
1609;MAG1187;MAG1187;Вертикальний дефлегматор Дімрота нержа 2 дюйма;2640.0000;999;1;2026-06-30 23:05:12;2026-07-01 10:43:46
1610;MAG2,5;MAG2,5;Клампове з'єднання sms63 2,5 дюйма;363.0000;0;1;2026-06-30 23:05:12;2026-07-01 10:43:46
1507;MAG20876;MAG20876;Мідний рівень 8 дюймів для тарілчастої мідної колони;21450.0000;0;1;2026-06-30 23:04:14;2026-07-01 10:43:46
1403;MAG25;MAG25;Мідна кришка для перегінного куба 25 літрів 2 дюйма;5995.0000;0;1;2026-06-30 23:03:11;2026-07-01 10:43:46
1400;MAG25M-1;MAG25M-1;Перегінний куб 25 літрів з мідною кришкою 2 дюйма  без клампу під тен;10285.0000;0;1;2026-06-30 23:03:09;2026-07-01 10:43:46
1441;MAG25M-2;MAG25M-2;Перегінний куб 25 літрів з мідною кришкою 2 дюйма  з клампом під тен;10835.0000;0;1;2026-06-30 23:03:34;2026-07-01 10:43:46
1612;MAG3-57;MAG3-57;Царга діоптр 57см 3 дюйма;2640.0000;999;1;2026-06-30 23:05:14;2026-07-01 10:43:46
1623;MAG4,5;MAG4,5;Тен для самогонного апарату 4,5 кВт без кабелю 2 дюйми;1375.0000;999;1;2026-06-30 23:05:20;2026-07-01 10:43:46
1614;MAG4-56;MAG4-56;Царга діоптр 56см 4 дюйма;3300.0000;0;1;2026-06-30 23:05:15;2026-07-01 10:43:46
1404;MAG40-2;MAG40-2;"Мідна кришка для перегінного кубу 40 літрів 2&quot;";6875.0000;999;1;2026-06-30 23:03:12;2026-07-01 10:43:46
1455;MAG40-3;MAG40-3;"Мідна кришка для перегінного кубу 40 літрів 3&quot;";7315.0000;999;1;2026-06-30 23:03:42;2026-07-01 10:43:46
1456;MAG40-4;MAG40-4;"Мідна кришка для перегінного кубу 40 літрів 4&quot;";7425.0000;999;1;2026-06-30 23:03:43;2026-07-01 10:43:46
1401;MAG40M-2;MAG40M-2;Перегінний куб 40 літрів з мідною кришкою  2 дюйма без клампу під тен;12100.0000;999;1;2026-06-30 23:03:10;2026-07-01 10:43:46
1444;MAG40M-2Т;MAG40M-2Т;Перегінний куб 40 літрів з мідною кришкою 2 дюйма з клампом під тен;12650.0000;999;1;2026-06-30 23:03:36;2026-07-01 10:43:46
1442;MAG40M-3;MAG40M-3;Перегінний куб 40 літрів з мідною кришкою 3 дюйма без клампу під тен;12540.0000;999;1;2026-06-30 23:03:34;2026-07-01 10:43:46
1445;MAG40M-3Т;MAG40M-3Т;Перегінний куб 40 літрів з мідною кришкою 3 дюйма з клампом під тен;13090.0000;999;1;2026-06-30 23:03:37;2026-07-01 10:43:46
1443;MAG40M-4;MAG40M-4;Перегінний куб 40 літрів з мідною кришкою 4 дюйма без клампу під тен;12650.0000;999;1;2026-06-30 23:03:35;2026-07-01 10:43:46
1465746011;MAG40M-4Т;MAG40M-4Т;Перегінний куб 40л/4 дюйма Фірмовий  з мідною кришкою (з клампом під тен);13200.0000;999;1;2026-06-30 23:06:06;2026-07-01 10:43:46
1615;MAG6;MAG6;Клампове з'єднання sms152 6 дюймів;1540.0000;999;1;2026-06-30 23:05:16;2026-07-01 10:43:46
1624;MAG6,0;MAG6,0;Тен для самогонного апарату 6 кВт без кабелю 2 дюйми;1430.0000;0;1;2026-06-30 23:05:21;2026-07-01 10:43:46
1405;MAG60-1;MAG60-1;"Мідна кришка для перегінного кубу 60 літрів 2&quot;";7645.0000;999;1;2026-06-30 23:03:12;2026-07-01 10:43:46
1457;MAG60-2;MAG60-2;"Мідна кришка для перегінного кубу 60 літрів 3&quot;";8085.0000;999;1;2026-06-30 23:03:44;2026-07-01 10:43:46
1458;MAG60-3;MAG60-3;"Мідна кришка для перегінного кубу 60 літрів 4&quot;";8195.0000;999;1;2026-06-30 23:03:44;2026-07-01 10:43:46
1402;MAG60M-1;MAG60M-1;Перегінний куб 60 літрів з мідною кришкою 2 дюйма  без клампу під тен;10950.0000;999;0;2026-06-30 23:00:26;2026-07-01 10:43:46
1448;MAG60M-2;MAG60M-2;Перегінний куб 60 літрів з мідною кришкою 3 дюйма  без клампу під тен;11250.0000;0;0;2026-06-30 23:00:28;2026-07-01 10:43:46
1449;MAG60M-3;MAG60M-3;Перегінний куб 60 літрів з мідною кришкою 4 дюйма  без клампу під тен;11350.0000;999;0;2026-06-30 23:00:28;2026-07-01 10:43:46
1450;MAG60M-4;MAG60M-4;Перегінний куб 60 літрів з мідною кришкою 2 дюйма з клампом під тен;11350.0000;999;0;2026-06-30 23:00:28;2026-07-01 10:43:46
1446;MAG60M-4Т;MAG60M-4Т;Перегінний куб 40 літрів з мідною кришкою 4 дюйма з клампом під тен;10550.0000;0;1;2026-06-30 23:00:28;2026-07-01 10:43:46
1452;MAG60M-6;MAG60M-6;Перегінний куб 60 літрів з мідною кришкою 4 дюйма з клампом під тен;11750.0000;0;0;2026-06-30 23:00:28;2026-07-01 10:43:46
1616;MAG8;MAG8;Клампове з'єднання sms203 8 дюймів;2200.0000;0;1;2026-06-30 23:05:17;2026-07-01 10:43:46
1465746543;MID-32;MID-32;"Перехідник мідний 3&quot; - 2&quot; для дистиляційного обладнання";2178.0000;999;1;2026-06-30 23:06:44;2026-07-01 10:43:46
1465746544;MID-42;MID-42;"Перехідник мідний 4&quot; - 2&quot; для дистиляційного обладнання";2189.0000;999;1;2026-06-30 23:06:45;2026-07-01 10:43:46
1465746542;MID-43;MID-43;"Перехідник мідний 4&quot; - 3&quot; для дистиляційного обладнання";2189.0000;999;1;2026-06-30 23:06:43;2026-07-01 10:43:46
1465746535;mini-dioptr;mini-dioptr;Міні-діоптр крапельний AISI 304;670.0000;1;1;2026-06-30 23:01:50;2026-07-01 10:43:46
1361;MS-0;MS-0;Ректифікаційна колона 2 дюйми (нержавіюча сталь);9350.0000;999;1;2026-06-30 23:03:02;2026-07-01 10:43:46
1383;MS-3D;MS-3D;Ректифікаційна колона 3 дюйми;13915.0000;999;1;2026-06-30 23:03:06;2026-07-01 10:43:46
1465746410;MS40T;MS40T;Самогонний апарат 40 л з дефлегматором 2 дюйми;15450.0000;998;1;2026-06-30 23:01:03;2026-07-01 10:43:46
1465745980;MSH-4XL;MSH-4XL;4 дюйма Мідний шолом аламбік XL;16445.0000;999;1;2026-06-30 23:05:52;2026-07-01 10:43:46
1465746587;mufta amer 1/4;mufta amer 1/4;Муфта-американка нержавіюча ВР/НР 1/4″ DN8 AISI 304;290.0000;0;1;2026-06-30 23:01:51;2026-07-01 10:43:46
1465746536;muftadn8;muftadn8;Муфта нержавіюча DN8 1/4″ AISI 304;25.0000;0;1;2026-06-30 23:01:50;2026-07-01 10:43:46
1465746304;Neo125;Neo125;Неопреновий утеплювач для куба 125 літрів;2926.0000;999;1;2026-06-30 23:06:18;2026-07-01 10:43:46
1406;Neo25;Neo25;Неопреновий утеплювач для кубу 25л;1045.0000;999;1;2026-06-30 23:03:13;2026-07-01 10:43:46
1407;Neo40;Neo40;Неопреновий утеплювач для кубу 40л;1375.0000;999;1;2026-06-30 23:03:14;2026-07-01 10:43:46
1408;Neo60;Neo60;Неопреновий утеплювач для куба 60л;1760.0000;0;1;2026-06-30 23:03:15;2026-07-01 10:43:46
1409;Neo85;Neo85;Неопреновий утеплювач для кубу 85л;2145.0000;0;1;2026-06-30 23:03:15;2026-07-01 10:43:46
1860;P01;P01;Перехідник для газового балона заправний;695.0000;999;0;2026-05-05 10:30:54;2026-07-01 10:43:46
1998;P0101;P0101;Набір спецій подарунковий для неї;788.0000;5;0;2026-06-30 23:01:35;2026-07-01 10:43:46
1999;P0102;P0102;Набір подарунковий спецій Українська;937.0000;5;0;2026-06-30 23:01:35;2026-07-01 10:43:46
2001;P0104;P0104;Набір спецій подарунковий для здоров'я;825.0000;5;0;2026-06-30 23:01:35;2026-07-01 10:43:46
2002;P0105;P0105;Набір спецій подарунковий Напої зі Львова;1126.0000;5;0;2026-06-30 23:01:35;2026-07-01 10:43:46
2003;P0106;P0106;Набір спецій подарунковий Для мисливця та рибалки;835.0000;5;0;2026-06-30 23:01:35;2026-07-01 10:43:46
2000;P0201;P0201;Набір спецій подарунковий для нього;800.0000;5;1;2026-06-30 23:01:35;2026-07-01 10:43:46
1465746450;P0202;P0202;Подарунковий набір для настоянок «Український етно-хіт»;900.0000;999;1;2026-03-09 10:57:08;2026-07-01 10:43:46
1465746447;P0203;P0203;Подарунковий набір для настоянок Hot Rod «Коктейльний бар»;600.0000;999;1;2026-03-06 18:45:12;2026-07-01 10:43:46
1465746448;P0204;P0204;Подарунковий набір для настоянок «Міцна класика»;700.0000;20;1;2026-06-30 23:01:49;2026-07-01 10:43:46
1465746449;P0205;P0205;Подарунковий набір для створення настоянок «Святковий»;800.0000;20;1;2026-06-30 23:01:49;2026-07-01 10:43:46
1465746446;P0206;P0206;Подарунковий набір для настоянок «Сила природи»;900.0000;999;1;2026-03-06 18:34:01;2026-07-01 10:43:46
1465746445;P0207;P0207;Подарунковий набір для настоянок  - Екзотичний світ;900.0000;20;1;2026-06-30 23:01:49;2026-07-01 10:43:46
1465746451;P0208;P0208;Подарунковий набір для настоянок «Фруктовий сад»;1000.0000;20;1;2026-06-30 23:01:49;2026-07-01 10:43:46
859;PH-метр;PH-метр;РН-метр цифровий;250.0000;2;1;2026-06-30 23:01:20;2026-07-01 10:43:46
1465746365;pioneer;pioneer;"Бражна колона Pioneer 2025 без куба 2&quot; ";5489.0000;999;1;2026-06-30 23:06:23;2026-07-01 10:43:46
1465746372;pioneer-0;pioneer-0;Універсальний вузол відбору 2 дюйми Голова БК Pioneer 2025;3685.0000;999;1;2026-06-30 23:06:28;2026-07-01 10:43:46
265;PIWO 1000 Komfort;PIWO 1000 Komfort;Скляна пляшка з бугельною пробкою 1000 мл;28.0000;0;1;2026-06-30 23:00:07;2026-07-01 10:43:46
266;PIWO 500 Komfort;PIWO 500 Komfort;Скляна пляшка з бугельною пробкою 500 мл;21.0000;0;1;2026-06-30 23:00:07;2026-07-01 10:43:46
1465746509;PKBK2;PKBK2;"Бражна колона 2&quot; на клампах з дефлегматором";8855.0000;999;1;2026-06-30 23:08:26;2026-07-01 10:43:46
1465746507;PKBK32;PKBK32;"Бражна колона монолітна 2&quot; 32 мм з дефлегматором";3622.5000;999;1;2026-06-30 23:08:25;2026-07-01 10:43:46
1465746508;PKBK40;PKBK40;"Бражна колона монолітна 2&quot; — 40 мм з дефлегматором";4542.5000;999;1;2026-06-30 23:08:25;2026-07-01 10:43:46
1465746440;PKMINS2;PKMINS2;Міні колона 2 дюйма з 2 сухопарниками та охолоджувачем;3680.0000;999;1;2026-06-30 23:08:25;2026-07-01 10:43:46
1465746510;PKPAR2;PKPAR2;"Ректифікаційна колона 2&quot; з вузлом відбору по пару";14087.5000;999;1;2026-06-30 23:08:26;2026-07-01 10:43:46
1465746512;PKPBF2;PKPBF2;"Модуль подвійної перегонки для самогонного апарата 2&quot;";3850.0000;10;1;2026-06-22 13:05:57;2026-07-01 10:43:46
1465746511;PKRID2;PKRID2;"Ректифікаційна колона 2&quot; з вузлом відбору по рідині";10465.0000;999;1;2026-06-30 23:08:26;2026-07-01 10:43:46
1465746506;PKS50L;PKS50L;Перегінний куб 50 літрів;6900.0000;999;1;2026-06-30 23:08:26;2026-07-01 10:43:46
586;Pot Still 8 l;Pot Still 8 l;Мідний самогонний апарат  8л;10970.0000;0;1;2026-06-30 23:00:13;2026-07-01 10:43:46
1465745886;PR08635;PR08635;Балон газовий композитний з відсікачем OPD HPCR. G-5, 12,7 л. (Чехія, під український редуктор);7790.0000;0;0;2026-05-05 10:31:30;2026-07-01 10:43:46
1465745884;PR08637;PR08637;Балон газовий композитний з відсікачем OPD HPCR. G-5, 18,2 л. (Чехія, під український редуктор);7990.0000;999;0;2026-05-05 10:31:30;2026-07-01 10:43:46
1465745885;PR08639;PR08639;Балон газовий композитний з відсікачем OPD HPCR. G-5, 24,5 л. (Чехія, під український редуктор);8190.0000;999;0;2026-05-05 10:31:30;2026-07-01 10:43:46
1465745911;PR08642;PR08642;Балон газовий композитний з відсікачем OPD HPCR. G-5, 26,2 л. (Чехія, під український редуктор);8390.0000;0;0;2026-05-05 10:31:30;2026-07-01 10:43:46
1465745883;PR08653;PR08653;Балон газовий композитний з відсікачем OPD HPCR. G-12, 24,5 л. (Чехія, під євроредуктор);7490.0000;0;0;2026-05-05 10:31:30;2026-07-01 10:43:46
1385;PS-3D;PS-3D;Ректификаційная колона 3 дюйма Premium;28600.0000;999;1;2026-06-30 23:03:06;2026-07-01 10:43:46
1465746432;PS1800;PS1800;Портативна зарядна станція Craftfull PS1800 Fast Charge, 1536 Вт·год, 1800 Вт;39800.0000;0;1;2026-06-30 23:01:04;2026-07-01 10:43:46
1465746444;PS3600;PS3600;Зарядна станція Craftfull Powerstation Fast Charge PS3600 (арт. PS3600);79800.0000;999;1;2026-06-30 23:01:04;2026-07-01 10:43:46
1465745988;PVK-125;PVK-125;Пароводяний котел ПВК 125л;54450.0000;0;1;2026-06-30 23:05:57;2026-07-01 10:43:46
1465745987;PVK-85;PVK-85;Пароводяний котел ПВК 85л;39500.0000;0;1;2026-06-30 23:00:51;2026-07-01 10:43:46
1968;Q-1113n;Q-1113n;Набір для кави 2 чашки (у дерев’яній коробці з оксамитом);2970.0000;0;1;2026-06-30 23:00:45;2026-07-01 10:43:46
1973;Q-1116;Q-1116;Сковорода з боковими фігурними ручками 20 см.;2500.0000;3;1;2026-06-30 23:00:46;2026-07-01 10:43:46
1972;Q-1118;Q-1118;Сковорода з боковими фігурними ручками 18 см.;2360.0000;0;1;2026-06-30 23:00:45;2026-07-01 10:43:46
637;Reflux still 12 l 4;Reflux still 12 l 4;Самогонний апарат 12 л з дефлегматором;17980.0000;0;1;2026-06-30 23:00:13;2026-07-01 10:43:46
583;Reflux still 42 l 6;Reflux still 42 l 6;Мідний самогонний апарат 42 л, з дефлегматором;47771.0000;0;1;2026-06-30 23:00:13;2026-07-01 10:43:46
1271;RN6;RN6;Регулятор напруги 6кВт;470.0000;1;1;2026-06-30 23:01:26;2026-07-01 10:43:46
744;S0101;S0101;Набір спецій для настоянки Хріновуха;105.0000;20;1;2026-06-30 23:01:16;2026-07-01 10:43:46
1625;S0102;S0102;Набір для настоянки Вірменський Арцах 3л;267.0000;1;1;2026-06-30 23:01:31;2026-07-01 10:43:46
1626;S0103;S0103;Набір для настоянки в стилі Джин 1л;76.0000;20;1;2026-06-30 23:01:31;2026-07-01 10:43:46
824;S0104;S0104;Набір спецій для настоянки у стилі Джин (3 л);118.0000;20;1;2026-06-30 23:01:20;2026-07-01 10:43:46
738;S0105;S0105;Набір спецій для настоянки Калганівка;113.0000;22;1;2026-06-30 23:01:16;2026-07-01 10:43:46
1627;S0106;S0106;Набір для настоянки Єврейська Пейсахівка 3л;212.0000;3;1;2026-06-30 23:01:31;2026-07-01 10:43:46
1073;S0107;S0107;Набір для настоянки Коньяк Домашній 3л;105.0000;20;1;2026-06-30 23:01:24;2026-07-01 10:43:46
1053;S0108;S0108;Набір спецій для настоянки ЗУБРІВКА ПОЛЬСЬКА ШЛЯХЕТНА 1л;70.0000;2;1;2026-06-30 23:01:24;2026-07-01 10:43:46
1628;S0109;S0109;Набір для настоянки Українська з перцем 1л;59.0000;20;1;2026-06-30 23:01:31;2026-07-01 10:43:46
1629;S0110;S0110;Набір для настоянки Похмільна 1л;84.0000;1;1;2026-06-30 23:01:31;2026-07-01 10:43:46
827;S0111;S0111;Набір спецій для настоянки Стрижамент (9 л);100.0000;3;1;2026-06-30 23:01:20;2026-07-01 10:43:46
1630;S0112;S0112;Набір для настоянки в стилі Ром Золотистий 1л;74.0000;21;1;2026-06-30 23:01:31;2026-07-01 10:43:46
1631;S0113;S0113;Набір для настоянки Аквавіт 1л;81.0000;1;1;2026-06-30 23:01:31;2026-07-01 10:43:46
1051;S0114;S0114;Набір спецій для настоянки ЗУБРІВКА 1л;59.0000;4;1;2026-06-30 23:01:24;2026-07-01 10:43:46
728;S0115;S0115;Набір спецій для настоянки Абсент;266.0000;1;1;2026-06-30 23:01:16;2026-07-01 10:43:46
737;S0116;S0116;Набір спецій для настоянки Імбірно-лимонна;106.0000;3;1;2026-06-30 23:01:16;2026-07-01 10:43:46
743;S0117;S0117;Набір спецій для настоянки Українська з перцем;92.0000;3;1;2026-06-30 23:01:16;2026-07-01 10:43:46
1632;S0118;S0118;Набір для настоянки Калинова 3л;105.0000;5;1;2026-06-30 23:01:31;2026-07-01 10:43:46
730;S0119;S0119;Набір спецій для настоянки Бородинська;92.0000;2;1;2026-06-30 23:01:16;2026-07-01 10:43:46
729;S0120;S0120;Набір спецій для настоянки Аквавіт;167.0000;20;1;2026-06-30 23:01:16;2026-07-01 10:43:46
732;S0121;S0121;Набір спецій для настоянки в стилі Зубрівка;92.0000;20;1;2026-06-30 23:01:16;2026-07-01 10:43:46
1048;S0122;S0122;Набір спецій для настоянки ЗУБРІВКА ПОЛЬСКА ШЛЯХЕТНА 3л;122.0000;3;1;2026-06-30 23:01:23;2026-07-01 10:43:46
736;S0123;S0123;Набір спецій для настоянки Віскі в Шотландському стилі;113.0000;22;1;2026-06-30 23:01:16;2026-07-01 10:43:46
735;S0124;S0124;Набір спецій для настоянки Віскі в Ірландському стилі;113.0000;22;1;2026-06-30 23:01:16;2026-07-01 10:43:46
733;S0125;S0125;Набір спецій для настоянки в стилі Латгальський Коньяк;96.0000;24;1;2026-06-30 23:01:16;2026-07-01 10:43:46
1633;S0126;S0126;Набір для настоянки Тархун 1л ;62.0000;2;1;2026-06-30 23:01:31;2026-07-01 10:43:46
742;S0127;S0127;Набір спецій для настоянки Тархун;113.0000;2;1;2026-06-30 23:01:16;2026-07-01 10:43:46
1634;S0128;S0128;Набір для настоянки Кюмель Класичний 1л ;112.0000;0;1;2026-06-30 23:01:31;2026-07-01 10:43:46
1272;S0129;S0129;Набір спецій для настоянки Імбирно-лимонна (1 л) Export;75.0000;2;1;2026-06-30 23:01:26;2026-07-01 10:43:46
1024;S0130;S0130;НАБІР СПЕЦІЙ ДЛЯ НАСТОЯНКИ АВСТРІЙСЬКИЙ РОМ 3л;146.0000;20;1;2026-06-30 23:01:23;2026-07-01 10:43:46
1635;S0131;S0131;Набір для настоянки Латгальський Коньяк 1л;69.0000;22;1;2026-06-30 23:01:31;2026-07-01 10:43:46
739;S0132;S0132;Набір спецій для Настоянки Кедрова;197.0000;2;1;2026-06-30 23:01:16;2026-07-01 10:43:46
1465746377;S0133;S0133;Набір спецій для настоянки в стилі Текіла 3 ​​л.;121.0000;22;1;2026-06-30 23:01:47;2026-07-01 10:43:46
1636;S0134;S0134;Набір для настоянки Єврейська Пейсахівка 1л;132.0000;1;1;2026-06-30 23:01:31;2026-07-01 10:43:46
1637;S0135;S0135;Набір для настоянки Сливова 3л;114.0000;20;1;2026-06-30 23:01:31;2026-07-01 10:43:46
1072;S0136;S0136;Набір для настоянки Коньяк на перегородках 3л;96.0000;22;1;2026-06-30 23:01:24;2026-07-01 10:43:46
741;S0137;S0137;Набір спецій для настоянки Мисливська;113.0000;3;1;2026-06-30 23:01:16;2026-07-01 10:43:46
1052;S0138;S0138;Набір спецій для настоянки РОМ АВСТРІЙСЬКИЙ 1л;76.0000;22;1;2026-06-30 23:01:24;2026-07-01 10:43:46
1638;S0139;S0139;Набір для настоянки Кедрова 1л;109.0000;1;1;2026-06-30 23:01:31;2026-07-01 10:43:46
1639;S0140;S0140;Набір для настоянки Горобинова 3л;105.0000;3;1;2026-06-30 23:01:31;2026-07-01 10:43:46
1221;S0141;S0141;Набір спецій для настоянки Львівська Вишнева 3л;248.0000;1;1;2026-06-30 23:01:24;2026-07-01 10:43:46
1094;S0142;S0142;Набір спецій для настойки Віскі пряний (1 л.);79.0000;22;1;2026-06-30 23:01:24;2026-07-01 10:43:46
1640;S0143;S0143;Набір для настоянки Апельсинова 3л;109.0000;20;1;2026-06-30 23:01:31;2026-07-01 10:43:46
1641;S0144;S0144;Набір для настоянки Любовне Зілля 1л;95.0000;1;1;2026-06-30 23:01:32;2026-07-01 10:43:46
1642;S0145;S0145;Набір для настоянки Кизилова 3л;105.0000;1;1;2026-06-30 23:01:32;2026-07-01 10:43:46
1643;S0146;S0146;Набір для настоянки Липова 3л;105.0000;1;1;2026-06-30 23:01:32;2026-07-01 10:43:46
1644;S0147;S0147;Набір для настоянки Ром Різдвяний 3л;133.0000;21;1;2026-06-30 23:01:32;2026-07-01 10:43:46
1645;S0148;S0148;Набір для настоянки Грибна 1л;152.0000;1;1;2026-06-30 23:01:32;2026-07-01 10:43:46
740;S0149;S0149;Набір спецій для настоянки Кюммель Класичний;253.0000;2;1;2026-06-30 23:01:16;2026-07-01 10:43:46
1646;S0150;S0150;Набір для настоянки Грушева 3л;127.0000;20;1;2026-06-30 23:01:32;2026-07-01 10:43:46
1647;S0151;S0151;Набір для настоянки Мисливська 1л;83.0000;1;1;2026-06-30 23:01:32;2026-07-01 10:43:46
1648;S0152;S0152;Набір для настоянки в стилі Віскі пряний 3л;113.0000;20;1;2026-06-30 23:01:32;2026-07-01 10:43:46
1649;S0153;S0153;Набір для настоянки в стилі Ром Золотистий 3л;113.0000;22;1;2026-06-30 23:01:32;2026-07-01 10:43:46
1650;S0154;S0154;Набір для настоянки Лимонна 3л;105.0000;1;1;2026-06-30 23:01:32;2026-07-01 10:43:46
1651;S0155;S0155;Набір для настоянки Обліпихова 3л;105.0000;2;1;2026-06-30 23:01:32;2026-07-01 10:43:46
1652;S0156;S0156;Набір для настоянки Грейпфрутова 3л;204.0000;3;1;2026-06-30 23:01:32;2026-07-01 10:43:46
825;S0157;S0157;Набір спецій для настоянки Джинджура (3 л);318.0000;20;1;2026-06-30 23:01:20;2026-07-01 10:43:46
1220;S0158;S0158;Набір спецій для настоянки Львівська Вишнева 1л;118.0000;20;1;2026-06-30 23:01:24;2026-07-01 10:43:46
1653;S0159;S0159;Набір для настоянки Хріновуха 1л;59.0000;20;1;2026-06-30 23:01:32;2026-07-01 10:43:46
1054;S0160;S0160;Набір спецій для настоянки ЖЕНЬШЕНЕВА;246.0000;20;1;2026-06-30 23:01:24;2026-07-01 10:43:46
727;S0161;S0161;Набір спецій для настойки Терновий Джин Sloe;108.0000;21;1;2026-06-30 23:01:15;2026-07-01 10:43:46
726;S0162;S0162;Набір спецій для лікеру з Шипшини;111.0000;2;1;2026-06-30 23:01:15;2026-07-01 10:43:46
1057;S0163;S0163;Набір спецій для настоянки КОНЬЯК МИГДАЛЬНИЙ;273.0000;21;1;2026-06-30 23:01:24;2026-07-01 10:43:46
1465746378;S0164;S0164;Набір спецій для настоянки в стилі Єгермайстер 3 л;312.0000;2;1;2026-06-30 23:01:47;2026-07-01 10:43:46
2004;S0165;S0165;Набір для настоянки в стилі Бальзам Біттнера 3л.;162.0000;1;1;2026-06-30 23:01:35;2026-07-01 10:43:46
2005;S0166;S0166;Набір для настоянки у стилі Бурбон 3л;113.0000;20;1;2026-06-30 23:01:35;2026-07-01 10:43:46
2006;S0167;S0167;Набір для настоянки Тропічна Вишнева 3л;131.0000;1;1;2026-06-30 23:01:35;2026-07-01 10:43:46
1465746374;S0168;S0168;Набір спецій для настоянки Хурмова 3 л;251.0000;1;1;2026-06-30 23:01:47;2026-07-01 10:43:46
1465746375;S0169;S0169;Набір спецій для настоянки Тернова 3 л;279.0000;20;1;2026-06-30 23:01:47;2026-07-01 10:43:46
1465746379;S0170;S0170;Набір спецій для настоянки Абрикосовий бренді 3 л;349.0000;1;1;2026-06-30 23:01:47;2026-07-01 10:43:46
1465746376;S0171;S0171;Набір спецій для настоянки на Ліщині 1 л;79.0000;2;1;2026-06-30 23:01:47;2026-07-01 10:43:46
1761;S0171-48;S0171-48;Чавунний лист для газового грилю Bel Air Titanium;1920.0000;999;0;2026-05-05 10:27:59;2026-07-01 10:43:46
721;S0201;S0201;Набір спецій для джину Карпатський;325.0000;21;1;2026-06-30 23:01:15;2026-07-01 10:43:46
716;S0202;S0202;Набір спецій для джину в стилі Beefeater;230.0000;21;1;2026-06-30 23:01:15;2026-07-01 10:43:46
720;S0203;S0203;Набір спецій для джину в стилі Monkey 47;543.0000;20;1;2026-06-30 23:01:15;2026-07-01 10:43:46
1654;S0204;S0204;Набір спецій для джину в стилі Aviation;491.0000;22;1;2026-06-30 23:01:32;2026-07-01 10:43:46
1062;S0205;S0205;Набір спецій для ДЖИНУ УКРАЇНСЬКИЙ 12Л;373.0000;21;1;2026-06-30 23:01:24;2026-07-01 10:43:46
1655;S0206;S0206;Набір спецій для джину Японський 12л;307.0000;0;1;2026-06-30 23:01:32;2026-07-01 10:43:46
719;S0207;S0207;Набір спецій для джину в стилі Hendrick's;382.0000;21;1;2026-06-30 23:01:15;2026-07-01 10:43:46
718;S0208;S0208;Набір спецій для джину в стилі Gordon’s London Dry;212.0000;21;1;2026-06-30 23:01:15;2026-07-01 10:43:46
717;S0209;S0209;Набір спецій для джину в стилі Bombay Sapphire;391.0000;0;1;2026-06-30 23:01:15;2026-07-01 10:43:46
1465746382;S0210;S0210;Набір спецій для джину Грейпфрутовий 12л;349.0000;40;1;2026-06-30 23:01:47;2026-07-01 10:43:46
1465746559;S0229;S0229;Набір спецій для джину в стилі Bombay Sapphire, 10 л;363.0000;0;1;2026-06-30 23:01:50;2026-07-01 10:43:46
818;S0301;S0301;Набір спецій для Глінтвейну (0.7 л);69.0000;5;1;2026-06-30 23:01:20;2026-07-01 10:43:46
1056;S0302;S0302;Набір спецій для глінтвейну ДРАКУЛА 1.5л;110.0000;5;1;2026-06-30 23:01:24;2026-07-01 10:43:46
1656;S0303;S0303;Набір спецій для глінтвейну Безалкогольний 1л;87.0000;1;1;2026-06-30 23:01:32;2026-07-01 10:43:46
1657;S0304;S0304;Набір спецій для Глюбір Баварський 1.5 л;98.0000;0;1;2026-06-30 23:01:32;2026-07-01 10:43:46
715;S0401;S0401;Набір спецій для вермуту в стилі Martini;92.0000;2;1;2026-06-30 23:01:15;2026-07-01 10:43:46
714;S0402;S0402;Набір спецій для вермуту у стилі Campari;299.0000;1;1;2026-06-30 23:01:15;2026-07-01 10:43:46
724;S0501;S0501;Набір спецій для лікеру в стилі Sambuca;104.0000;21;1;2026-06-30 23:01:15;2026-07-01 10:43:46
723;S0502;S0502;Набір спецій для лікеру в стилі Becherovka;106.0000;20;1;2026-06-30 23:01:15;2026-07-01 10:43:46
722;S0503;S0503;Набір спецій для лікеру в стилі Amaretto;303.0000;21;1;2026-06-30 23:01:15;2026-07-01 10:43:46
821;S0504;S0504;Набір спецій для лікеру в стилі  Єгермайстер 3.5 л;634.0000;21;1;2026-06-30 23:01:20;2026-07-01 10:43:46
823;S0505;S0505;Набір спецій для Лікера Туніський Тібарін (3 л);150.0000;0;1;2026-06-30 23:01:20;2026-07-01 10:43:46
1658;S0506;S0506;Набір спецій для лікеру в стилі Sambuca 1л ;67.0000;22;1;2026-06-30 23:01:32;2026-07-01 10:43:46
820;S0507;S0507;Набір спецій для лікеру у стилі Blue Curacao (3 л);366.0000;21;1;2026-06-30 23:01:20;2026-07-01 10:43:46
819;S0508;S0508;Набір спецій для лікеру Navarro (3 л);440.0000;1;1;2026-06-30 23:01:20;2026-07-01 10:43:46
1050;S0509;S0509;Набір спецій длялікера в стилі BECHEROVKA 1л;69.0000;24;1;2026-06-30 23:01:23;2026-07-01 10:43:46
1240;S0510;S0510;Набір спецій для лікеру Бейліз (2 л);108.0000;2;1;2026-06-30 23:01:25;2026-07-01 10:43:46
1659;S0511;S0511;Набір спецій для лікеру Малібу 3л;205.0000;24;1;2026-06-30 23:01:32;2026-07-01 10:43:46
1049;S0512;S0512;Набір спецій для М'ЯТНОГО ЛІКЕРА 1л;72.0000;20;1;2026-06-30 23:01:23;2026-07-01 10:43:46
725;S0513;S0513;Набір спецій для лікеру з М'яти;100.0000;22;1;2026-06-30 23:01:15;2026-07-01 10:43:46
1055;S0601;S0601;Набір спецій для горілки СТАРКА;108.0000;2;1;2026-06-30 23:01:24;2026-07-01 10:43:46
813;S0602;S0602;Набір спецій для горілки Гданська Татарське Зілля (3 л);257.0000;21;1;2026-06-30 23:01:19;2026-07-01 10:43:46
816;S0603;S0603;Набір спецій для Горілки Смородинової (3 л);266.0000;2;1;2026-06-30 23:01:20;2026-07-01 10:43:46
817;S0604;S0604;Набір спецій для Горілки Чорничної (3 л);422.0000;20;1;2026-06-30 23:01:20;2026-07-01 10:43:46
814;S0605;S0605;Набір спецій для Горілки Журавлинної (3 л);220.0000;22;1;2026-06-30 23:01:20;2026-07-01 10:43:46
810;S0606;S0606;Набір спецій для горілки OUZO (3 Л);343.0000;1;1;2026-06-30 23:01:19;2026-07-01 10:43:46
812;S0607;S0607;Набір спецій для горілки Гданська Святого Духа (3 л);347.0000;1;1;2026-06-30 23:01:19;2026-07-01 10:43:46
811;S0608;S0608;Набір спецій для горілки Гданська М'ятна (3 Л);140.0000;3;1;2026-06-30 23:01:19;2026-07-01 10:43:46
815;S0609;S0609;Набір спецій для Горілки Малинової (3 л);369.0000;20;1;2026-06-30 23:01:20;2026-07-01 10:43:46
1060;S0701;S0701;Набір спецій для коктейлю СЛАВА УКРАЇНІ 1л;74.0000;3;1;2026-06-30 23:01:24;2026-07-01 10:43:46
1660;S0702;S0702;Набір спецій для коктейлю Кривава Мері 3л;107.0000;0;1;2026-06-30 23:01:32;2026-07-01 10:43:46
1661;S0711;S0711;Набір спецій на 10 коктейлів Цитрусова Маргарита ;80.0000;0;1;2026-06-30 23:01:32;2026-07-01 10:43:46
1662;S0712;S0712;Набір спецій на 10 коктейлів Чорнична Маргарита ;157.0000;0;1;2026-06-30 23:01:32;2026-07-01 10:43:46
1663;S0713;S0713;Набір спецій на 10 коктейлів Полунична Маргарита ;290.0000;0;1;2026-06-30 23:01:32;2026-07-01 10:43:46
1664;S0714;S0714;Набір спецій на 10 коктейлів Вишнева Маргарита ;97.0000;0;1;2026-06-30 23:01:32;2026-07-01 10:43:46
1665;S0715;S0715;Набір спецій на 10 коктейлів Імбирна Маргарита ;85.0000;0;1;2026-06-30 23:01:32;2026-07-01 10:43:46
1666;S0801;S0801;Набір для настоянки Бітер в стилі Ангостура 1л;325.0000;1;1;2026-06-30 23:01:32;2026-07-01 10:43:46
2007;S0802;S0802;Набір для настоянки в стилі біттер Рижський Бальзам 3л;473.0000;1;1;2026-06-30 23:01:35;2026-07-01 10:43:46
1465746383;S0803;S0803;Набір спецій для бітеру в стилі Апероль 2 л;479.0000;1;1;2026-06-30 23:01:47;2026-07-01 10:43:46
1465746380;S0901;S0901;Набір спецій для Медовухи лісової 3 л;94.0000;1;1;2026-06-30 23:01:47;2026-07-01 10:43:46
1465746381;S0902;S0902;Набір спецій для Медовухи витриманої 3 л;94.0000;20;1;2026-06-30 23:01:47;2026-07-01 10:43:46
345;S1;S1;"Прокладка для КЛАМП 1&quot; та 38 мм";20.0000;0;1;2026-06-30 23:01:13;2026-07-01 10:43:46
344;S1.5;S1.5;"Прокладка силіконова КЛАМП 1.5&quot;";20.0000;4;1;2026-06-30 23:01:13;2026-07-01 10:43:46
745;S1001;S1001;Набір спецій для справжнього Тоніка;98.0000;20;1;2026-06-30 23:01:16;2026-07-01 10:43:46
1465745841;S12.7;S12.7;Прокладка силіконова DN 12.7 (25.4 мм);20.0000;0;1;2026-06-30 23:01:38;2026-07-01 10:43:46
347;S2;S2;"Прокладка силіконова для КЛАМП 2&quot;";25.0000;12;1;2026-06-30 23:01:13;2026-07-01 10:43:46
2008;S2001;S2001;Набір для настоянки Зубрівка 21л BigPack;356.0000;5;1;2026-06-30 23:01:35;2026-07-01 10:43:46
2009;S2002;S2002;Набір для настоянки Хреновуха 21л BigPack;451.0000;5;1;2026-06-30 23:01:35;2026-07-01 10:43:46
2010;S2003;S2003;Набір для настоянки Віскі пряний 21л BigPack;566.0000;5;1;2026-06-30 23:01:35;2026-07-01 10:43:46
2011;S2004;S2004;Набір для настоянки Українська з перцем 21л BigPack;327.0000;5;1;2026-06-30 23:01:35;2026-07-01 10:43:46
2012;S2005;S2005;Набір для настоянки Ром Золотистий 21л BigPack;562.0000;5;1;2026-06-30 23:01:35;2026-07-01 10:43:46
2013;S2006;S2006;Набір для лікеру в стилі Becherovka 21л BigPack;506.0000;5;1;2026-06-30 23:01:36;2026-07-01 10:43:46
2014;S2007;S2007;Набір для настоянки Коньяк Домашній 21л BigPack;462.0000;5;1;2026-06-30 23:01:36;2026-07-01 10:43:46
1668;S2010;S2010;Набір спецій для настойки Терновий Джин Sloe 5 л BigPack;435.0000;0;1;2026-06-30 23:01:32;2026-07-01 10:43:46
346;S3;S3;"Прокладка силіконова для КЛАМП 3&quot;";28.0000;7;1;2026-06-30 23:01:13;2026-07-01 10:43:46
1465746560;S3101;S3101;Ялівець ягоди, 100 г;100.0000;0;1;2026-06-30 23:01:51;2026-07-01 10:43:46
1465746561;S3102;S3102;Коріандр, 100 г;29.0000;0;1;2026-06-30 23:01:50;2026-07-01 10:43:46
1465746562;S3103;S3103;Дягель корінь, 100 г;210.0000;0;1;2026-06-30 23:01:50;2026-07-01 10:43:46
1465746563;S3104;S3104;Солодка корінь, 100 г;65.0000;0;1;2026-06-30 23:01:51;2026-07-01 10:43:46
1465746564;S3105;S3105;Калган корінь, 100 г;153.0000;0;1;2026-06-30 23:01:50;2026-07-01 10:43:46
1465746565;S3106;S3106;Липовий цвіт, 50 г;158.0000;0;1;2026-06-30 23:01:51;2026-07-01 10:43:46
1465746566;S3107;S3107;Зубрівка трава, 50 г;109.0000;0;1;2026-06-30 23:01:50;2026-07-01 10:43:46
1465746567;S3108;S3108;Цедра грейпфрута, 50 г;130.0000;0;1;2026-06-30 23:01:51;2026-07-01 10:43:46
1465746568;S3109;S3109;Цедра лимона, 50 г;73.0000;0;1;2026-06-30 23:01:51;2026-07-01 10:43:46
1465746569;S3110;S3110;Цедра апельсина, 50 г;55.0000;0;1;2026-06-30 23:01:51;2026-07-01 10:43:46
1465746570;S3111;S3111;Шкаралупа кедрового горіха, 100 г;93.0000;0;1;2026-06-30 23:01:51;2026-07-01 10:43:46
1465746571;S3112;S3112;Кора хінного дерева, 25 г;105.0000;0;1;2026-06-30 23:01:50;2026-07-01 10:43:46
1465746572;S3113;S3113;Перець кубеба, 25 г;205.0000;0;1;2026-06-30 23:01:51;2026-07-01 10:43:46
1465746573;S3114;S3114;Перець мелегетський, 25 г;143.0000;0;1;2026-06-30 23:01:51;2026-07-01 10:43:46
1465746574;S3115;S3115;Кориця, 50 г;43.0000;0;1;2026-06-30 23:01:51;2026-07-01 10:43:46
1465746575;S3116;S3116;Кардамон, 25 г;174.0000;0;1;2026-06-30 23:01:50;2026-07-01 10:43:46
1465746576;S3117;S3117;Вишня сушена, 100 г;88.0000;0;1;2026-06-30 23:01:50;2026-07-01 10:43:46
1465746577;S3118;S3118;Яблуко сушене, 100 г;40.0000;0;1;2026-06-30 23:01:51;2026-07-01 10:43:46
1465746578;S3119;S3119;Терен, ягоди, 100 г;70.0000;0;1;2026-06-30 23:01:51;2026-07-01 10:43:46
1465746579;S3120;S3120;М’ята, 50 г;38.0000;0;1;2026-06-30 23:01:51;2026-07-01 10:43:46
1465746580;S3121;S3121;Бадьян, 25 г;47.0000;0;1;2026-06-30 23:01:50;2026-07-01 10:43:46
1465746581;S3122;S3122;Аніс, 100 г;65.0000;0;1;2026-06-30 23:01:50;2026-07-01 10:43:46
1465746582;S3123;S3123;Фіалковий корінь ірису, 50 г;70.0000;0;1;2026-06-30 23:01:51;2026-07-01 10:43:46
1465746583;S3124;S3124;Шипшина, 50 г;37.0000;0;1;2026-06-30 23:01:51;2026-07-01 10:43:46
1465746584;S3125;S3125;Хрін корінь, 50 г;92.0000;0;1;2026-06-30 23:01:51;2026-07-01 10:43:46
1465746585;S3126;S3126;Перець гіркий стручковий, 25 г;40.0000;0;1;2026-06-30 23:01:51;2026-07-01 10:43:46
1465746586;S3127;S3127;Анчан, 5 г;42.0000;0;1;2026-06-30 23:01:50;2026-07-01 10:43:46
1322;S4;S4;"Силіконова прокладка під КЛАМ 4&quot;";30.0000;0;1;2026-06-30 23:01:27;2026-07-01 10:43:46
1669;S8801;S8801;Нейлоновий мішечок для настоянок 14х24;47.0000;0;1;2026-06-30 23:01:32;2026-07-01 10:43:46
1670;S8802;S8802;Нейлоновий мішечок для настоянок 60х60;130.0000;0;1;2026-06-30 23:01:32;2026-07-01 10:43:46
1671;S8803;S8803;Нейлоновий мішечок для настоянок 20х30;53.0000;0;1;2026-06-30 23:01:32;2026-07-01 10:43:46
1672;S8806;S8806;Етикетка для пляшки Botanica Spirits 8 х 10 см;5.0000;0;1;2026-06-30 23:01:32;2026-07-01 10:43:46
1465746499;SA1SU14;SA1SU14;Самогонний апарат з сухопарником, 14 л;6207.3000;10;1;2026-07-01 00:00:07;2026-07-01 10:43:46
1465746500;SA1SU21;SA1SU21;Самогонний апарат з сухопарником, 21 л;6844.7500;10;1;2026-07-01 00:00:07;2026-07-01 10:43:46
1465746413;SA1SU33;SA1SU33;Самогонний апарат з сухопарником 33л;8307.7500;999;1;2026-07-01 00:00:07;2026-07-01 10:43:46
1465746501;SA1SU40;SA1SU40;"Самогонний апарат з сухопарником 40 л 2&quot;";9823.0000;10;1;2026-07-01 00:00:07;2026-07-01 10:43:46
1465746502;SA2SU14;SA2SU14;Самогонний апарат з 2 сухопарниками, 14 л;6620.5500;10;1;2026-07-01 00:00:07;2026-07-01 10:43:46
1465746503;SA2SU21;SA2SU21;Самогонний апарат з 2 сухопарниками, 21 л;7258.0000;10;1;2026-07-01 00:00:07;2026-07-01 10:43:46
1465746439;SA2SU33;SA2SU33;Самогонний апарат з 2 сухопарниками 33л;8721.0000;10;1;2026-07-01 00:00:07;2026-07-01 10:43:46
1465746504;SA2SU40;SA2SU40;Самогонний апарат з 2 сухопарниками, 40 л;10236.2500;10;1;2026-07-01 00:00:07;2026-07-01 10:43:46
1465746505;SA2SU50;SA2SU50;Самогонний апарат з 2 сухопарниками, 50 л;10051.0000;10;1;2026-07-01 00:00:07;2026-07-01 10:43:46
1465746513;SABK3214;SABK3214;"Самогонний апарат з дефлегматором, монолітною бражною колоною 2&quot; — 32 мм, куб 14 л";6565.9300;10;1;2026-07-01 00:00:07;2026-07-01 10:43:46
1465746514;SABK3221;SABK3221;"Самогонний апарат з дефлегматором, монолітною бражною колоною 2&quot; — 32 мм, куб 21 л";7203.3800;10;1;2026-07-01 00:00:07;2026-07-01 10:43:46
1465746515;SABK4033;SABK4033;"Самогонний апарат з дефлегматором 33 л, бражна колона 2&quot; 40 мм ";9540.3800;10;1;2026-07-01 00:00:07;2026-07-01 10:43:46
1465746516;SABK4040;SABK4040;"Самогонний апарат з дефлегматором, монолітною бражною колоною 2&quot; — 40 мм, куб 40 л";11055.6300;10;1;2026-07-01 00:00:07;2026-07-01 10:43:46
1465746517;SABK4050;SABK4050;"Самогонний апарат з дефлегматором, монолітною бражною колоною 2&quot; — 40 мм, куб 50 л";10870.3800;10;1;2026-07-01 00:00:07;2026-07-01 10:43:46
1465746518;SABKKL33;SABKKL33;"Самогонний апарат з дефлегматором, бражною колоною 2&quot;, куб 33 л";13637.2500;10;1;2026-07-01 00:00:07;2026-07-01 10:43:46
1465746519;SABKKL40;SABKKL40;"Самогонний апарат з дефлегматором, бражною колоною 2&quot;, куб 40 л";15152.5000;10;1;2026-07-01 00:00:07;2026-07-01 10:43:46
1465746520;SABKKL50;SABKKL50;"Самогонний апарат з дефлегматором, бражною колоною 2&quot;, куб 50 л";14967.2500;10;1;2026-07-01 00:00:07;2026-07-01 10:43:46
1465746521;SABKKL60;SABKKL60;"Самогонний апарат з дефлегматором, бражною колоною 2&quot;, куб під ТЕН 60 л";17765.0000;10;1;2026-07-01 00:00:07;2026-07-01 10:43:46
1465746528;SAKK3R40;SAKK3R40;"Самогонний апарат з тарілчастою ковпачковою колоною 2&quot; 3 рівні, куб 40 л";17085.7500;10;1;2026-07-01 00:00:08;2026-07-01 10:43:46
1465746529;SAKK3R50;SAKK3R50;"Самогонний апарат з тарілчастою ковпачковою колоною 2&quot; 3 рівні, куб 50 л";16900.5000;10;1;2026-07-01 00:00:08;2026-07-01 10:43:46
1465746530;SAKK3R60;SAKK3R60;"Самогонний апарат з тарілчастою ковпачковою колоною 2&quot; 3 рівні, куб під ТЕН 60 л";19698.2500;10;1;2026-07-01 00:00:08;2026-07-01 10:43:46
1465746522;SARKPR40;SARKPR40;"Самогонний апарат з дефлегматором 2&quot;, з вузлом відбору по пару, куб 40 л";20123.3800;10;1;2026-07-01 00:00:07;2026-07-01 10:43:46
1465746523;SARKPR50;SARKPR50;"Самогонний апарат з дефлегматором 2&quot;, з вузлом відбору по пару, куб 50 л";19938.1300;10;1;2026-07-01 00:00:07;2026-07-01 10:43:46
1465746524;SARKPR60;SARKPR60;"Самогонний апарат з дефлегматором 2&quot;, з вузлом відбору по пару, куб під ТЕН 60 л";22735.8800;10;1;2026-07-01 00:00:07;2026-07-01 10:43:46
1465746525;SARKRD40;SARKRD40;"Самогонний апарат з ректифікаційною колоною 2&quot;, відбір по рідині, куб 40 л";16682.0000;10;1;2026-07-01 00:00:07;2026-07-01 10:43:46
1465746526;SARKRD50;SARKRD50;"Самогонний апарат з ректифікаційною колоною 2&quot;, відбір по рідині, куб 50 л";16496.7500;10;1;2026-07-01 00:00:07;2026-07-01 10:43:46
1465746527;SARKRD60;SARKRD60;"Самогонний апарат з ректифікаційною колоною 2&quot;, відбір по рідині, куб під ТЕН 60 л";19294.5000;10;1;2026-07-01 00:00:08;2026-07-01 10:43:46
1465746452;shtucerDN19;shtucerDN19;Штуцер кламповий DN25 (під затискач 34мм) AISI304;90.0000;0;1;2026-06-30 23:01:49;2026-07-01 10:43:46
1011;Sim;Sim;Укупорщик ручний Simplex для коркових пробок;225.0000;0;1;2026-06-30 23:01:23;2026-07-01 10:43:46
1465745985;Sok-1;Sok-1;Екстрактор Сокслета 2 дюйма ;1045.0000;999;1;2026-06-30 23:05:55;2026-07-01 10:43:46
1465745984;Sok-2;Sok-2;Екстрактор Сокслета 2 дюйма + трійник;1540.0000;999;1;2026-06-30 23:05:55;2026-07-01 10:43:46
1465745986;sok-3;sok-3;Екстрактор Сокслета 2 дюйма (повний комплект);2805.0000;999;1;2026-06-30 23:05:56;2026-07-01 10:43:46
1465745983;Sok3-1;Sok3-1;Екстрактор Сокслета 3 дюйма;1375.0000;999;1;2026-06-30 23:05:54;2026-07-01 10:43:46
1465745981;Sok3-2;Sok3-2;Екстрактор Сокслета 3 дюйма + трійник;2310.0000;999;1;2026-06-30 23:05:53;2026-07-01 10:43:46
1465745982;Sok3-3;Sok3-3;Екстрактор Сокслета 3 дюйма (повний комплект);4125.0000;999;1;2026-06-30 23:05:53;2026-07-01 10:43:46
575;T-5550;T-5550;Аламбік на клампах 40 л з дефлегматором;25200.0000;0;1;2026-06-30 23:00:13;2026-07-01 10:43:46
1709;T0101;T0101;Дубова тріска на 10л Hot Rod Gradient L;125.0000;0;1;2026-06-30 23:01:34;2026-07-01 10:43:46
1710;T0102;T0102;Дубова тріска на 10л Hot Rod Gradient M;125.0000;2;1;2026-06-30 23:01:34;2026-07-01 10:43:46
1711;T0103;T0103;Дубова тріска на 10л Hot Rod Gradient M+;125.0000;0;1;2026-06-30 23:01:34;2026-07-01 10:43:46
1708;T0104;T0104;Дубова тріска на 10л Hot Rod Gradient H;125.0000;1;1;2026-06-30 23:01:34;2026-07-01 10:43:46
1704;T0111;T0111;Дубова тріска на 10л Hot Rod French Oak L;70.0000;0;1;2026-06-30 23:01:33;2026-07-01 10:43:46
1706;T0112;T0112;Дубова тріска на 10л Hot Rod French Oak М;70.0000;3;1;2026-06-30 23:01:34;2026-07-01 10:43:46
1707;T0113;T0113;Дубова тріска на 10л Hot Rod French Oak М+;70.0000;2;1;2026-06-30 23:01:34;2026-07-01 10:43:46
1705;T0114;T0114;Дубова тріска на на 100 л Hot Rod French Oak M+ MegaPack;498.0000;0;1;2026-06-30 23:01:34;2026-07-01 10:43:46
1703;T0115;T0115;Дубова тріска на 10л Hot Rod French Oak H;70.0000;0;1;2026-06-30 23:01:33;2026-07-01 10:43:46
1702;T0121;T0121;Дубова тріска на 10л Hot Rod American Oak L;80.0000;0;1;2026-06-30 23:01:33;2026-07-01 10:43:46
1687;T0133;T0133;Дубова тріска на 10л з українського дубу  100 г середня фракція мікс з необсмаженою;88.0000;0;1;2026-06-30 23:01:33;2026-07-01 10:43:46
2015;T0142;T0142;Дубова тріска французький дуб велика фракція середній випал 100 г;100.0000;0;1;2026-06-30 23:01:36;2026-07-01 10:43:46
1692;T0203;T0203;Дубова клепка  на 10 л Hot Rod Gradient M+;150.0000;1;1;2026-06-30 23:01:33;2026-07-01 10:43:46
915;T0214;T0214;ДУБОВА КЛЕПКА БОЧКИ MARSALA (100 Г);150.0000;0;1;2026-06-30 23:01:22;2026-07-01 10:43:46
2016;T0215;T0215;Дубова клепка бочки Cognac XXO 100 г;150.0000;0;1;2026-06-30 23:01:36;2026-07-01 10:43:46
1696;T0401;T0401;Кубики з вишні 100 г;120.0000;0;1;2026-06-30 23:01:33;2026-07-01 10:43:46
1697;T0402;T0402;Кубики з груші 100 г;120.0000;0;1;2026-06-30 23:01:33;2026-07-01 10:43:46
1695;T0403;T0403;Кубики з акації 100 г;120.0000;0;1;2026-06-30 23:01:33;2026-07-01 10:43:46
1698;T0405;T0405;Кубики з яблуні 100 г;120.0000;0;1;2026-06-30 23:01:33;2026-07-01 10:43:46
2017;T0501;T0501;Дубові кубики M+ насичені Хересом на 10л;157.0000;4;1;2026-06-30 23:01:36;2026-07-01 10:43:46
1465746388;T0502;T0502;Кубики дубові Hot Rod M+ насичені вином Мадера на 10 л;157.0000;1;1;2026-06-30 23:01:48;2026-07-01 10:43:46
1465746386;T0503;T0503;Кубики дубові Hot Rod M+ насичені вином Сотерн на 10 л;150.0000;1;1;2026-06-30 23:01:48;2026-07-01 10:43:46
1465746385;T0504;T0504;Кубики дубові Hot Rod M+ насичені вином Токай на 10 л;150.0000;0;1;2026-06-30 23:01:48;2026-07-01 10:43:46
1465746387;T0505;T0505;Кубики дубові Hot Rod M+ насичені вином Марсала на 10 л;150.0000;2;1;2026-06-30 23:01:48;2026-07-01 10:43:46
2018;T0511;T0511;Дубові кубики M+ насичені Портвейном на 10л;189.0000;0;1;2026-06-30 23:01:36;2026-07-01 10:43:46
2019;T0521;T0521;Дубові кубики M+ насичені димним віскі на 10л.;180.0000;0;1;2026-06-30 23:01:36;2026-07-01 10:43:46
2020;T0531;T0531;Дубові кубики M+ насичені текілою на 10л.;150.0000;0;1;2026-06-30 23:01:36;2026-07-01 10:43:46
2021;T0541;T0541;Дубові кубики M+ насичені ромом на 10л;150.0000;0;1;2026-06-30 23:01:36;2026-07-01 10:43:46
1689;T1001;T1001;Екстракт дубу 50 мл на 5 л Bousinage Mix ;235.0000;0;1;2026-06-30 23:01:33;2026-07-01 10:43:46
1688;T1002;T1002;Екстракт дубу 100 мл на 10 л Bousinage Mix ;470.0000;0;1;2026-06-30 23:01:33;2026-07-01 10:43:46
2022;T1012;T1012;Екстракт дуба 200мл на 20л;555.0000;0;1;2026-06-30 23:01:36;2026-07-01 10:43:46
1699;T2001;T2001;Сухий танін  1 г на 4 л Bousinage;79.0000;0;1;2026-06-30 23:01:33;2026-07-01 10:43:46
1701;T2012;T2012;Сухий танін  50 г на 250 л Hot Rod;1470.0000;2;1;2026-06-30 23:01:33;2026-07-01 10:43:46
1779;TCR2-FRAME;TCR2-FRAME;Газовий гриль внутрішній CROSSRAY® 2 Heatstrip;3275.0000;999;0;2026-05-05 10:27:59;2026-07-01 10:43:46
1778;TCR4-FRAME;TCR4-FRAME;Газовий гриль внутрішній CROSSRAY® 4 Heatstrip;5950.0000;999;0;2026-05-05 10:27:59;2026-07-01 10:43:46
1775;TCS2AC-006;TCS2AC-006;Захисний чохол для газового грилю Crossray 2 Heatstrip;4050.0000;999;0;2026-05-05 10:27:59;2026-07-01 10:43:46
1843;TCS2EU30;TCS2EU30;Газовий інфрачервоний преміум-гриль Heatstrip CROSSRAY® 2;52250.0000;0;0;2026-05-05 10:26:48;2026-07-01 10:43:46
1777;TCS4AC-001;TCS4AC-001;Планча для газового грилю Crossray HEATSTRIP;3675.0000;0;0;2026-05-05 10:27:59;2026-07-01 10:43:46
1776;TCS4AC-004;TCS4AC-004;Захисний чохол для газового грилю Crossray 4 Heatstrip;4340.0000;999;0;2026-05-05 10:27:59;2026-07-01 10:43:46
1465746329;TCS4AC-014;TCS4AC-014;Набір приладдя для гриля, 3 предмети;1520.0000;999;0;2026-05-05 10:27:59;2026-07-01 10:43:46
1842;TCS4EU30;TCS4EU30;Газовий інфрачервоний преміум-гриль Heatstrip CROSSRAY® 4;80900.0000;999;0;2026-05-05 10:26:48;2026-07-01 10:43:46
1268;TK 24 Ex;TK 24 Ex;Засіб дAlcotec 24 Extra Klar ля освітлення 100 л браги;120.0000;0;1;2026-06-30 23:01:25;2026-07-01 10:43:46
1465745979;TORP-4-2-2;TORP-4-2-2;Мідна торпеда Міньйон (дистиляційний рівень);6950.0000;5;1;2026-06-30 23:01:39;2026-07-01 10:43:46
565;UF-028 Var 0001;UF-028 Var 0001;Ємність універсальна 15 л;9675.0000;999;1;2026-06-30 23:00:13;2026-07-01 10:43:46
566;UF-035 Var 0001;UF-035 Var 0001;Ємність універсальна 45 л;10800.0000;999;1;2026-06-30 23:00:13;2026-07-01 10:43:46
540;UF-035 Var 0005;UF-035 Var 0005;Ємність універсальна 30 л;10150.0000;999;1;2026-06-30 23:00:12;2026-07-01 10:43:46
543;UF-035 Var 0006;UF-035 Var 0006;Ємність універсальна 60 л;11250.0000;999;1;2026-06-30 23:00:12;2026-07-01 10:43:46
567;UF-044 Var 0001;UF-044 Var 0001;Ємність універсальна 95 л;12825.0000;999;1;2026-06-30 23:00:13;2026-07-01 10:43:46
568;UF-044 Var 0003;UF-044 Var 0003;Ємність універсальна 120 л;14400.0000;999;1;2026-06-30 23:00:13;2026-07-01 10:43:46
1465746458;vak-filter;vak-filter;Вакуумний фільтр для настоянок;1628.0000;999;1;2026-06-30 23:06:29;2026-07-01 10:43:46
1465746459;vak-kr-1;vak-kr-1;Вакуумна кришка для настоювання, базовий комплект;539.0000;999;1;2026-06-30 23:06:30;2026-07-01 10:43:46
1465746460;vak-kr-2;vak-kr-2;Вакуумна кришка для настоювання, повний комплект;759.0000;999;1;2026-06-30 23:06:31;2026-07-01 10:43:46
1006;Wt-1 (Б);Wt-1 (Б);Термометр цифровий голчатий;110.0000;0;1;2026-06-30 23:01:22;2026-07-01 10:43:46
1155;Y0080027;Y0080027;"Газовий шланг 80 см під різьблення 1/4&quot;, редуктор IGT 50 мбар, комплект";1190.0000;0;0;2026-05-05 10:30:54;2026-07-01 10:43:46
1257;Z-2;Z-2;"Заглушка КЛАМП 2&quot; DN51";100.0000;1;1;2026-06-30 23:01:25;2026-07-01 10:43:46
1947;ІК1/4М;ІК1/4М;Голчастий кран;560.0000;0;1;2026-06-30 23:01:35;2026-07-01 10:43:46
1751;А06619033М;А06619033М; Камінь для піци зі сталевим підносом та різаком GrandHall;1345.0000;0;0;2026-05-05 10:27:59;2026-07-01 10:43:46
1758;А07101043F;А07101043F;Електровертел із двома затискачами до моделей газових грилів GrandHall Maxim GT4, Premium GT3, Elite GT5;5600.0000;999;0;2026-05-05 10:27:59;2026-07-01 10:43:46
1465745876;АСП-3;АСП-3;Ареометр для спирту 40-70%, Китай;85.0000;0;1;2026-06-30 23:01:38;2026-07-01 10:43:46
1219;АТС-100;АТС-100;Рефрактометр для соків 0-32% Brix;740.0000;0;1;2026-06-30 23:01:24;2026-07-01 10:43:46
380;АТС-120;АТС-120;Рефрактометр для пива 0-32% Brix;740.0000;1;1;2026-06-30 23:01:13;2026-07-01 10:43:46
872;АТС-40;АТС-40;Рефрактометр для вина (0-25% спирт, 0-40% цукор);710.0000;1;1;2026-06-30 23:01:21;2026-07-01 10:43:46
873;АТС-80;АТС-80;Рефрактометр для спирту 0-80%;710.0000;1;1;2026-06-30 23:01:21;2026-07-01 10:43:46
1254;БС;БС;Бентоніт Світлий 1кг;140.0000;0;1;2026-06-30 23:01:25;2026-07-01 10:43:46
1255;БТУ;БТУ;Бентоніт темний 1 кг;80.0000;0;1;2026-06-30 23:01:25;2026-07-01 10:43:46
1791;В03433320A;В03433320A;Газовий гриль вбудований GrandHall Maxim GT4S Built-in;41205.0000;0;0;2026-05-05 10:26:48;2026-07-01 10:43:46
1801;В03433320AК;В03433320AК;Гриль-станция GrandHall Maxim GT4 Island Set (GrandHall Maxim GT4 + тумба + боковая конфорка);59840.0000;0;0;2026-05-05 10:26:48;2026-07-01 10:43:46
1295;ВА;ВА;Вугілля активоване кокосове 1кг;195.0000;3;1;2026-06-30 23:01:26;2026-07-01 10:43:46
1323;ВК-2;ВК-2;"Врізка КЛАМП 2&quot; в куб";385.0000;0;1;2026-06-30 23:01:27;2026-07-01 10:43:46
901;ВС-11;ВС-11;Воронка нержавіюча з фільтром, d-11см;162.0000;1;1;2026-06-30 23:01:21;2026-07-01 10:43:46
860;ВС-13;ВС-13;Воронка з нержавіючої сталі, d-13см;189.0000;2;1;2026-06-30 23:01:20;2026-07-01 10:43:46
902;ВС-15;ВС-15;Лійка нержавіюча, d-15 см;210.0000;0;1;2026-06-30 23:01:21;2026-07-01 10:43:46
1465745918;ВС-18;ВС-18;Воронка з нержавіючої сталі, d-18см;218.0000;0;1;2026-06-30 23:01:38;2026-07-01 10:43:46
857;ГЗ-2;ГЗ-2;Гідрозатвор 3-х секційний;70.0000;14;1;2026-06-30 23:01:20;2026-07-01 10:43:46
798;Д-SF-E8;Д-SF-E8;Турбо дрожжи Sp. Ferm Extreme 8 kg;135.0000;0;1;2026-06-30 23:01:19;2026-07-01 10:43:46
797;Д-SF-T3;Д-SF-T3;Сухі турбо дріжджі Sp. Ferm Т3;128.0000;0;1;2026-06-30 23:01:19;2026-07-01 10:43:46
2027;ДВ-10;ДВ-10;Дивертор металевий з перехідником 10,2 мм;108.0000;1;1;2026-06-30 23:01:36;2026-07-01 10:43:46
1465745919;ДВ-8;ДВ-8;Дивертор металевий з перехідником 7,9 мм;108.0000;1;1;2026-06-30 23:01:38;2026-07-01 10:43:46
1269;ДВ-AW;ДВ-AW;Винні дріжджі Alcotec Aromatic Wine Complex;100.0000;0;1;2026-06-30 23:01:26;2026-07-01 10:43:46
801;ДВ-SAW;ДВ-SAW;Сухі дріжджі Spirit Ferm aromatic wine complex;88.0000;2;1;2026-06-30 23:01:19;2026-07-01 10:43:46
1259;ДТ-$48;ДТ-$48;Спиртові дріжджі ALCOTEC TURBO CLASSIC 48;169.0000;0;1;2026-06-30 23:01:25;2026-07-01 10:43:46
1313;ДТ-R;ДТ-R;Спиртові Турбо Дріжджі Alcotec Rum Turbo;142.0000;1;1;2026-06-30 23:01:26;2026-07-01 10:43:46
1242;ДТ-XXL;ДТ-XXL;Спиртові Турбо Дріжджі Puri Ferm XXL на 100 л;310.0000;0;1;2026-06-30 23:01:25;2026-07-01 10:43:46
1241;ДТ-МР;ДТ-МР;Турбо дріжджі Alcotec Mega Pack 100 літрів;362.0000;0;1;2026-06-30 23:01:25;2026-07-01 10:43:46
1238;ДТ-С48;ДТ-С48;Дріжджі Турбо Double Snake C48;160.0000;1;1;2026-06-30 23:01:25;2026-07-01 10:43:46
1465745869;ДТ-Т3;ДТ-Т3;Турбо дріжджі для цукру Alcotec T3;129.0000;0;1;2026-06-30 23:01:37;2026-07-01 10:43:46
1270;ДФ-AL;ДФ-AL;Фруктові дріжджі Alcotec Turbo Yeast Fruit;149.0000;1;1;2026-06-30 23:01:26;2026-07-01 10:43:46
799;ДФ-SF;ДФ-SF;Фруктові турбо дріжджі Sp. Ferm Turbo Fruit;99.0000;2;1;2026-06-30 23:01:19;2026-07-01 10:43:46
1243;Е-48;Е-48;Дріжджі Cobra Extreme 48;207.0000;5;1;2026-06-30 23:01:25;2026-07-01 10:43:46
1465746231;Ес-С-228;Ес-С-228;Дріжджі COOBRA TURBO FRUIT 40г;105.0000;0;1;2026-06-30 23:01:46;2026-07-01 10:43:46
1222;ЗГ-О;ЗГ-О;Зажим Гофмана нерж.;85.0000;0;1;2026-06-30 23:01:24;2026-07-01 10:43:46
1237;ЗнБ;ЗнБ;Замок хомута на бак;142.0000;0;1;2026-06-30 23:01:25;2026-07-01 10:43:46
1465745834;К-22;К-22;Кришка для бутиля 22л;65.0000;1;1;2026-06-30 23:01:37;2026-07-01 10:43:46
832;КБ-17;КБ-17;Кран для бродильних ємностей - 17 мм;35.0000;5;1;2026-06-30 23:01:20;2026-07-01 10:43:46
833;КБ-7;КБ-7;Кран для бродильних ємностей - 12 мм;24.0000;0;1;2026-06-30 23:01:20;2026-07-01 10:43:46
834;КБС;КБС;"Кран для бродильних ємностей 10мм 3/4&quot;";80.0000;8;1;2026-06-30 23:01:20;2026-07-01 10:43:46
917;КБС-Б;КБС-Б;Кран зливний для бродильних ємностей 11мм;72.0000;22;1;2026-06-30 23:01:22;2026-07-01 10:43:46
1210;КВ;КВ;Капілярний виномір;120.0000;2;1;2026-06-30 23:01:24;2026-07-01 10:43:46
1214;КНТ-Л;КНТ-Л;Клапан надмірного тиску 0,1 МПа латунний;62.0000;0;1;2026-06-30 23:01:24;2026-07-01 10:43:46
1267;КП-10;КП-10;Кран голчастий пластиковий 10 мм;105.0000;0;1;2026-06-30 23:01:25;2026-07-01 10:43:46
1465745847;КП-12;КП-12;Кран голчастий пластиковий 12 мм;95.0000;4;1;2026-06-30 23:01:36;2026-07-01 10:43:46
1465745835;КС-Б;КС-Б;Ковпачок силіконовий для бутлів 60 мм;65.0000;0;1;2026-06-30 23:01:38;2026-07-01 10:43:46
214;КСМ-16;КСМ-16;Кран нержавіючий 10мм вбудований;280.0000;0;1;2026-06-30 23:01:11;2026-07-01 10:43:46
837;КТ;КТ;Клапан надлишкового тиску;59.0000;4;1;2026-06-30 23:01:20;2026-07-01 10:43:46
1253;КУ-П;КУ-П;Багаторазовий картридж для вугілля з кріпленням;227.0000;0;1;2026-06-30 23:01:25;2026-07-01 10:43:46
1465745856;КШН1;КШН1;Кран шаровий нержавіючий 1 дюйм;300.0000;4;1;2026-06-30 23:01:37;2026-07-01 10:43:46
1009;ЛЖП62;ЛЖП62;Ложка пластикова 62 см;120.0000;1;1;2026-06-30 23:01:22;2026-07-01 10:43:46
1037;ЛП62;ЛП62;Лопатка пластикова 62 см;120.0000;2;1;2026-06-30 23:01:23;2026-07-01 10:43:46
830;МС-К;МС-К;Млин для солоду;1620.0000;0;1;2026-06-30 23:00:17;2026-07-01 10:43:46
862;МС100 20х30;МС100 20х30;Мішок для хмелю  20х30 МС100;47.0000;2;1;2026-06-30 23:01:21;2026-07-01 10:43:46
829;МС100. 45х62;МС100. 45х62;Мішок для затирання солоду  45х62 МС100;75.0000;4;1;2026-06-30 23:01:20;2026-07-01 10:43:46
927;МС200 20х30;МС200 20х30;Мішок для хмелю  20х30 МС200;47.0000;5;1;2026-06-30 23:01:22;2026-07-01 10:43:46
828;МС200. 45х62;МС200. 45х62;Мішок для затирання солоду 45х62 МС200;85.0000;5;1;2026-06-30 23:01:20;2026-07-01 10:43:46
850;МС200. 60х60;МС200. 60х60;Мішок для затирання солоду 60х60 МС200;100.0000;3;1;2026-06-30 23:01:20;2026-07-01 10:43:46
1465745891;Н01;Н01;Комплект: газовий шланг 80 см, редуктор GOK 30 мбар (тип з'єднання SHELL), хомути 2 шт;930.0000;999;0;2026-05-05 10:30:54;2026-07-01 10:43:46
1876;Н0730150R;Н0730150R;Набір для підключення до газового балона, редуктор 30 мбар, шланг 150 см;1210.0000;0;0;2026-05-05 10:30:54;2026-07-01 10:43:46
1877;Н0730200R;Н0730200R;Набір для підключення до газового балона, редуктор 30 мбар, шланг 200 см;1310.0000;0;0;2026-05-05 10:30:54;2026-07-01 10:43:46
1874;Н073080R;Н073080R;Набір для підключення до газового балона, редуктор 30 мбар, шланг 80 см;1055.0000;0;0;2026-05-05 10:30:54;2026-07-01 10:43:46
1465745893;Н1030200НК;Н1030200НК;"Комплект: газовий шланг 200 см, редуктор GOK 30 мбар (тип з'єднання KOMBI), вн різьблення 1/2&quot; Ду 15, хомути посилен.";1575.0000;999;0;2026-05-05 10:30:54;2026-07-01 10:43:46
1465745892;Н103080НК;Н103080НК;"Комплект: газовий шланг 80 см, редуктор GOK 30 мбар (тип з'єднання ­ KOMBI), вн різьблення 1/2&quot; Ду 15, хомути посилен.";1320.0000;999;0;2026-05-05 10:30:54;2026-07-01 10:43:46
1002;НАСП;НАСП;Набір ареометрів в пластиковому футлярі;217.0000;0;1;2026-06-30 23:01:22;2026-07-01 10:43:46
1034;НАСП-Д;НАСП-Д;Набір ареометрів в дерев'яному футлярі;358.0000;1;1;2026-06-30 23:01:23;2026-07-01 10:43:46
858;НК;НК;Набір для калібрування РН метрів;28.0000;4;1;2026-06-30 23:01:20;2026-07-01 10:43:46
866;НП-М8;НП-М8;Ніпель для термометра;45.0000;0;1;2026-06-30 23:01:21;2026-07-01 10:43:46
1465745852;ПК 1.5 - DN25-В;ПК 1.5 - DN25-В;Кламповий штуцер-перехідник 1.5 дюйми на DN25 (зовнішнє різьблення 1);140.0000;5;1;2026-06-30 23:01:38;2026-07-01 10:43:46
1465745920;ПК-8;ПК-8;Перехідник із крана на трубку, штуцер 7,9 мм (металевий);90.0000;1;1;2026-06-30 23:01:38;2026-07-01 10:43:46
1465745851;ПК2;ПК2;Кламповий штуцер-перехідник 2 дюйми на DN25 (зовнішнє різьблення 1);190.0000;0;1;2026-06-30 23:01:37;2026-07-01 10:43:46
1318;ПНБ;ПНБ;Папуга в банку;760.0000;6;1;2026-06-30 23:01:26;2026-07-01 10:43:46
1465745872;ПНМ;ПНМ;Папуга настільний металевий;720.0000;0;1;2026-06-30 23:01:37;2026-07-01 10:43:46
1239;Р-48;Р-48;Дріжджі Турбо Alcotec PURE 48;183.0000;1;1;2026-06-30 23:01:25;2026-07-01 10:43:46
1465745915;Р12-60-1/2;Р12-60-1/2;Насос 12V 60W папа 1/2 дюйма;567.0000;1;1;2026-06-30 23:01:38;2026-07-01 10:43:46
1256;Р50;Р50;"Штуцер КЛАМП 2&quot;";60.0000;5;1;2026-06-30 23:01:25;2026-07-01 10:43:46
311;РПН-М;РПН-М;Сітка Панченкова мідна РПН-М 1 м;399.0000;3;1;2026-06-30 23:01:12;2026-07-01 10:43:46
235;РПН-С;РПН-С;Сітка Панченкова нержавіюча РПН-С 1м;160.0000;2;1;2026-06-30 23:01:11;2026-07-01 10:43:46
851;РУК;РУК;Укупорпорювач для кронен пробок;631.0000;995;1;2026-06-30 23:00:18;2026-07-01 10:43:46
1036;РУП;РУП;Укупорювач винних пляшок;760.0000;0;1;2026-06-30 23:01:23;2026-07-01 10:43:46
1465746334;СP8635;СP8635;Чохол для газового балону HPCR 12,7л з відсікачем;1630.0000;999;0;2026-05-05 10:31:30;2026-07-01 10:43:46
1465746333;СP8637;СP8637;Чохол для газового балону HPCR 18,2л з відсікачем;1740.0000;999;0;2026-05-05 10:31:30;2026-07-01 10:43:46
1465746332;СP8639;СP8639;Чохол для газового балону HPCR 24,5л з відсікачем;1790.0000;999;0;2026-05-05 10:31:30;2026-07-01 10:43:46
1465745871;СП-1;СП-1;Спиртометр (ареометр) побутовий Китай 0-96%;25.0000;0;1;2026-06-30 23:01:38;2026-07-01 10:43:46
1010;СП-36 (П);СП-36 (П);Силіконова прокладка П-подібна для куба 36 л;360.0000;1;1;2026-06-30 23:01:22;2026-07-01 10:43:46
1296;СП-50;СП-50;Сушарка для пляшок на 50шт;1050.0000;0;1;2026-06-30 23:01:26;2026-07-01 10:43:46
1233;СП1.5;СП1.5;"Силіконова прокладка з сіткою для КЛАМП 1.5&quot;";58.0000;3;1;2026-06-30 23:01:25;2026-07-01 10:43:46
1465745836;СП1.5;СП1.5;"Силиконовая прокладка с сеткой для КЛАМП 1.5&quot;";58.0000;1;0;2025-03-20 19:55:37;2026-07-01 10:43:46
1312;СП3;СП3;"Силіконова прокладка з сіткою для КЛАМП 3&quot;";69.0000;4;1;2026-06-30 23:01:26;2026-07-01 10:43:46
1465745921;СП3-0,5;СП3-0,5;"Силіконова прокладка з сіткою для КЛАМП 3&quot; 0,5мм";69.0000;1;1;2026-06-30 23:01:38;2026-07-01 10:43:46
907;СПН М;СПН М;Спірально-призматична насадка (СПН) мідна 3.5х3.5х0.35, 1 кг;1359.0000;3;1;2026-06-30 23:01:22;2026-07-01 10:43:46
908;СПН С;СПН С;Спірально-призматична насадка (СПН) нержавіюча 3.5х3.5х0.36, 1 кг;932.0000;1;1;2026-06-30 23:01:22;2026-07-01 10:43:46
836;СПФ;СПФ;Сифон переливний з фільтром;121.0000;2;1;2026-06-30 23:01:20;2026-07-01 10:43:46
1007;СФ-БК;СФ-БК;Сифон переливний;69.0000;0;1;2026-06-30 23:01:22;2026-07-01 10:43:46
1038;СФ-К;СФ-К;Сифон переливний з краном;130.0000;0;1;2026-06-30 23:01:23;2026-07-01 10:43:46
1963;Т - 0027;Т - 0027;Мідний таз 2,7 л.;4000.0000;1;1;2026-06-30 23:00:45;2026-07-01 10:43:46
1964;Т - 0046;Т - 0046;Мідний таз 4,6 л.;4600.0000;0;1;2026-06-30 23:00:45;2026-07-01 10:43:46
1372;Т0201;Т0201;Дубова клепка Gradient-L на 10л;150.0000;1;1;2026-06-30 23:01:27;2026-07-01 10:43:46
1691;Т0202;Т0202;Дубова клепка на 10 л Hot Rod Gradient M;150.0000;2;1;2026-06-30 23:01:33;2026-07-01 10:43:46
1369;Т0204;Т0204;Дубова клепка Gradient-H на 10л;150.0000;2;1;2026-06-30 23:01:27;2026-07-01 10:43:46
914;Т0211;Т0211;ДУБОВА КЛЕПКА БОЧКИ JACK DANIEL'S (100 Г);165.0000;999;1;2026-06-30 23:03:00;2026-07-01 10:43:46
925;Т0212;Т0212;ДУБОВА КЛЕПКА БОЧКИ REMY MARTIN (100 Г);165.0000;999;1;2026-06-30 23:03:01;2026-07-01 10:43:46
1375;Т0303;Т0303;Дубові кубики середній випал M+ на 10л;132.0000;999;1;2026-06-30 23:03:04;2026-07-01 10:43:46
1693;Т0304;Т0304;Дубові кубики  на 10 л Hot Rod French Oak H;132.0000;999;1;2026-06-30 23:05:22;2026-07-01 10:43:46
1694;Т0312;Т0312;Дубові кубики  на 10 л Hot Rod French Oak M;132.0000;999;1;2026-06-30 23:05:23;2026-07-01 10:43:46
1376;Т0314;Т0314;Дубові кубики легкий випал L на 10л;132.0000;999;1;2026-06-30 23:03:05;2026-07-01 10:43:46
1690;Т1011;Т1011;Екстракт дубу 50 мл на 5 л Hot Rod ;165.0000;1;1;2026-06-30 23:01:33;2026-07-01 10:43:46
1700;Т2011;Т2011;Сухий танін 1 г на 5 л Hot Rod;49.0000;0;1;2026-06-30 23:01:33;2026-07-01 10:43:46
1803;ТGH34PL30;ТGH34PL30;Інфрачервоний обігрівач газовий вуличний Heatstrip;35900.0000;999;0;2026-05-05 10:34:03;2026-07-01 10:43:46
906;ТА-288к-4см;ТА-288к-4см;Термометр цифровий короткий 4 см;91.0000;0;1;2026-06-30 23:01:22;2026-07-01 10:43:46
1324;ТЕН3-2;ТЕН3-2;"ТЕН 3 кВт під КЛАМП 2&quot;";925.0000;0;1;2026-06-30 23:01:27;2026-07-01 10:43:46
2039;ТП-10;ТП-10;Трійник пластиковий Y-подібний Ø 10 мм;30.0000;3;1;2026-06-30 23:01:36;2026-07-01 10:43:46
1465745864;ТП-12;ТП-12;Трійник пластиковий Y-подібний Ø 12 мм;30.0000;4;1;2026-06-30 23:01:37;2026-07-01 10:43:46
835;ТР 33;ТР 33;Трубка для розливу пива (з клапаном) 33 см;119.0000;3;1;2026-06-30 23:01:20;2026-07-01 10:43:46
1004;ТР700;ТР700;Кухонний термометр з виносним щупом;360.0000;0;1;2026-06-30 23:01:22;2026-07-01 10:43:46
1213;ТС;ТС;Термометр спиртовий 0-100 С;35.0000;0;1;2026-06-30 23:01:24;2026-07-01 10:43:46
903;УБ;УБ;Ущільнювач гидрозатвору для бутлів, d-52/43мм;89.0000;1;1;2026-06-30 23:01:22;2026-07-01 10:43:46
853;УГЗ;УГЗ;Ущільнювач для гідрозатвора;18.0000;25;1;2026-06-30 23:01:20;2026-07-01 10:43:46
1465745865;Ф-ВС-13;Ф-ВС-13;Фільтр нейлоновий для воронки 13 см;90.0000;0;1;2026-06-30 23:01:37;2026-07-01 10:43:46
1252;Ф-ВС-15;Ф-ВС-15;Фільтр нейлоновий для воронки 15 см;93.0000;0;1;2026-06-30 23:01:25;2026-07-01 10:43:46
1465745860;ФЛП-10 (1/4);ФЛП-10 (1/4);Фітинг латунь ПАПА, 10 мм, різьба 1/4;40.0000;0;1;2026-06-30 23:01:36;2026-07-01 10:43:46
1465745858;ФНП-8 (1/4);ФНП-8 (1/4);Фітинг ПАПА, 8 мм, різьба 1/4 НІКЕЛЬ;45.0000;0;1;2026-06-30 23:01:36;2026-07-01 10:43:46
1035;ЦВП-100;ЦВП-100;Циліндр вимірювальний пластиковий 100 мл;108.0000;3;1;2026-06-30 23:01:23;2026-07-01 10:43:46
871;ЦВП-250;ЦВП-250;Циліндр вимірювальний ПЛАСТИКОВИЙ 250 мл;120.0000;2;1;2026-06-30 23:01:21;2026-07-01 10:43:46
1211;ЦВС-100;ЦВС-100;Циліндр вимірювальний 100 мл (стклянний);85.0000;0;1;2026-06-30 23:01:24;2026-07-01 10:43:46
1465746302;ЦКТ-50;ЦКТ-50;ЦКТ 50 літрів;10989.0000;999;1;2026-06-30 23:06:17;2026-07-01 10:43:46
1465745912;Ш-33;Ш-33;Шкала мірна на відро 33л;35.0000;11;1;2026-06-30 23:01:36;2026-07-01 10:43:46
2037;ШПБ-10х6,5;ШПБ-10х6,5;Шланг поліуретановий 6,5 мм. прозорий;39.0000;13;1;2026-06-30 23:01:36;2026-07-01 10:43:46
2038;ШПЧ-10х6,5;ШПЧ-10х6,5;Шланг поліуретановий 6,5 мм. червоний;33.0000;0;1;2026-06-30 23:01:36;2026-07-01 10:43:46
878;ШС-10х1.5;ШС-10х1.5;Шланг силіконовий 10х1.5 мм;95.0000;7;1;2026-06-30 23:01:21;2026-07-01 10:43:46
1319;ШС-12×1,5;ШС-12×1,5;Шланг силіконовий 12*1,5 мм;97.0000;2;1;2026-06-30 23:01:26;2026-07-01 10:43:46
879;ШС-6х1.5;ШС-6х1.5;Шланг силіконовий 6х1.5 мм;68.0000;2;1;2026-06-30 23:01:21;2026-07-01 10:43:46
1320;ШС-7×1;ШС-7×1;Шланг силіконовий 7*1 мм;67.0000;2;1;2026-06-30 23:01:26;2026-07-01 10:43:46
880;ШС-8х1.5;ШС-8х1.5;Шланг силіконовий харчовий 8*1.5 мм;80.0000;5;1;2026-06-30 23:01:21;2026-07-01 10:43:46
1008;ЩБ;ЩБ;Щітка для миття пляшок 44 см;86.0000;0;1;2026-06-30 23:01:22;2026-07-01 10:43:46
